
                         MODELLER 10.3, 2022/07/08, r12388

     PROTEIN STRUCTURE MODELLING BY SATISFACTION OF SPATIAL RESTRAINTS


                     Copyright(c) 1989-2022 Andrej Sali
                            All Rights Reserved

                             Written by A. Sali
                               with help from
              B. Webb, M.S. Madhusudhan, M-Y. Shen, G.Q. Dong,
          M.A. Marti-Renom, N. Eswar, F. Alber, M. Topf, B. Oliva,
             A. Fiser, R. Sanchez, B. Yerkovich, A. Badretdinov,
                     F. Melo, J.P. Overington, E. Feyfant
                 University of California, San Francisco, USA
                    Rockefeller University, New York, USA
                      Harvard University, Cambridge, USA
                   Imperial Cancer Research Fund, London, UK
              Birkbeck College, University of London, London, UK


Kind, OS, HostName, Kernel, Processor: 4, Linux golem 5.15.0-139-generic x86_64
Date and time of compilation         : 2022/07/08 22:21:48
MODELLER executable type             : x86_64-intel8
Job starting time (YY/MM/DD HH:MM:SS): 2026/04/24 14:23:00

environ____W> The class 'environ' is deprecated; use 'Environ' instead
openf___224_> Open           $(LIB)/restyp.lib
openf___224_> Open           ${MODINSTALL10v3}/modlib/resgrp.lib
rdresgr_266_> Number of residue groups:        2
openf___224_> Open           ${MODINSTALL10v3}/modlib/sstruc.lib

Dynamically allocated memory at   amaxlibraries [B,KiB,MiB]:       191566     187.076     0.183

Dynamically allocated memory at   amaxlibraries [B,KiB,MiB]:       192094     187.592     0.183
openf___224_> Open           ${MODINSTALL10v3}/modlib/resdih.lib

Dynamically allocated memory at   amaxlibraries [B,KiB,MiB]:       240694     235.053     0.230
rdrdih__263_> Number of dihedral angle types         :        9
              Maximal number of dihedral angle optima:        3
              Dihedral angle names                   :  Alph Phi Psi Omeg chi1 chi2 chi3 chi4 chi5
openf___224_> Open           ${MODINSTALL10v3}/modlib/radii.lib

Dynamically allocated memory at   amaxlibraries [B,KiB,MiB]:       253994     248.041     0.242
openf___224_> Open           ${MODINSTALL10v3}/modlib/af_mnchdef.lib
rdwilmo_274_> Mainchain residue conformation classes:  APBLE
openf___224_> Open           ${MODINSTALL10v3}/modlib/mnch.lib
rdclass_257_> Number of classes:        5
openf___224_> Open           ${MODINSTALL10v3}/modlib/mnch1.lib
openf___224_> Open           ${MODINSTALL10v3}/modlib/mnch2.lib
openf___224_> Open           ${MODINSTALL10v3}/modlib/mnch3.lib
openf___224_> Open           ${MODINSTALL10v3}/modlib/xs4.mat
rdrrwgh_268_> Number of residue types:       21
automodel__W> The class 'automodel' is deprecated; use 'AutoModel' instead
openf___224_> Open           5nj8_A_alignment.pir

Dynamically allocated memory at   amaxalignment [B,KiB,MiB]:       265959     259.726     0.254

Dynamically allocated memory at   amaxalignment [B,KiB,MiB]:       267409     261.142     0.255

Dynamically allocated memory at   amaxalignment [B,KiB,MiB]:       270309     263.974     0.258

Dynamically allocated memory at   amaxalignment [B,KiB,MiB]:       276109     269.638     0.263

Dynamically allocated memory at   amaxalignment [B,KiB,MiB]:       405317     395.817     0.387

Dynamically allocated memory at    amaxsequence [B,KiB,MiB]:       405345     395.845     0.387

Dynamically allocated memory at    amaxsequence [B,KiB,MiB]:       405373     395.872     0.387

Dynamically allocated memory at    amaxsequence [B,KiB,MiB]:       405401     395.899     0.387

Dynamically allocated memory at    amaxsequence [B,KiB,MiB]:       405429     395.927     0.387

Dynamically allocated memory at    amaxsequence [B,KiB,MiB]:       406225     396.704     0.387

Dynamically allocated memory at    amaxsequence [B,KiB,MiB]:       406825     397.290     0.388
read_al_374_> Non-standard residue type,position,sequence:  .      198        1
read_al_374_> Non-standard residue type,position,sequence:  .      199        1
read_al_374_> Non-standard residue type,position,sequence:  .      200        1
read_al_374_> Non-standard residue type,position,sequence:  .      201        1
read_al_374_> Non-standard residue type,position,sequence:  .      202        1
read_al_374_> Non-standard residue type,position,sequence:  .      203        1
read_al_374_> Non-standard residue type,position,sequence:  .      204        1
read_al_374_> Non-standard residue type,position,sequence:  .      205        1
read_al_374_> Non-standard residue type,position,sequence:  .      206        1
read_al_374_> Non-standard residue type,position,sequence:  .      207        1
read_al_374_> Non-standard residue type,position,sequence:  .      208        1
read_al_374_> Non-standard residue type,position,sequence:  .      209        1
read_al_374_> Non-standard residue type,position,sequence:  .      210        1
read_al_374_> Non-standard residue type,position,sequence:  .      211        1
read_al_374_> Non-standard residue type,position,sequence:  .      212        1
read_al_374_> Non-standard residue type,position,sequence:  .      213        1
read_al_374_> Non-standard residue type,position,sequence:  .      214        1
read_al_374_> Non-standard residue type,position,sequence:  .      215        1
read_al_374_> Non-standard residue type,position,sequence:  .      216        1
read_al_374_> Non-standard residue type,position,sequence:  .      217        1
read_al_374_> Non-standard residue type,position,sequence:  .      218        1
read_al_374_> Non-standard residue type,position,sequence:  .      219        1
read_al_374_> Non-standard residue type,position,sequence:  .      220        1
read_al_374_> Non-standard residue type,position,sequence:  .      221        1
read_al_374_> Non-standard residue type,position,sequence:  .      198        2
read_al_374_> Non-standard residue type,position,sequence:  .      199        2
read_al_374_> Non-standard residue type,position,sequence:  .      200        2
read_al_374_> Non-standard residue type,position,sequence:  .      201        2
read_al_374_> Non-standard residue type,position,sequence:  .      202        2
read_al_374_> Non-standard residue type,position,sequence:  .      203        2
read_al_374_> Non-standard residue type,position,sequence:  .      204        2
read_al_374_> Non-standard residue type,position,sequence:  .      205        2
read_al_374_> Non-standard residue type,position,sequence:  .      206        2
read_al_374_> Non-standard residue type,position,sequence:  .      207        2
read_al_374_> Non-standard residue type,position,sequence:  .      208        2
read_al_374_> Non-standard residue type,position,sequence:  .      209        2
read_al_374_> Non-standard residue type,position,sequence:  .      210        2
read_al_374_> Non-standard residue type,position,sequence:  .      211        2
read_al_374_> Non-standard residue type,position,sequence:  .      212        2
read_al_374_> Non-standard residue type,position,sequence:  .      213        2
read_al_374_> Non-standard residue type,position,sequence:  .      214        2
read_al_374_> Non-standard residue type,position,sequence:  .      215        2
read_al_374_> Non-standard residue type,position,sequence:  .      216        2
read_al_374_> Non-standard residue type,position,sequence:  .      217        2
read_al_374_> Non-standard residue type,position,sequence:  .      218        2
read_al_374_> Non-standard residue type,position,sequence:  .      219        2
read_al_374_> Non-standard residue type,position,sequence:  .      220        2
read_al_374_> Non-standard residue type,position,sequence:  .      221        2

Read the alignment from file       : 5nj8_A_alignment.pir

Total number of alignment positions:   221

  #  Code        #_Res #_Segm PDB_code    Name
-------------------------------------------------------------------------------
  1       5nj8     200      3        5nj8
  2      query     151      3       query
check_a_343_> >> BEGINNING OF COMMAND
openf___224_> Open           5nj8.pdb

Dynamically allocated memory at amaxcoordinates [B,KiB,MiB]:       468550     457.568     0.447

Dynamically allocated memory at    amaxsequence [B,KiB,MiB]:       468550     457.568     0.447

Dynamically allocated memory at amaxcoordinates [B,KiB,MiB]:       468721     457.735     0.447

Dynamically allocated memory at amaxcoordinates [B,KiB,MiB]:       469571     458.565     0.448

Dynamically allocated memory at amaxcoordinates [B,KiB,MiB]:       470829     459.794     0.449

Dynamically allocated memory at amaxcoordinates [B,KiB,MiB]:       472733     461.653     0.451

Dynamically allocated memory at    amaxsequence [B,KiB,MiB]:       472733     461.653     0.451

Dynamically allocated memory at amaxcoordinates [B,KiB,MiB]:       472823     461.741     0.451

Dynamically allocated memory at amaxcoordinates [B,KiB,MiB]:       475679     464.530     0.454

Dynamically allocated memory at    amaxsequence [B,KiB,MiB]:       475679     464.530     0.454

Dynamically allocated memory at amaxcoordinates [B,KiB,MiB]:       475814     464.662     0.454

Dynamically allocated memory at amaxcoordinates [B,KiB,MiB]:       480098     468.846     0.458

Dynamically allocated memory at    amaxsequence [B,KiB,MiB]:       480098     468.846     0.458

Dynamically allocated memory at amaxcoordinates [B,KiB,MiB]:       480296     469.039     0.458

Dynamically allocated memory at amaxcoordinates [B,KiB,MiB]:       486722     475.314     0.464

Dynamically allocated memory at    amaxsequence [B,KiB,MiB]:       486722     475.314     0.464

Dynamically allocated memory at amaxcoordinates [B,KiB,MiB]:       487019     475.604     0.464

Dynamically allocated memory at amaxcoordinates [B,KiB,MiB]:       496641     485.001     0.474

Dynamically allocated memory at    amaxsequence [B,KiB,MiB]:       496641     485.001     0.474

Dynamically allocated memory at amaxcoordinates [B,KiB,MiB]:       497091     485.440     0.474

Dynamically allocated memory at amaxcoordinates [B,KiB,MiB]:       511541     499.552     0.488

Dynamically allocated memory at    amaxsequence [B,KiB,MiB]:       511541     499.552     0.488

Dynamically allocated memory at amaxcoordinates [B,KiB,MiB]:       512216     500.211     0.488

Dynamically allocated memory at amaxcoordinates [B,KiB,MiB]:       533874     521.361     0.509

Dynamically allocated memory at    amaxsequence [B,KiB,MiB]:       533874     521.361     0.509

Dynamically allocated memory at amaxcoordinates [B,KiB,MiB]:       533874     521.361     0.509

Dynamically allocated memory at   amaxstructure [B,KiB,MiB]:       533649     521.142     0.509
replace_706W> BLK ('.') residue type in alignment will force 'AutoModel'
              model building to treat residue type  DGUA as a rigid body,
              even though topology information appears to be at least
              partially available. To treat this residue flexibly
              instead, use 1-letter code ' l' in the alignment.
replace_706W> BLK ('.') residue type in alignment will force 'AutoModel'
              model building to treat residue type  DGUA as a rigid body,
              even though topology information appears to be at least
              partially available. To treat this residue flexibly
              instead, use 1-letter code ' l' in the alignment.
replace_706W> BLK ('.') residue type in alignment will force 'AutoModel'
              model building to treat residue type  DTHY as a rigid body,
              even though topology information appears to be at least
              partially available. To treat this residue flexibly
              instead, use 1-letter code ' t' in the alignment.
replace_706W> BLK ('.') residue type in alignment will force 'AutoModel'
              model building to treat residue type  DCYT as a rigid body,
              even though topology information appears to be at least
              partially available. To treat this residue flexibly
              instead, use 1-letter code ' j' in the alignment.
replace_706W> BLK ('.') residue type in alignment will force 'AutoModel'
              model building to treat residue type  DADE as a rigid body,
              even though topology information appears to be at least
              partially available. To treat this residue flexibly
              instead, use 1-letter code ' e' in the alignment.
replace_706W> BLK ('.') residue type in alignment will force 'AutoModel'
              model building to treat residue type  DCYT as a rigid body,
              even though topology information appears to be at least
              partially available. To treat this residue flexibly
              instead, use 1-letter code ' j' in the alignment.
replace_706W> BLK ('.') residue type in alignment will force 'AutoModel'
              model building to treat residue type  DGUA as a rigid body,
              even though topology information appears to be at least
              partially available. To treat this residue flexibly
              instead, use 1-letter code ' l' in the alignment.
replace_706W> BLK ('.') residue type in alignment will force 'AutoModel'
              model building to treat residue type  DCYT as a rigid body,
              even though topology information appears to be at least
              partially available. To treat this residue flexibly
              instead, use 1-letter code ' j' in the alignment.
replace_706W> BLK ('.') residue type in alignment will force 'AutoModel'
              model building to treat residue type  DADE as a rigid body,
              even though topology information appears to be at least
              partially available. To treat this residue flexibly
              instead, use 1-letter code ' e' in the alignment.
replace_706W> BLK ('.') residue type in alignment will force 'AutoModel'
              model building to treat residue type  DADE as a rigid body,
              even though topology information appears to be at least
              partially available. To treat this residue flexibly
              instead, use 1-letter code ' e' in the alignment.
replace_706W> BLK ('.') residue type in alignment will force 'AutoModel'
              model building to treat residue type  DCYT as a rigid body,
              even though topology information appears to be at least
              partially available. To treat this residue flexibly
              instead, use 1-letter code ' j' in the alignment.
replace_706W> BLK ('.') residue type in alignment will force 'AutoModel'
              model building to treat residue type  DCYT as a rigid body,
              even though topology information appears to be at least
              partially available. To treat this residue flexibly
              instead, use 1-letter code ' j' in the alignment.
replace_706W> BLK ('.') residue type in alignment will force 'AutoModel'
              model building to treat residue type  DGUA as a rigid body,
              even though topology information appears to be at least
              partially available. To treat this residue flexibly
              instead, use 1-letter code ' l' in the alignment.
replace_706W> BLK ('.') residue type in alignment will force 'AutoModel'
              model building to treat residue type  DGUA as a rigid body,
              even though topology information appears to be at least
              partially available. To treat this residue flexibly
              instead, use 1-letter code ' l' in the alignment.
replace_706W> BLK ('.') residue type in alignment will force 'AutoModel'
              model building to treat residue type  DTHY as a rigid body,
              even though topology information appears to be at least
              partially available. To treat this residue flexibly
              instead, use 1-letter code ' t' in the alignment.
replace_706W> BLK ('.') residue type in alignment will force 'AutoModel'
              model building to treat residue type  DTHY as a rigid body,
              even though topology information appears to be at least
              partially available. To treat this residue flexibly
              instead, use 1-letter code ' t' in the alignment.
replace_706W> BLK ('.') residue type in alignment will force 'AutoModel'
              model building to treat residue type  DGUA as a rigid body,
              even though topology information appears to be at least
              partially available. To treat this residue flexibly
              instead, use 1-letter code ' l' in the alignment.
replace_706W> BLK ('.') residue type in alignment will force 'AutoModel'
              model building to treat residue type  DCYT as a rigid body,
              even though topology information appears to be at least
              partially available. To treat this residue flexibly
              instead, use 1-letter code ' j' in the alignment.
replace_706W> BLK ('.') residue type in alignment will force 'AutoModel'
              model building to treat residue type  DGUA as a rigid body,
              even though topology information appears to be at least
              partially available. To treat this residue flexibly
              instead, use 1-letter code ' l' in the alignment.
replace_706W> BLK ('.') residue type in alignment will force 'AutoModel'
              model building to treat residue type  DTHY as a rigid body,
              even though topology information appears to be at least
              partially available. To treat this residue flexibly
              instead, use 1-letter code ' t' in the alignment.
replace_706W> BLK ('.') residue type in alignment will force 'AutoModel'
              model building to treat residue type  DGUA as a rigid body,
              even though topology information appears to be at least
              partially available. To treat this residue flexibly
              instead, use 1-letter code ' l' in the alignment.
replace_706W> BLK ('.') residue type in alignment will force 'AutoModel'
              model building to treat residue type  DADE as a rigid body,
              even though topology information appears to be at least
              partially available. To treat this residue flexibly
              instead, use 1-letter code ' e' in the alignment.
replace_706W> BLK ('.') residue type in alignment will force 'AutoModel'
              model building to treat residue type  DCYT as a rigid body,
              even though topology information appears to be at least
              partially available. To treat this residue flexibly
              instead, use 1-letter code ' j' in the alignment.
replace_706W> BLK ('.') residue type in alignment will force 'AutoModel'
              model building to treat residue type  DCYT as a rigid body,
              even though topology information appears to be at least
              partially available. To treat this residue flexibly
              instead, use 1-letter code ' j' in the alignment.
fndatmi_285W> Only      176 residues out of      200 contain atoms of type  CA
              (This is usually caused by non-standard residues, such
              as ligands, or by PDB files with missing atoms.)
fndatmi_285W> Only      176 residues out of      200 contain atoms of type  CA
              (This is usually caused by non-standard residues, such
              as ligands, or by PDB files with missing atoms.)

check_ali___> Checking the sequence-structure alignment. 

Implied intrachain target CA(i)-CA(i+1) distances longer than  8.0 angstroms:

ALN_POS  TMPL  RID1  RID2  NAM1  NAM2     DIST
----------------------------------------------
     46     1   46    54      T     L   11.704
     79     1   79    85      L     I   10.716
END OF TABLE
check_a_344_> << END OF COMMAND
openf___224_> Open           5nj8_A_alignment.pir
read_al_374_> Non-standard residue type,position,sequence:  .      177        1
read_al_374_> Non-standard residue type,position,sequence:  .      178        1
read_al_374_> Non-standard residue type,position,sequence:  .      179        1
read_al_374_> Non-standard residue type,position,sequence:  .      180        1
read_al_374_> Non-standard residue type,position,sequence:  .      181        1
read_al_374_> Non-standard residue type,position,sequence:  .      182        1
read_al_374_> Non-standard residue type,position,sequence:  .      183        1
read_al_374_> Non-standard residue type,position,sequence:  .      184        1
read_al_374_> Non-standard residue type,position,sequence:  .      185        1
read_al_374_> Non-standard residue type,position,sequence:  .      186        1
read_al_374_> Non-standard residue type,position,sequence:  .      187        1
read_al_374_> Non-standard residue type,position,sequence:  .      188        1
read_al_374_> Non-standard residue type,position,sequence:  .      189        1
read_al_374_> Non-standard residue type,position,sequence:  .      190        1
read_al_374_> Non-standard residue type,position,sequence:  .      191        1
read_al_374_> Non-standard residue type,position,sequence:  .      192        1
read_al_374_> Non-standard residue type,position,sequence:  .      193        1
read_al_374_> Non-standard residue type,position,sequence:  .      194        1
read_al_374_> Non-standard residue type,position,sequence:  .      195        1
read_al_374_> Non-standard residue type,position,sequence:  .      196        1
read_al_374_> Non-standard residue type,position,sequence:  .      197        1
read_al_374_> Non-standard residue type,position,sequence:  .      198        1
read_al_374_> Non-standard residue type,position,sequence:  .      199        1
read_al_374_> Non-standard residue type,position,sequence:  .      200        1

Read the alignment from file       : 5nj8_A_alignment.pir

Total number of alignment positions:   200

  #  Code        #_Res #_Segm PDB_code    Name
-------------------------------------------------------------------------------
  1       5nj8     200      3        5nj8
malign3_327W> Only one structure; nothing done.
openf___224_> Open           5nj8_A_alignment.pir
read_al_374_> Non-standard residue type,position,sequence:  .      198        1
read_al_374_> Non-standard residue type,position,sequence:  .      199        1
read_al_374_> Non-standard residue type,position,sequence:  .      200        1
read_al_374_> Non-standard residue type,position,sequence:  .      201        1
read_al_374_> Non-standard residue type,position,sequence:  .      202        1
read_al_374_> Non-standard residue type,position,sequence:  .      203        1
read_al_374_> Non-standard residue type,position,sequence:  .      204        1
read_al_374_> Non-standard residue type,position,sequence:  .      205        1
read_al_374_> Non-standard residue type,position,sequence:  .      206        1
read_al_374_> Non-standard residue type,position,sequence:  .      207        1
read_al_374_> Non-standard residue type,position,sequence:  .      208        1
read_al_374_> Non-standard residue type,position,sequence:  .      209        1
read_al_374_> Non-standard residue type,position,sequence:  .      210        1
read_al_374_> Non-standard residue type,position,sequence:  .      211        1
read_al_374_> Non-standard residue type,position,sequence:  .      212        1
read_al_374_> Non-standard residue type,position,sequence:  .      213        1
read_al_374_> Non-standard residue type,position,sequence:  .      214        1
read_al_374_> Non-standard residue type,position,sequence:  .      215        1
read_al_374_> Non-standard residue type,position,sequence:  .      216        1
read_al_374_> Non-standard residue type,position,sequence:  .      217        1
read_al_374_> Non-standard residue type,position,sequence:  .      218        1
read_al_374_> Non-standard residue type,position,sequence:  .      219        1
read_al_374_> Non-standard residue type,position,sequence:  .      220        1
read_al_374_> Non-standard residue type,position,sequence:  .      221        1
read_al_374_> Non-standard residue type,position,sequence:  .      198        2
read_al_374_> Non-standard residue type,position,sequence:  .      199        2
read_al_374_> Non-standard residue type,position,sequence:  .      200        2
read_al_374_> Non-standard residue type,position,sequence:  .      201        2
read_al_374_> Non-standard residue type,position,sequence:  .      202        2
read_al_374_> Non-standard residue type,position,sequence:  .      203        2
read_al_374_> Non-standard residue type,position,sequence:  .      204        2
read_al_374_> Non-standard residue type,position,sequence:  .      205        2
read_al_374_> Non-standard residue type,position,sequence:  .      206        2
read_al_374_> Non-standard residue type,position,sequence:  .      207        2
read_al_374_> Non-standard residue type,position,sequence:  .      208        2
read_al_374_> Non-standard residue type,position,sequence:  .      209        2
read_al_374_> Non-standard residue type,position,sequence:  .      210        2
read_al_374_> Non-standard residue type,position,sequence:  .      211        2
read_al_374_> Non-standard residue type,position,sequence:  .      212        2
read_al_374_> Non-standard residue type,position,sequence:  .      213        2
read_al_374_> Non-standard residue type,position,sequence:  .      214        2
read_al_374_> Non-standard residue type,position,sequence:  .      215        2
read_al_374_> Non-standard residue type,position,sequence:  .      216        2
read_al_374_> Non-standard residue type,position,sequence:  .      217        2
read_al_374_> Non-standard residue type,position,sequence:  .      218        2
read_al_374_> Non-standard residue type,position,sequence:  .      219        2
read_al_374_> Non-standard residue type,position,sequence:  .      220        2
read_al_374_> Non-standard residue type,position,sequence:  .      221        2

Read the alignment from file       : 5nj8_A_alignment.pir

Total number of alignment positions:   221

  #  Code        #_Res #_Segm PDB_code    Name
-------------------------------------------------------------------------------
  1       5nj8     200      3        5nj8
  2      query     151      3       query
openf___224_> Open           ${LIB}/top_heav.lib
read_to_681_> topology.submodel read from topology file:        3
openf___224_> Open           ${LIB}/par.lib

Dynamically allocated memory at  amaxparameters [B,KiB,MiB]:       672901     657.130     0.642

Dynamically allocated memory at  amaxparameters [B,KiB,MiB]:       674501     658.692     0.643

Dynamically allocated memory at  amaxparameters [B,KiB,MiB]:       678481     662.579     0.647

Dynamically allocated memory at  amaxparameters [B,KiB,MiB]:       680481     664.532     0.649

Dynamically allocated memory at  amaxparameters [B,KiB,MiB]:       683481     667.462     0.652

Dynamically allocated memory at  amaxparameters [B,KiB,MiB]:       687981     671.856     0.656

Dynamically allocated memory at  amaxparameters [B,KiB,MiB]:       693553     677.298     0.661

Dynamically allocated memory at  amaxparameters [B,KiB,MiB]:       696353     680.032     0.664

Dynamically allocated memory at  amaxparameters [B,KiB,MiB]:       700553     684.134     0.668

Dynamically allocated memory at  amaxparameters [B,KiB,MiB]:       706853     690.286     0.674

Dynamically allocated memory at  amaxparameters [B,KiB,MiB]:       709625     692.993     0.677

Dynamically allocated memory at  amaxparameters [B,KiB,MiB]:       711025     694.360     0.678
read_pa_232_> parameters    BONDS   ANGLS  DIHEDS IMPROPS    MODE
                              227     561     661     112       0

Dynamically allocated memory at       amaxmodel [B,KiB,MiB]:       730807     713.679     0.697

Dynamically allocated memory at       amaxmodel [B,KiB,MiB]:       832825     813.306     0.794

Dynamically allocated memory at       amaxmodel [B,KiB,MiB]:       847921     828.048     0.809

mkilst______> segment topology constructed from sequence and RTF:
              segments residues  atoms  bonds angles dihedrals impropers:
                     1      127   1022   1039      0         0       424

Dynamically allocated memory at       amaxmodel [B,KiB,MiB]:       890709     869.833     0.849

patch_______> segment topology patched using RTF:  1 ;  LYS  ;  NTER
              segments residues  atoms  bonds angles dihedrals impropers:
                     1      127   1022   1039   1396      1629       424


Dynamically allocated memory at       amaxmodel [B,KiB,MiB]:       935205     913.286     0.892
patch_______> segment topology patched using RTF:  127 ;  LEU  ;  CTER
              segments residues  atoms  bonds angles dihedrals impropers:
                     1      127   1023   1040   1398      1631       425

genseg______> segment topology constructed from sequence and RTF:
              segments residues  atoms  bonds angles dihedrals impropers:
                     1      127   1023   1040   1398      1631       425

Dynamically allocated memory at    amaxsequence [B,KiB,MiB]:       935233     913.313     0.892

Dynamically allocated memory at       amaxmodel [B,KiB,MiB]:       937117     915.153     0.894

Dynamically allocated memory at       amaxmodel [B,KiB,MiB]:       939175     917.163     0.896

Dynamically allocated memory at       amaxmodel [B,KiB,MiB]:       941135     919.077     0.898

Dynamically allocated memory at       amaxmodel [B,KiB,MiB]:       943095     920.991     0.899

Dynamically allocated memory at       amaxmodel [B,KiB,MiB]:       945153     923.001     0.901

Dynamically allocated memory at       amaxmodel [B,KiB,MiB]:       947211     925.011     0.903

Dynamically allocated memory at       amaxmodel [B,KiB,MiB]:       949269     927.021     0.905

Dynamically allocated memory at       amaxmodel [B,KiB,MiB]:       951327     929.030     0.907

Dynamically allocated memory at       amaxmodel [B,KiB,MiB]:       953385     931.040     0.909

Dynamically allocated memory at       amaxmodel [B,KiB,MiB]:       955443     933.050     0.911

Dynamically allocated memory at       amaxmodel [B,KiB,MiB]:       957501     935.060     0.913

Dynamically allocated memory at       amaxmodel [B,KiB,MiB]:       959559     937.069     0.915

mkilst______> segment topology constructed from sequence and RTF:
              segments residues  atoms  bonds angles dihedrals impropers:
                     2      139   1263   1040   1398      1631       425

genseg______> segment topology constructed from sequence and RTF:
              segments residues  atoms  bonds angles dihedrals impropers:
                     2      139   1263   1040   1398      1631       425

Dynamically allocated memory at    amaxsequence [B,KiB,MiB]:       959587     937.097     0.915

Dynamically allocated memory at       amaxmodel [B,KiB,MiB]:       961471     938.937     0.917

Dynamically allocated memory at       amaxmodel [B,KiB,MiB]:       963529     940.946     0.919

Dynamically allocated memory at       amaxmodel [B,KiB,MiB]:       965587     942.956     0.921

Dynamically allocated memory at       amaxmodel [B,KiB,MiB]:       967645     944.966     0.923

Dynamically allocated memory at       amaxmodel [B,KiB,MiB]:       969703     946.976     0.925

Dynamically allocated memory at       amaxmodel [B,KiB,MiB]:       971761     948.985     0.927

Dynamically allocated memory at       amaxmodel [B,KiB,MiB]:       973819     950.995     0.929

Dynamically allocated memory at       amaxmodel [B,KiB,MiB]:       975877     953.005     0.931

Dynamically allocated memory at       amaxmodel [B,KiB,MiB]:       977935     955.015     0.933

Dynamically allocated memory at       amaxmodel [B,KiB,MiB]:       979993     957.024     0.935

Dynamically allocated memory at       amaxmodel [B,KiB,MiB]:       982051     959.034     0.937

Dynamically allocated memory at       amaxmodel [B,KiB,MiB]:       984109     961.044     0.939

Dynamically allocated memory at       amaxmodel [B,KiB,MiB]:       986167     963.054     0.940

mkilst______> segment topology constructed from sequence and RTF:
              segments residues  atoms  bonds angles dihedrals impropers:
                     3      151   1507   1040   1398      1631       425

genseg______> segment topology constructed from sequence and RTF:
              segments residues  atoms  bonds angles dihedrals impropers:
                     3      151   1507   1040   1398      1631       425
fndatmi_285W> Only      176 residues out of      200 contain atoms of type  CA
              (This is usually caused by non-standard residues, such
              as ligands, or by PDB files with missing atoms.)
transfe_506_> MODEL is an average of all templates.
transfe_511_> Number of templates for coordinate transfer:        1
              After transferring coordinates of the equivalent template atoms,
              there are defined, undefined atoms in MODEL:     1188      319
openf___224_> Open           query.ini
wrpdb___568_> Residues, atoms, selected atoms:      151     1507     1507
make_re_417_> Restraint type to be calculated:  stereo

Dynamically allocated memory at  amaxrestraints [B,KiB,MiB]:      1093616    1067.984     1.043

Dynamically allocated memory at  amaxrestraints [B,KiB,MiB]:      1101808    1075.984     1.051

Dynamically allocated memory at  amaxrestraints [B,KiB,MiB]:      1118192    1091.984     1.066

Dynamically allocated memory at  amaxrestraints [B,KiB,MiB]:      1150960    1123.984     1.098

Dynamically allocated memory at  amaxrestraints [B,KiB,MiB]:      1183728    1155.984     1.129

Dynamically allocated memory at  amaxrestraints [B,KiB,MiB]:      1249264    1219.984     1.191

Dynamically allocated memory at  amaxrestraints [B,KiB,MiB]:      1282032    1251.984     1.223

Dynamically allocated memory at  amaxrestraints [B,KiB,MiB]:      1314800    1283.984     1.254

Dynamically allocated memory at  amaxrestraints [B,KiB,MiB]:      1380336    1347.984     1.316
r_stere_606_> Stereochemical restraints were constructed from RTF & PRMF.
              Added bond,angle,dihedral,improper restraints  :     1040    1398    1537     421
              Total number of restraints before, now         :        0     4396
make_re_422_> Number of previous, current restraints         :        0     4396
make_re_423_> Number of previous, current selected restraints:        0     4396
make_re_417_> Restraint type to be calculated:  phi-psi_binormal

Dynamically allocated memory at   amaxstructure [B,KiB,MiB]:      1477268    1442.645     1.409
openf___224_> Open           ${MODINSTALL10v3}/modlib/mnch1.bin
openf___224_> Open           ${MODINSTALL10v3}/modlib/mnch1.mdt
errdih__638_> Missing atoms in a dihedral, residue index, residue type:        1      175  PRO
errdih__638_> Missing atoms in a dihedral, residue index, residue type:        1      176  LEU
errdih__638_> Missing atoms in a dihedral, residue index, residue type:        3      176  LEU
errdih__638_> Missing atoms in a dihedral, residue index, residue type:        4      176  LEU
errdih__638_> Missing atoms in a dihedral, residue index, residue type:        5       38  ARG
errdih__638_> Missing atoms in a dihedral, residue index, residue type:        5       55  LYS
errdih__638_> Missing atoms in a dihedral, residue index, residue type:        5       79  ASP
errdih__638_> Missing atoms in a dihedral, residue index, residue type:        5      126  GLU
errdih__638_> Missing atoms in a dihedral, residue index, residue type:        5      144  ASP
errdih__638_> Missing atoms in a dihedral, residue index, residue type:        5      163  GLN
errdih__638_> Missing atoms in a dihedral, residue index, residue type:        5      164  LYS
errdih__638_> Missing atoms in a dihedral, residue index, residue type:        6       38  ARG
errdih__638_> Missing atoms in a dihedral, residue index, residue type:        6       55  LYS
errdih__638_> Missing atoms in a dihedral, residue index, residue type:        6       79  ASP
errdih__638_> Missing atoms in a dihedral, residue index, residue type:        6      126  GLU
errdih__638_> Missing atoms in a dihedral, residue index, residue type:        6      144  ASP
errdih__638_> Missing atoms in a dihedral, residue index, residue type:        6      163  GLN
errdih__638_> Missing atoms in a dihedral, residue index, residue type:        6      164  LYS
errdih__638_> Missing atoms in a dihedral, residue index, residue type:        7       38  ARG
errdih__638_> Missing atoms in a dihedral, residue index, residue type:        7       55  LYS
errdih__638_> Missing atoms in a dihedral, residue index, residue type:        7      126  GLU
errdih__638_> Missing atoms in a dihedral, residue index, residue type:        7      163  GLN
errdih__638_> Missing atoms in a dihedral, residue index, residue type:        7      164  LYS
errdih__638_> Missing atoms in a dihedral, residue index, residue type:        8       38  ARG
errdih__638_> Missing atoms in a dihedral, residue index, residue type:        8       55  LYS
errdih__638_> Missing atoms in a dihedral, residue index, residue type:        8      164  LYS
getdata_643_> Protein accepted:  5nj8
getdata_289_> Proteins (all/accepted):        1        1
make_re_422_> Number of previous, current restraints         :     4396     4521
make_re_423_> Number of previous, current selected restraints:     4396     4521
make_re_417_> Restraint type to be calculated:  omega_dihedral

Dynamically allocated memory at   amaxstructure [B,KiB,MiB]:      1477284    1442.660     1.409
openf___224_> Open           ${MODINSTALL10v3}/modlib/omega.bin
openf___224_> Open           ${MODINSTALL10v3}/modlib/omega.mdt
getdata_643_> Protein accepted:  5nj8
getdata_289_> Proteins (all/accepted):        1        1
omgdel__425_> Unselected all O C +N +CA dihedrals:      130
              (This is to avoid clashes between STEREO
              and OMEGA_DIHEDRAL restraints)

Dynamically allocated memory at  amaxrestraints [B,KiB,MiB]:      1608356    1570.660     1.534
make_re_422_> Number of previous, current restraints         :     4521     4647
make_re_423_> Number of previous, current selected restraints:     4521     4517
make_re_417_> Restraint type to be calculated:  chi1_dihedral

Dynamically allocated memory at   amaxstructure [B,KiB,MiB]:      1608356    1570.660     1.534
openf___224_> Open           ${MODINSTALL10v3}/modlib/chi1234.bin
openf___224_> Open           ${MODINSTALL10v3}/modlib/chi1.mdt
getdata_643_> Protein accepted:  5nj8
getdata_289_> Proteins (all/accepted):        1        1

Dynamically allocated memory at  amaxrestraints [B,KiB,MiB]:      1673892    1634.660     1.596
make_re_422_> Number of previous, current restraints         :     4647     4761
make_re_423_> Number of previous, current selected restraints:     4517     4631
make_re_417_> Restraint type to be calculated:  chi2_dihedral

Dynamically allocated memory at   amaxstructure [B,KiB,MiB]:      1673892    1634.660     1.596
openf___224_> Open           ${MODINSTALL10v3}/modlib/chi1234.bin
openf___224_> Open           ${MODINSTALL10v3}/modlib/chi2.mdt
getdata_643_> Protein accepted:  5nj8
getdata_289_> Proteins (all/accepted):        1        1

Dynamically allocated memory at  amaxrestraints [B,KiB,MiB]:      1739428    1698.660     1.659
make_re_422_> Number of previous, current restraints         :     4761     4851
make_re_423_> Number of previous, current selected restraints:     4631     4721
make_re_417_> Restraint type to be calculated:  chi3_dihedral

Dynamically allocated memory at   amaxstructure [B,KiB,MiB]:      1739428    1698.660     1.659
openf___224_> Open           ${MODINSTALL10v3}/modlib/chi1234.bin
openf___224_> Open           ${MODINSTALL10v3}/modlib/chi3.mdt
getdata_643_> Protein accepted:  5nj8
getdata_289_> Proteins (all/accepted):        1        1
make_re_422_> Number of previous, current restraints         :     4851     4888
make_re_423_> Number of previous, current selected restraints:     4721     4758
make_re_417_> Restraint type to be calculated:  chi4_dihedral

Dynamically allocated memory at   amaxstructure [B,KiB,MiB]:      1739428    1698.660     1.659
openf___224_> Open           ${MODINSTALL10v3}/modlib/chi1234.bin
openf___224_> Open           ${MODINSTALL10v3}/modlib/chi4.mdt
mdtrsr__446W> A potential that relies on one protein is used, yet you have at
              least one known structure available. MDT, not library, potential is used.
getdata_643_> Protein accepted:  5nj8
getdata_289_> Proteins (all/accepted):        1        1
make_re_422_> Number of previous, current restraints         :     4888     4908
make_re_423_> Number of previous, current selected restraints:     4758     4778
make_re_417_> Restraint type to be calculated:  DISTANCE

Dynamically allocated memory at amaxhash_contac [B,KiB,MiB]:      2173408    2122.469     2.073
iup2crm_280W> No topology library in memory or assigning a BLK residue.
              Default CHARMM atom type assigned:  C5' -->  CT2
              This message is written only for the first such atom.
make_re_422_> Number of previous, current restraints         :     4908     6243
make_re_423_> Number of previous, current selected restraints:     4778     6113
make_re_417_> Restraint type to be calculated:  DISTANCE
make_re_422_> Number of previous, current restraints         :     6243     7736
make_re_423_> Number of previous, current selected restraints:     6113     7606
make_re_417_> Restraint type to be calculated:  DISTANCE

Dynamically allocated memory at  amaxrestraints [B,KiB,MiB]:      2304480    2250.469     2.198
make_re_422_> Number of previous, current restraints         :     7736     8896
make_re_423_> Number of previous, current selected restraints:     7606     8766
make_re_417_> Restraint type to be calculated:  DISTANCE
make_re_422_> Number of previous, current restraints         :     8896     9069
make_re_423_> Number of previous, current selected restraints:     8766     8939
484 atoms in HETATM/BLK residues constrained
to protein atoms within 2.30 angstroms
and protein CA atoms within 10.00 angstroms
make_re_417_> Restraint type to be calculated:  DISTANCE
make_re_422_> Number of previous, current restraints         :     9069     9070
make_re_423_> Number of previous, current selected restraints:     8939     8940
make_re_417_> Restraint type to be calculated:  DISTANCE

Dynamically allocated memory at  amaxrestraints [B,KiB,MiB]:      2566624    2506.469     2.448

Dynamically allocated memory at  amaxrestraints [B,KiB,MiB]:      2697696    2634.469     2.573
make_re_422_> Number of previous, current restraints         :     9070     9387
make_re_423_> Number of previous, current selected restraints:     8940     9257
make_re_417_> Restraint type to be calculated:  DISTANCE

Dynamically allocated memory at  amaxrestraints [B,KiB,MiB]:      2697848    2634.617     2.573

Dynamically allocated memory at  amaxrestraints [B,KiB,MiB]:      2697928    2634.695     2.573
make_re_422_> Number of previous, current restraints         :     9387     9409
make_re_423_> Number of previous, current selected restraints:     9257     9279
make_re_417_> Restraint type to be calculated:  DISTANCE

Dynamically allocated memory at  amaxrestraints [B,KiB,MiB]:      2829000    2762.695     2.698

Dynamically allocated memory at  amaxrestraints [B,KiB,MiB]:      3091144    3018.695     2.948
make_re_422_> Number of previous, current restraints         :     9409    16967
make_re_423_> Number of previous, current selected restraints:     9279    16837
484 atoms in residues without defined topology
constrained to be rigid bodies
make_re_417_> Restraint type to be calculated:  DISTANCE

Dynamically allocated memory at  amaxrestraints [B,KiB,MiB]:      3615432    3530.695     3.448

Dynamically allocated memory at  amaxrestraints [B,KiB,MiB]:      3877576    3786.695     3.698
make_re_422_> Number of previous, current restraints         :    16967    26197
make_re_423_> Number of previous, current selected restraints:    16837    26067
rmdupl__427_>      782 redundant cosine dihedral restraints were unselected.
condens_443_> Restraints marked for deletion were removed.
              Total number of restraints before, now:    26197    25285
openf___224_> Open           query.rsr
openf___224_> Open           query.rsr

Dynamically allocated memory at  amaxrestraints [B,KiB,MiB]:      4033843    3939.300     3.847
rdcsr2__307_> Number of restraints read    :    25285
              Number of excluded pairs read:       23
              Number of pseudo atoms read  :        0
rdcsrs__304_> Restraints in memory, selected restraints:    25285    25285
              Explicitly excluded atom pairs in memory :       23
              Pseudo atoms in memory                   :        0
openf___224_> Open           query.ini

Dynamically allocated memory at       amaxmodel [B,KiB,MiB]:      4033875    3939.331     3.847
read_mo_297_> Segments, residues, atoms:        3      151     1507
read_mo_298_> Segment:        1  1:A  127:A     1023
read_mo_298_> Segment:        2  128:B  139:B      240
read_mo_298_> Segment:        3  140:C  151:C      244
randomi_498_> Atoms,selected atoms,random_seed,amplitude:     1507     1023        1        4.0000
randomi_496_> Amplitude is > 0; randomization is done.
pick_re_612_> Number of MODEL atoms, selected restraints;     1507    20465
pick_re_612_> Number of MODEL atoms, selected restraints;     1507    21199
pick_re_612_> Number of MODEL atoms, selected restraints;     1507    21714
pick_re_612_> Number of MODEL atoms, selected restraints;     1507    22434
pick_re_612_> Number of MODEL atoms, selected restraints;     1507    23861
pick_re_612_> Number of MODEL atoms, selected restraints;     1507    24495
pick_re_612_> Number of MODEL atoms, selected restraints;     1507    24661

Dynamically allocated memory at  amaxrestraints [B,KiB,MiB]:      4362615    4260.366     4.161
pick_re_612_> Number of MODEL atoms, selected restraints;     1507    24918
pick_re_612_> Number of MODEL atoms, selected restraints;     1507    25069
pick_re_612_> Number of MODEL atoms, selected restraints;     1507    25285
iupac_m_487_> NH1/2 swapped:      176.3249        2  2
iupac_m_487_> NH1/2 swapped:     -179.8765       26  26
iupac_m_487_> NH1/2 swapped:      179.5062       35  35
iupac_m_487_> NH1/2 swapped:     -179.6591       45  45
iupac_m_485_> OD1/2 will be swapped:      148.3184       64  64
iupac_m_486_> OE1/2 will be swapped:     -172.4979       65  65
iupac_m_485_> OD1/2 will be swapped:      177.9256       84  84
iupac_m_487_> NH1/2 swapped:     -178.2108       85  85
iupac_m_486_> OE1/2 will be swapped:     -178.4498       93  93
iupac_m_485_> OD1/2 will be swapped:      169.7111      113  113
openf___224_> Open           ${LIB}/atmcls-mf.lib

Dynamically allocated memory at amaxgroup_restr [B,KiB,MiB]:      4363043    4260.784     4.161

Dynamically allocated memory at amaxgroup_restr [B,KiB,MiB]:      4363107    4260.847     4.161

Dynamically allocated memory at amaxgroup_restr [B,KiB,MiB]:      4363165    4260.903     4.161

Dynamically allocated memory at amaxgroup_restr [B,KiB,MiB]:      4363229    4260.966     4.161

Dynamically allocated memory at amaxgroup_restr [B,KiB,MiB]:      4363295    4261.030     4.161

Dynamically allocated memory at amaxgroup_restr [B,KiB,MiB]:      4363359    4261.093     4.161

Dynamically allocated memory at amaxgroup_restr [B,KiB,MiB]:      4363515    4261.245     4.161

Dynamically allocated memory at amaxgroup_restr [B,KiB,MiB]:      4363643    4261.370     4.161

Dynamically allocated memory at amaxgroup_restr [B,KiB,MiB]:      4363937    4261.657     4.162

Dynamically allocated memory at amaxgroup_restr [B,KiB,MiB]:      4364129    4261.845     4.162

Dynamically allocated memory at amaxgroup_restr [B,KiB,MiB]:      4364633    4262.337     4.162

Dynamically allocated memory at amaxgroup_restr [B,KiB,MiB]:      4364889    4262.587     4.163

Dynamically allocated memory at amaxgroup_restr [B,KiB,MiB]:      4365885    4263.560     4.164

Dynamically allocated memory at amaxgroup_restr [B,KiB,MiB]:      4366269    4263.935     4.164

Dynamically allocated memory at amaxgroup_restr [B,KiB,MiB]:      4366845    4264.497     4.165

Dynamically allocated memory at amaxgroup_restr [B,KiB,MiB]:      4368879    4266.483     4.166

Dynamically allocated memory at amaxgroup_restr [B,KiB,MiB]:      4369775    4267.358     4.167

Dynamically allocated memory at amaxgroup_restr [B,KiB,MiB]:      4374227    4271.706     4.172

Dynamically allocated memory at amaxgroup_restr [B,KiB,MiB]:      4375571    4273.019     4.173

Dynamically allocated memory at amaxgroup_restr [B,KiB,MiB]:      4385189    4282.411     4.182

Dynamically allocated memory at amaxgroup_restr [B,KiB,MiB]:      4387173    4284.349     4.184

Dynamically allocated memory at amaxgroup_restr [B,KiB,MiB]:      4407819    4304.511     4.204

Dynamically allocated memory at amaxgroup_restr [B,KiB,MiB]:      4410827    4307.448     4.206

Dynamically allocated memory at amaxgroup_restr [B,KiB,MiB]:      4456793    4352.337     4.250

Dynamically allocated memory at amaxgroup_restr [B,KiB,MiB]:      4461273    4356.712     4.255

Dynamically allocated memory at amaxgroup_restr [B,KiB,MiB]:      4562493    4455.560     4.351
openf___224_> Open           ${LIB}/dist-mf.lib

Dynamically allocated memory at amaxgroup_restr [B,KiB,MiB]:      4562889    4455.946     4.352

Dynamically allocated memory at amaxgroup_restr [B,KiB,MiB]:      4563685    4456.724     4.352

Dynamically allocated memory at amaxgroup_restr [B,KiB,MiB]:      4564481    4457.501     4.353

Dynamically allocated memory at amaxgroup_restr [B,KiB,MiB]:      4565669    4458.661     4.354

Dynamically allocated memory at amaxgroup_restr [B,KiB,MiB]:      4566069    4459.052     4.355

Dynamically allocated memory at amaxgroup_restr [B,KiB,MiB]:      4566669    4459.638     4.355

Dynamically allocated memory at amaxgroup_restr [B,KiB,MiB]:      4567569    4460.517     4.356

Dynamically allocated memory at amaxgroup_restr [B,KiB,MiB]:      4568917    4461.833     4.357

Dynamically allocated memory at amaxgroup_restr [B,KiB,MiB]:      4569117    4462.028     4.357

Dynamically allocated memory at amaxgroup_restr [B,KiB,MiB]:      4571141    4464.005     4.359

Dynamically allocated memory at amaxgroup_restr [B,KiB,MiB]:      4571441    4464.298     4.360

Dynamically allocated memory at amaxgroup_restr [B,KiB,MiB]:      4574477    4467.263     4.363

Dynamically allocated memory at amaxgroup_restr [B,KiB,MiB]:      4574925    4467.700     4.363

Dynamically allocated memory at amaxgroup_restr [B,KiB,MiB]:      4579477    4472.146     4.367

Dynamically allocated memory at amaxgroup_restr [B,KiB,MiB]:      4580149    4472.802     4.368

Dynamically allocated memory at amaxgroup_restr [B,KiB,MiB]:      4586977    4479.470     4.374

Dynamically allocated memory at amaxgroup_restr [B,KiB,MiB]:      4587985    4480.454     4.375

Dynamically allocated memory at amaxgroup_restr [B,KiB,MiB]:      4598229    4490.458     4.385

Dynamically allocated memory at amaxgroup_restr [B,KiB,MiB]:      4598829    4491.044     4.386

Dynamically allocated memory at amaxgroup_restr [B,KiB,MiB]:      4599229    4491.435     4.386

Dynamically allocated memory at amaxgroup_restr [B,KiB,MiB]:      4600741    4492.911     4.388

Dynamically allocated memory at amaxgroup_restr [B,KiB,MiB]:      4616105    4507.915     4.402

Dynamically allocated memory at amaxgroup_restr [B,KiB,MiB]:      4617005    4508.794     4.403

Dynamically allocated memory at amaxgroup_restr [B,KiB,MiB]:      4617605    4509.380     4.404

Dynamically allocated memory at amaxgroup_restr [B,KiB,MiB]:      4619873    4511.595     4.406

Dynamically allocated memory at amaxgroup_restr [B,KiB,MiB]:      4642921    4534.103     4.428

Dynamically allocated memory at amaxgroup_restr [B,KiB,MiB]:      4644265    4535.415     4.429

Dynamically allocated memory at amaxgroup_restr [B,KiB,MiB]:      4645165    4536.294     4.430

Dynamically allocated memory at amaxgroup_restr [B,KiB,MiB]:      4648569    4539.618     4.433

Dynamically allocated memory at amaxgroup_restr [B,KiB,MiB]:      4683141    4573.380     4.466

Dynamically allocated memory at amaxgroup_restr [B,KiB,MiB]:      4685157    4575.349     4.468

Dynamically allocated memory at amaxgroup_restr [B,KiB,MiB]:      4686505    4576.665     4.469

Dynamically allocated memory at amaxgroup_restr [B,KiB,MiB]:      4691609    4581.649     4.474

Dynamically allocated memory at amaxgroup_restr [B,KiB,MiB]:      4743465    4632.290     4.524

Dynamically allocated memory at amaxgroup_restr [B,KiB,MiB]:      4746489    4635.243     4.527

Dynamically allocated memory at amaxgroup_restr [B,KiB,MiB]:      4748513    4637.220     4.529

Dynamically allocated memory at amaxgroup_restr [B,KiB,MiB]:      4756169    4644.696     4.536

Dynamically allocated memory at amaxgroup_restr [B,KiB,MiB]:      4833953    4720.657     4.610

Dynamically allocated memory at amaxgroup_restr [B,KiB,MiB]:      4838489    4725.087     4.614

Dynamically allocated memory at amaxgroup_restr [B,KiB,MiB]:      4841525    4728.052     4.617

Dynamically allocated memory at amaxgroup_restr [B,KiB,MiB]:      4853009    4739.267     4.628

Dynamically allocated memory at amaxgroup_restr [B,KiB,MiB]:      4969685    4853.208     4.739

Dynamically allocated memory at amaxgroup_restr [B,KiB,MiB]:      4976489    4859.853     4.746

Dynamically allocated memory at amaxgroup_restr [B,KiB,MiB]:      4981041    4864.298     4.750

Dynamically allocated memory at amaxgroup_restr [B,KiB,MiB]:      4998269    4881.122     4.767

Dynamically allocated memory at amaxgroup_restr [B,KiB,MiB]:      5173285    5052.036     4.934

Dynamically allocated memory at amaxgroup_restr [B,KiB,MiB]:      5183497    5062.009     4.943

Dynamically allocated memory at amaxgroup_restr [B,KiB,MiB]:      5190325    5068.677     4.950

Dynamically allocated memory at amaxgroup_restr [B,KiB,MiB]:      5216165    5093.911     4.975

Dynamically allocated memory at amaxgroup_restr [B,KiB,MiB]:      5478689    5350.282     5.225

Dynamically allocated memory at amaxgroup_restr [B,KiB,MiB]:      5494001    5365.235     5.239

Dynamically allocated memory at amaxgroup_restr [B,KiB,MiB]:      5504245    5375.239     5.249

Dynamically allocated memory at amaxgroup_restr [B,KiB,MiB]:      5543005    5413.091     5.286

Dynamically allocated memory at amaxgroup_restr [B,KiB,MiB]:      5936789    5797.646     5.662

Dynamically allocated memory at amaxgroup_restr [B,KiB,MiB]:      5959757    5820.075     5.684

Dynamically allocated memory at amaxgroup_restr [B,KiB,MiB]:      5975121    5835.079     5.698

Dynamically allocated memory at amaxgroup_restr [B,KiB,MiB]:      6033261    5891.856     5.754

Dynamically allocated memory at amaxgroup_restr [B,KiB,MiB]:      6623937    6468.688     6.317

Dynamically allocated memory at amaxgroup_restr [B,KiB,MiB]:      6658389    6502.333     6.350

Dynamically allocated memory at amaxgroup_restr [B,KiB,MiB]:      6681437    6524.841     6.372

Dynamically allocated memory at amaxgroup_restr [B,KiB,MiB]:      6768649    6610.009     6.455

Dynamically allocated memory at amaxgroup_restr [B,KiB,MiB]:      7654665    7475.259     7.300

Dynamically allocated memory at amaxgroup_restr [B,KiB,MiB]:      7706349    7525.731     7.349

Dynamically allocated memory at amaxgroup_restr [B,KiB,MiB]:      7740921    7559.493     7.382

Dynamically allocated memory at amaxgroup_restr [B,KiB,MiB]:      7871737    7687.243     7.507

Dynamically allocated memory at amaxgroup_restr [B,KiB,MiB]:      9200761    8985.118     8.775
read_pa_232_> parameters    BONDS   ANGLS  DIHEDS IMPROPS    MODE
                                0       0       0       0   12561
>> Model assessment by DOPE potential
iatmcls_286W> MODEL atom not classified:  LEU:OXT  LEU

Dynamically allocated memory at  amaxrestraints [B,KiB,MiB]:      9529701    9306.349     9.088

Dynamically allocated memory at  amaxrestraints [B,KiB,MiB]:      9602037    9376.989     9.157

Dynamically allocated memory at  amaxrestraints [B,KiB,MiB]:      9746709    9518.271     9.295

Dynamically allocated memory at  amaxrestraints [B,KiB,MiB]:     10036053    9800.833     9.571

Dynamically allocated memory at  amaxrestraints [B,KiB,MiB]:     10614741   10365.958    10.123

Dynamically allocated memory at  amaxrestraints [B,KiB,MiB]:     11772117   11496.208    11.227


>> ENERGY; Differences between the model's features and restraints:
Number of all residues in MODEL                   :      151
Number of all, selected real atoms                :     1507    1507
Number of all, selected pseudo atoms              :        0       0
Number of all static, selected restraints         :    25285   25285
COVALENT_CYS                                      :        F
NONBONDED_SEL_ATOMS                               :        1
Number of non-bonded pairs (excluding 1-2,1-3,1-4):   178561
Dynamic pairs routine                             : 1, NATM x NATM double loop
Atomic shift for contacts update (UPDATE_DYNAMIC) :    0.390
LENNARD_JONES_SWITCH                              :    6.500   7.500
COULOMB_JONES_SWITCH                              :    6.500   7.500
RESIDUE_SPAN_RANGE                                :        1    9999
NLOGN_USE                                         :       15
CONTACT_SHELL                                     :   15.000
DYNAMIC_PAIRS,_SPHERE,_COULOMB,_LENNARD,_MODELLER :        T       F       F       F       T
SPHERE_STDV                                       :    0.050
RADII_FACTOR                                      :    0.820
Current energy                                    :       -9749.9756




<< end of ENERGY.
DOPE score               : -9749.975586
>> Model assessment by GA341 potential

Surface library          : /soft/system/software/Modeller/10.3/modlib/surf5.de
Pair library             : /soft/system/software/Modeller/10.3/modlib/pair9.de
Chain identifier         : _
% sequence identity      :    43.046001
Sequence length          :          127
Compactness              :     0.062999
Native energy (pair)     :   -97.963425
Native energy (surface)  :     5.927937
Native energy (combined) :    -2.242368
Z score (pair)           :    -5.447009
Z score (surface)        :    -2.722779
Z score (combined)       :    -5.849895
GA341 score              :     1.000000

openf___224_> Open           ${LIB}/atmcls-mf.lib

Dynamically allocated memory at amaxgroup_restr [B,KiB,MiB]:     11479773   11210.716    10.948

Dynamically allocated memory at amaxgroup_restr [B,KiB,MiB]:     11479837   11210.778    10.948

Dynamically allocated memory at amaxgroup_restr [B,KiB,MiB]:     11479895   11210.835    10.948

Dynamically allocated memory at amaxgroup_restr [B,KiB,MiB]:     11479959   11210.897    10.948

Dynamically allocated memory at amaxgroup_restr [B,KiB,MiB]:     11480025   11210.962    10.948

Dynamically allocated memory at amaxgroup_restr [B,KiB,MiB]:     11480089   11211.024    10.948

Dynamically allocated memory at amaxgroup_restr [B,KiB,MiB]:     11480245   11211.177    10.948

Dynamically allocated memory at amaxgroup_restr [B,KiB,MiB]:     11480373   11211.302    10.949

Dynamically allocated memory at amaxgroup_restr [B,KiB,MiB]:     11480667   11211.589    10.949

Dynamically allocated memory at amaxgroup_restr [B,KiB,MiB]:     11480859   11211.776    10.949

Dynamically allocated memory at amaxgroup_restr [B,KiB,MiB]:     11481363   11212.269    10.949

Dynamically allocated memory at amaxgroup_restr [B,KiB,MiB]:     11481619   11212.519    10.950

Dynamically allocated memory at amaxgroup_restr [B,KiB,MiB]:     11482615   11213.491    10.951

Dynamically allocated memory at amaxgroup_restr [B,KiB,MiB]:     11482999   11213.866    10.951

Dynamically allocated memory at amaxgroup_restr [B,KiB,MiB]:     11483575   11214.429    10.952

Dynamically allocated memory at amaxgroup_restr [B,KiB,MiB]:     11485609   11216.415    10.954

Dynamically allocated memory at amaxgroup_restr [B,KiB,MiB]:     11486505   11217.290    10.954

Dynamically allocated memory at amaxgroup_restr [B,KiB,MiB]:     11490957   11221.638    10.959

Dynamically allocated memory at amaxgroup_restr [B,KiB,MiB]:     11492301   11222.950    10.960

Dynamically allocated memory at amaxgroup_restr [B,KiB,MiB]:     11501919   11232.343    10.969

Dynamically allocated memory at amaxgroup_restr [B,KiB,MiB]:     11503903   11234.280    10.971

Dynamically allocated memory at amaxgroup_restr [B,KiB,MiB]:     11524549   11254.442    10.991

Dynamically allocated memory at amaxgroup_restr [B,KiB,MiB]:     11527557   11257.380    10.994

Dynamically allocated memory at amaxgroup_restr [B,KiB,MiB]:     11573523   11302.269    11.037

Dynamically allocated memory at amaxgroup_restr [B,KiB,MiB]:     11578003   11306.644    11.042

Dynamically allocated memory at amaxgroup_restr [B,KiB,MiB]:     11679223   11405.491    11.138
openf___224_> Open           ${LIB}/dist-mfhr.lib

Dynamically allocated memory at amaxgroup_restr [B,KiB,MiB]:     11679619   11405.878    11.139

Dynamically allocated memory at amaxgroup_restr [B,KiB,MiB]:     11680415   11406.655    11.139

Dynamically allocated memory at amaxgroup_restr [B,KiB,MiB]:     11681211   11407.433    11.140

Dynamically allocated memory at amaxgroup_restr [B,KiB,MiB]:     11681611   11407.823    11.140

Dynamically allocated memory at amaxgroup_restr [B,KiB,MiB]:     11682799   11408.983    11.142

Dynamically allocated memory at amaxgroup_restr [B,KiB,MiB]:     11683399   11409.569    11.142

Dynamically allocated memory at amaxgroup_restr [B,KiB,MiB]:     11684299   11410.448    11.143

Dynamically allocated memory at amaxgroup_restr [B,KiB,MiB]:     11685647   11411.765    11.144

Dynamically allocated memory at amaxgroup_restr [B,KiB,MiB]:     11687671   11413.741    11.146

Dynamically allocated memory at amaxgroup_restr [B,KiB,MiB]:     11690707   11416.706    11.149

Dynamically allocated memory at amaxgroup_restr [B,KiB,MiB]:     11695259   11421.151    11.153

Dynamically allocated memory at amaxgroup_restr [B,KiB,MiB]:     11702087   11427.819    11.160

Dynamically allocated memory at amaxgroup_restr [B,KiB,MiB]:     11702287   11428.015    11.160

Dynamically allocated memory at amaxgroup_restr [B,KiB,MiB]:     11712531   11438.019    11.170

Dynamically allocated memory at amaxgroup_restr [B,KiB,MiB]:     11712831   11438.312    11.170

Dynamically allocated memory at amaxgroup_restr [B,KiB,MiB]:     11728195   11453.315    11.185

Dynamically allocated memory at amaxgroup_restr [B,KiB,MiB]:     11728643   11453.753    11.185

Dynamically allocated memory at amaxgroup_restr [B,KiB,MiB]:     11751691   11476.261    11.207

Dynamically allocated memory at amaxgroup_restr [B,KiB,MiB]:     11752363   11476.917    11.208

Dynamically allocated memory at amaxgroup_restr [B,KiB,MiB]:     11786935   11510.679    11.241

Dynamically allocated memory at amaxgroup_restr [B,KiB,MiB]:     11787943   11511.663    11.242

Dynamically allocated memory at amaxgroup_restr [B,KiB,MiB]:     11788543   11512.249    11.242

Dynamically allocated memory at amaxgroup_restr [B,KiB,MiB]:     11788943   11512.640    11.243

Dynamically allocated memory at amaxgroup_restr [B,KiB,MiB]:     11840799   11563.280    11.292

Dynamically allocated memory at amaxgroup_restr [B,KiB,MiB]:     11842311   11564.757    11.294

Dynamically allocated memory at amaxgroup_restr [B,KiB,MiB]:     11843211   11565.636    11.295

Dynamically allocated memory at amaxgroup_restr [B,KiB,MiB]:     11843811   11566.222    11.295

Dynamically allocated memory at amaxgroup_restr [B,KiB,MiB]:     11921595   11642.183    11.369

Dynamically allocated memory at amaxgroup_restr [B,KiB,MiB]:     11923863   11644.397    11.371

Dynamically allocated memory at amaxgroup_restr [B,KiB,MiB]:     11925207   11645.710    11.373

Dynamically allocated memory at amaxgroup_restr [B,KiB,MiB]:     11926107   11646.589    11.374

Dynamically allocated memory at amaxgroup_restr [B,KiB,MiB]:     12042783   11760.530    11.485

Dynamically allocated memory at amaxgroup_restr [B,KiB,MiB]:     12046187   11763.854    11.488

Dynamically allocated memory at amaxgroup_restr [B,KiB,MiB]:     12048203   11765.823    11.490

Dynamically allocated memory at amaxgroup_restr [B,KiB,MiB]:     12049551   11767.140    11.491

Dynamically allocated memory at amaxgroup_restr [B,KiB,MiB]:     12224567   11938.054    11.658

Dynamically allocated memory at amaxgroup_restr [B,KiB,MiB]:     12229671   11943.038    11.663

Dynamically allocated memory at amaxgroup_restr [B,KiB,MiB]:     12232695   11945.991    11.666

Dynamically allocated memory at amaxgroup_restr [B,KiB,MiB]:     12234719   11947.968    11.668

Dynamically allocated memory at amaxgroup_restr [B,KiB,MiB]:     12497243   12204.339    11.918

Dynamically allocated memory at amaxgroup_restr [B,KiB,MiB]:     12504899   12211.815    11.926

Dynamically allocated memory at amaxgroup_restr [B,KiB,MiB]:     12509435   12216.245    11.930

Dynamically allocated memory at amaxgroup_restr [B,KiB,MiB]:     12512471   12219.210    11.933

Dynamically allocated memory at amaxgroup_restr [B,KiB,MiB]:     12906255   12603.765    12.308

Dynamically allocated memory at amaxgroup_restr [B,KiB,MiB]:     12917739   12614.979    12.319

Dynamically allocated memory at amaxgroup_restr [B,KiB,MiB]:     12924543   12621.624    12.326

Dynamically allocated memory at amaxgroup_restr [B,KiB,MiB]:     12929095   12626.069    12.330

Dynamically allocated memory at amaxgroup_restr [B,KiB,MiB]:     13519771   13202.901    12.893

Dynamically allocated memory at amaxgroup_restr [B,KiB,MiB]:     13536999   13219.726    12.910

Dynamically allocated memory at amaxgroup_restr [B,KiB,MiB]:     13547211   13229.698    12.920

Dynamically allocated memory at amaxgroup_restr [B,KiB,MiB]:     13554039   13236.366    12.926

Dynamically allocated memory at amaxgroup_restr [B,KiB,MiB]:     14440055   14101.616    13.771

Dynamically allocated memory at amaxgroup_restr [B,KiB,MiB]:     14465895   14126.851    13.796

Dynamically allocated memory at amaxgroup_restr [B,KiB,MiB]:     14481207   14141.804    13.810

Dynamically allocated memory at amaxgroup_restr [B,KiB,MiB]:     14491451   14151.808    13.820

Dynamically allocated memory at amaxgroup_restr [B,KiB,MiB]:     15820475   15449.683    15.088

Dynamically allocated memory at amaxgroup_restr [B,KiB,MiB]:     15859235   15487.534    15.125

Dynamically allocated memory at amaxgroup_restr [B,KiB,MiB]:     15882203   15509.964    15.146

Dynamically allocated memory at amaxgroup_restr [B,KiB,MiB]:     15897567   15524.968    15.161

Dynamically allocated memory at amaxgroup_restr [B,KiB,MiB]:     17891103   17471.781    17.062

Dynamically allocated memory at amaxgroup_restr [B,KiB,MiB]:     17949243   17528.559    17.118

Dynamically allocated memory at amaxgroup_restr [B,KiB,MiB]:     17983695   17562.203    17.151

Dynamically allocated memory at amaxgroup_restr [B,KiB,MiB]:     18006743   17584.711    17.173

Dynamically allocated memory at amaxgroup_restr [B,KiB,MiB]:     20997047   20504.930    20.024

Dynamically allocated memory at amaxgroup_restr [B,KiB,MiB]:     21084259   20590.098    20.108

Dynamically allocated memory at amaxgroup_restr [B,KiB,MiB]:     21135943   20640.570    20.157

Dynamically allocated memory at amaxgroup_restr [B,KiB,MiB]:     21170515   20674.332    20.190

Dynamically allocated memory at amaxgroup_restr [B,KiB,MiB]:     25655971   25054.660    24.467

Dynamically allocated memory at amaxgroup_restr [B,KiB,MiB]:     25786787   25182.410    24.592
read_pa_232_> parameters    BONDS   ANGLS  DIHEDS IMPROPS    MODE
                                0       0       0       0   12561
>> Model assessment by DOPE-HR potential
iatmcls_286W> MODEL atom not classified:  LEU:OXT  LEU


>> ENERGY; Differences between the model's features and restraints:
Number of all residues in MODEL                   :      151
Number of all, selected real atoms                :     1507    1507
Number of all, selected pseudo atoms              :        0       0
Number of all static, selected restraints         :    25285   25285
COVALENT_CYS                                      :        F
NONBONDED_SEL_ATOMS                               :        1
Number of non-bonded pairs (excluding 1-2,1-3,1-4):   178561
Dynamic pairs routine                             : 1, NATM x NATM double loop
Atomic shift for contacts update (UPDATE_DYNAMIC) :    0.390
LENNARD_JONES_SWITCH                              :    6.500   7.500
COULOMB_JONES_SWITCH                              :    6.500   7.500
RESIDUE_SPAN_RANGE                                :        1    9999
NLOGN_USE                                         :       15
CONTACT_SHELL                                     :   15.000
DYNAMIC_PAIRS,_SPHERE,_COULOMB,_LENNARD,_MODELLER :        T       F       F       F       T
SPHERE_STDV                                       :    0.050
RADII_FACTOR                                      :    0.820
Current energy                                    :       -8355.0889




<< end of ENERGY.
DOPE-HR score               : -8355.088867


>> ENERGY; Differences between the model's features and restraints:
Number of all residues in MODEL                   :      151
Number of all, selected real atoms                :     1507    1507
Number of all, selected pseudo atoms              :        0       0
Number of all static, selected restraints         :    25285   25285
COVALENT_CYS                                      :        F
NONBONDED_SEL_ATOMS                               :        1
Number of non-bonded pairs (excluding 1-2,1-3,1-4):     3143
Dynamic pairs routine                             : 2, NATM x NATM cell sorting
Atomic shift for contacts update (UPDATE_DYNAMIC) :    0.390
LENNARD_JONES_SWITCH                              :    6.500   7.500
COULOMB_JONES_SWITCH                              :    6.500   7.500
RESIDUE_SPAN_RANGE                                :        0   99999
NLOGN_USE                                         :       15
CONTACT_SHELL                                     :    4.000
DYNAMIC_PAIRS,_SPHERE,_COULOMB,_LENNARD,_MODELLER :        T       T       F       F       F
SPHERE_STDV                                       :    0.050
RADII_FACTOR                                      :    0.820
Current energy                                    :         979.1747





Summary of the restraint violations: 

   NUM     ... number of restraints.
   NUMVI   ... number of restraints with RVIOL > VIOL_REPORT_CUT[i].
   RVIOL   ... relative difference from the best value.
   NUMVP   ... number of restraints with -Ln(pdf) > VIOL_REPORT_CUT2[i].
   RMS_1   ... RMS(feature, minimally_violated_basis_restraint, NUMB).
   RMS_2   ... RMS(feature, best_value, NUMB).
   MOL.PDF ... scaled contribution to -Ln(Molecular pdf).

 #                     RESTRAINT_GROUP      NUM   NUMVI  NUMVP   RMS_1   RMS_2         MOL.PDF     S_i
------------------------------------------------------------------------------------------------------
 1 Bond length potential              :    1040       0      0   0.004   0.004      5.5539       1.000
 2 Bond angle potential               :    1398       0      0   1.665   1.665      75.938       1.000
 3 Stereochemical cosine torsion poten:     625       0     16  48.747  48.747      235.35       1.000
 4 Stereochemical improper torsion pot:     421       0      0   1.192   1.192      11.693       1.000
 5 Soft-sphere overlap restraints     :    3143       1     18   0.021   0.021      156.18       1.000
 6 Lennard-Jones 6-12 potential       :       0       0      0   0.000   0.000      0.0000       1.000
 7 Coulomb point-point electrostatic p:       0       0      0   0.000   0.000      0.0000       1.000
 8 H-bonding potential                :       0       0      0   0.000   0.000      0.0000       1.000
 9 Distance restraints 1 (CA-CA)      :    1335       0      0   0.377   0.377      37.232       1.000
10 Distance restraints 2 (N-O)        :    1493       0      0   0.466   0.466      66.932       1.000
11 Mainchain Phi dihedral restraints  :       0       0      0   0.000   0.000      0.0000       1.000
12 Mainchain Psi dihedral restraints  :       0       0      0   0.000   0.000      0.0000       1.000
13 Mainchain Omega dihedral restraints:     126       0      0   3.371   3.371      16.194       1.000
14 Sidechain Chi_1 dihedral restraints:     114       0      2  85.747  85.747      42.734       1.000
15 Sidechain Chi_2 dihedral restraints:      90       0      0  71.471  71.471      33.249       1.000
16 Sidechain Chi_3 dihedral restraints:      37       0      0  86.927  86.927      18.974       1.000
17 Sidechain Chi_4 dihedral restraints:      20       0      0  83.751  83.751      12.889       1.000
18 Disulfide distance restraints      :       0       0      0   0.000   0.000      0.0000       1.000
19 Disulfide angle restraints         :       0       0      0   0.000   0.000      0.0000       1.000
20 Disulfide dihedral angle restraints:       0       0      0   0.000   0.000      0.0000       1.000
21 Lower bound distance restraints    :       0       0      0   0.000   0.000      0.0000       1.000
22 Upper bound distance restraints    :       0       0      0   0.000   0.000      0.0000       1.000
23 Distance restraints 3 (SDCH-MNCH)  :    1160       0      0   0.465   0.465      32.362       1.000
24 Sidechain Chi_5 dihedral restraints:       0       0      0   0.000   0.000      0.0000       1.000
25 Phi/Psi pair of dihedral restraints:     125      31      8  24.550  88.165      11.507       1.000
26 Distance restraints 4 (SDCH-SDCH)  :     173       0      0   0.907   0.907      20.778       1.000
27 Distance restraints 5 (X-Y)        :   17128       0     17   0.030   0.030      201.61       1.000
28 NMR distance restraints 6 (X-Y)    :       0       0      0   0.000   0.000      0.0000       1.000
29 NMR distance restraints 7 (X-Y)    :       0       0      0   0.000   0.000      0.0000       1.000
30 Minimal distance restraints        :       0       0      0   0.000   0.000      0.0000       1.000
31 Non-bonded restraints              :       0       0      0   0.000   0.000      0.0000       1.000
32 Atomic accessibility restraints    :       0       0      0   0.000   0.000      0.0000       1.000
33 Atomic density restraints          :       0       0      0   0.000   0.000      0.0000       1.000
34 Absolute position restraints       :       0       0      0   0.000   0.000      0.0000       1.000
35 Dihedral angle difference restraint:       0       0      0   0.000   0.000      0.0000       1.000
36 GBSA implicit solvent potential    :       0       0      0   0.000   0.000      0.0000       1.000
37 EM density fitting potential       :       0       0      0   0.000   0.000      0.0000       1.000
38 SAXS restraints                    :       0       0      0   0.000   0.000      0.0000       1.000
39 Symmetry restraints                :       0       0      0   0.000   0.000      0.0000       1.000



openf___224_> Open           query.V99990001
# Heavy relative violation of each residue is written to: query.V99990001
# The profile is NOT normalized by the number of restraints.
# The profiles are smoothed over a window of residues:    1
# The sum of all numbers in the file:   20776.4648



List of the violated restraints:
   A restraint is violated when the relative difference
   from the best value (RVIOL) is larger than CUTOFF.

   ICSR   ... index of a restraint in the current set.
   RESNO  ... residue numbers of the first two atoms.
   ATM    ... IUPAC atom names of the first two atoms.
   FEAT   ... the value of the feature in the model.
   restr  ... the mean of the basis restraint with the smallest
              difference from the model (local minimum).
   viol   ... difference from the local minimum.
   rviol  ... relative difference from the local minimum.
   RESTR  ... the best value (global minimum).
   VIOL   ... difference from the best value.
   RVIOL  ... relative difference from the best value.


-------------------------------------------------------------------------------------------------

Feature 25                           : Phi/Psi pair of dihedral restraints     
List of the RVIOL violations larger than   :       6.5000

    #   ICSR  RESNO1/2 ATM1/2   INDATM1/2    FEAT   restr    viol   rviol   RESTR    VIOL   RVIOL
    1   3510  26R  27K C   N     208  210  -96.98 -118.00   93.03    4.19  -62.90   95.56   11.07
    1         27K  27K N   CA    210  211   48.48  139.10                  -40.80
    2   3525  41M  42K C   N     330  332  -66.89  -70.20    3.52    0.28  -62.90  177.67   23.29
    2         42K  42K N   CA    332  333  141.58  140.40                  -40.80
    3   3526  42K  43T C   N     339  341 -160.46 -124.80   53.85    1.70  -63.20  165.61   27.29
    3         43T  43T N   CA    341  342 -176.14  143.50                  -42.10
    4   3527  43T  44L C   N     346  348  -77.07  -70.70   14.89    0.94  -63.50  164.30   23.61
    4         44L  44L N   CA    348  349  155.06  141.60                  -41.20
    5   3529  45R  46G C   N     365  367  -86.47  -80.20   20.87    0.54   82.20 -117.31   18.55
    5         46G  46G N   CA    367  368 -165.99  174.10                    8.50
    6   3530  46G  47A C   N     369  371 -124.33 -134.00   12.26    0.69  -62.50  175.79   32.12
    6         47A  47A N   CA    371  372  154.55  147.00                  -40.90
    7   3531  47A  48T C   N     374  376  -87.70  -78.10   31.65    1.09  -63.20  140.10   19.60
    7         48T  48T N   CA    376  377  179.96  149.80                  -42.10
    8   3532  48T  49N C   N     381  383 -107.59 -119.90   19.55    1.06  -63.20  172.52   24.10
    8         49N  49N N   CA    383  384  152.19  137.00                  -41.10
    9   3534  50P  51Y C   N     396  398 -122.36 -124.30    6.87    0.45  -63.50 -175.74   32.21
    9         51Y  51Y N   CA    398  399  142.00  135.40                  -43.40
   10   3535  51Y  52T C   N     408  410 -118.90 -124.80    7.91    0.48  -63.20  178.08   26.53
   10         52T  52T N   CA    410  411  148.76  143.50                  -42.10
   11   3536  52T  53E C   N     415  417 -113.02 -117.80   17.14    0.93  -63.60  173.62   25.95
   11         53E  53E N   CA    417  418  153.26  136.80                  -40.30
   12   3537  53E  54A C   N     424  426 -114.06 -134.00   20.29    0.54  -62.50 -176.73   32.77
   12         54A  54A N   CA    426  427  143.24  147.00                  -40.90
   13   3538  54A  55N C   N     429  431 -125.48 -119.90   20.77    0.81  -63.20  173.46   25.23
   13         55N  55N N   CA    431  432  157.01  137.00                  -41.10
   14   3539  55N  56Y C   N     437  439  -99.70  -98.40   36.81    3.91  -63.50  139.79   20.46
   14         56Y  56Y N   CA    439  440   91.62  128.40                  -43.40
   15   3540  56Y  57K C   N     449  451  176.51 -118.00   68.90    2.32  -62.90 -160.69   32.96
   15         57K  57K N   CA    451  452  160.51  139.10                  -40.80
   16   3542  58P  59T C   N     465  467 -153.43 -124.80   35.39    1.25  -63.20  178.13   28.62
   16         59T  59T N   CA    467  468  164.31  143.50                  -42.10
   17   3543  59T  60F C   N     472  474 -122.51 -124.20   12.96    0.57  -63.20 -175.45   22.07
   17         60F  60F N   CA    474  475  130.45  143.30                  -44.30
   18   3544  60F  61L C   N     483  485 -124.62 -108.50   16.13    0.78  -63.50 -176.51   22.81
   18         61L  61L N   CA    485  486  131.81  132.50                  -41.20
   19   3545  61L  62S C   N     491  493 -159.92 -136.60   24.34    0.80  -64.10 -167.60   20.84
   19         62S  62S N   CA    493  494  158.15  151.20                  -35.00
   20   3546  62S  63D C   N     497  499  133.47   54.50  100.85   12.88  -63.30 -142.58   25.22
   20         63D  63D N   CA    499  500  103.62   40.90                  -40.00
   21   3547  63D  64D C   N     505  507 -130.51  -96.50   35.05    1.44  -63.30  176.03   18.82
   21         64D  64D N   CA    507  508  122.70  114.20                  -40.00
   22   3548  64D  65E C   N     513  515 -137.19 -117.80   19.41    0.73  -63.60 -168.80   22.40
   22         65E  65E N   CA    515  516  136.16  136.80                  -40.30
   23   3550  66L  67K C   N     530  532 -130.26 -118.00   13.79    0.46  -62.90 -173.62   28.23
   23         67K  67K N   CA    532  533  145.42  139.10                  -40.80
   24   3551  67K  68H C   N     539  541 -141.11 -125.60   19.97    0.49  -63.20 -176.33   28.04
   24         68H  68H N   CA    541  542  151.37  138.80                  -42.30
   25   3552  68H  69L C   N     549  551 -124.57 -108.50   26.39    1.22  -63.50  176.27   28.26
   25         69L  69L N   CA    551  552  153.44  132.50                  -41.20
   26   3553  69L  70I C   N     557  559 -135.74 -120.60   25.13    1.03  -63.40 -178.89   32.33
   26         70I  70I N   CA    559  560  150.36  130.30                  -43.60
   27   3558  74A  75D C   N     594  596  -91.83  -96.50   66.95    2.82  -63.30   91.95    9.99
   27         75D  75D N   CA    596  597   47.41  114.20                  -40.00
   28   3567  83C  84D C   N     660  662  -61.69  -96.50   41.40    1.72  -63.30  131.79   16.36
   28         84D  84D N   CA    662  663   91.78  114.20                  -40.00
   29   3568  84D  85R C   N     668  670   56.04   57.30   18.74    1.33  -63.00  133.49   24.30
   29         85R  85R N   CA    670  671   19.30   38.00                  -41.10
   30   3582  98I  99L C   N     782  784 -119.83  -63.50   81.06   10.38  -63.50   81.06   10.38
   30         99L  99L N   CA    784  785   17.09  -41.20                  -41.20
   31   3609 125E 126Q C   N    1004 1006  -85.68  -73.00   55.78    3.91  -63.80  128.56   17.82
   31        126Q 126Q N   CA   1006 1007   86.38  140.70                  -40.30


report______> Distribution of short non-bonded contacts:


DISTANCE1:  0.00 2.10 2.20 2.30 2.40 2.50 2.60 2.70 2.80 2.90 3.00 3.10 3.20 3.30 3.40
DISTANCE2:  2.10 2.20 2.30 2.40 2.50 2.60 2.70 2.80 2.90 3.00 3.10 3.20 3.30 3.40 3.50
FREQUENCY:     0    0    0    0    1   12   98   88   89  149  135  161  167  184  189


<< end of ENERGY.
openf___224_> Open           query.B99990001.pdb
wrpdb___568_> Residues, atoms, selected atoms:      151     1507     1507
openf___224_> Open           query.ini

Dynamically allocated memory at       amaxmodel [B,KiB,MiB]:     25786819   25182.441    24.592
read_mo_297_> Segments, residues, atoms:        3      151     1507
read_mo_298_> Segment:        1  1:A  127:A     1023
read_mo_298_> Segment:        2  128:B  139:B      240
read_mo_298_> Segment:        3  140:C  151:C      244
randomi_498_> Atoms,selected atoms,random_seed,amplitude:     1507     1023        1        4.0000
randomi_496_> Amplitude is > 0; randomization is done.
pick_re_612_> Number of MODEL atoms, selected restraints;     1507    20465
pick_re_612_> Number of MODEL atoms, selected restraints;     1507    21199
pick_re_612_> Number of MODEL atoms, selected restraints;     1507    21714
pick_re_612_> Number of MODEL atoms, selected restraints;     1507    22434
pick_re_612_> Number of MODEL atoms, selected restraints;     1507    23861
pick_re_612_> Number of MODEL atoms, selected restraints;     1507    24495
pick_re_612_> Number of MODEL atoms, selected restraints;     1507    24661
pick_re_612_> Number of MODEL atoms, selected restraints;     1507    24918
pick_re_612_> Number of MODEL atoms, selected restraints;     1507    25069
pick_re_612_> Number of MODEL atoms, selected restraints;     1507    25285
iupac_m_487_> NH1/2 swapped:      179.2862       26  26
iupac_m_487_> NH1/2 swapped:     -179.9051       45  45
iupac_m_485_> OD1/2 will be swapped:      170.1604       63  63
iupac_m_487_> NH1/2 swapped:     -179.5281       72  72
iupac_m_485_> OD1/2 will be swapped:      170.1962       84  84
iupac_m_485_> OD1/2 will be swapped:      132.4590      105  105
iupac_m_485_> OD1/2 will be swapped:     -126.0182      119  119
>> Model assessment by DOPE potential
iatmcls_286W> MODEL atom not classified:  LEU:OXT  LEU


>> ENERGY; Differences between the model's features and restraints:
Number of all residues in MODEL                   :      151
Number of all, selected real atoms                :     1507    1507
Number of all, selected pseudo atoms              :        0       0
Number of all static, selected restraints         :    25285   25285
COVALENT_CYS                                      :        F
NONBONDED_SEL_ATOMS                               :        1
Number of non-bonded pairs (excluding 1-2,1-3,1-4):   179020
Dynamic pairs routine                             : 1, NATM x NATM double loop
Atomic shift for contacts update (UPDATE_DYNAMIC) :    0.390
LENNARD_JONES_SWITCH                              :    6.500   7.500
COULOMB_JONES_SWITCH                              :    6.500   7.500
RESIDUE_SPAN_RANGE                                :        1    9999
NLOGN_USE                                         :       15
CONTACT_SHELL                                     :   15.000
DYNAMIC_PAIRS,_SPHERE,_COULOMB,_LENNARD,_MODELLER :        T       F       F       F       T
SPHERE_STDV                                       :    0.050
RADII_FACTOR                                      :    0.820
Current energy                                    :       -9765.4180




<< end of ENERGY.
DOPE score               : -9765.417969
>> Model assessment by GA341 potential

Surface library          : /soft/system/software/Modeller/10.3/modlib/surf5.de
Pair library             : /soft/system/software/Modeller/10.3/modlib/pair9.de
Chain identifier         : _
% sequence identity      :    43.046001
Sequence length          :          127
Compactness              :     0.064126
Native energy (pair)     :  -100.856258
Native energy (surface)  :     5.381286
Native energy (combined) :    -2.789241
Z score (pair)           :    -6.191646
Z score (surface)        :    -2.791041
Z score (combined)       :    -5.751478
GA341 score              :     1.000000

>> Model assessment by DOPE-HR potential
iatmcls_286W> MODEL atom not classified:  LEU:OXT  LEU


>> ENERGY; Differences between the model's features and restraints:
Number of all residues in MODEL                   :      151
Number of all, selected real atoms                :     1507    1507
Number of all, selected pseudo atoms              :        0       0
Number of all static, selected restraints         :    25285   25285
COVALENT_CYS                                      :        F
NONBONDED_SEL_ATOMS                               :        1
Number of non-bonded pairs (excluding 1-2,1-3,1-4):   179020
Dynamic pairs routine                             : 1, NATM x NATM double loop
Atomic shift for contacts update (UPDATE_DYNAMIC) :    0.390
LENNARD_JONES_SWITCH                              :    6.500   7.500
COULOMB_JONES_SWITCH                              :    6.500   7.500
RESIDUE_SPAN_RANGE                                :        1    9999
NLOGN_USE                                         :       15
CONTACT_SHELL                                     :   15.000
DYNAMIC_PAIRS,_SPHERE,_COULOMB,_LENNARD,_MODELLER :        T       F       F       F       T
SPHERE_STDV                                       :    0.050
RADII_FACTOR                                      :    0.820
Current energy                                    :       -8584.2910




<< end of ENERGY.
DOPE-HR score               : -8584.291016


>> ENERGY; Differences between the model's features and restraints:
Number of all residues in MODEL                   :      151
Number of all, selected real atoms                :     1507    1507
Number of all, selected pseudo atoms              :        0       0
Number of all static, selected restraints         :    25285   25285
COVALENT_CYS                                      :        F
NONBONDED_SEL_ATOMS                               :        1
Number of non-bonded pairs (excluding 1-2,1-3,1-4):     3165
Dynamic pairs routine                             : 2, NATM x NATM cell sorting
Atomic shift for contacts update (UPDATE_DYNAMIC) :    0.390
LENNARD_JONES_SWITCH                              :    6.500   7.500
COULOMB_JONES_SWITCH                              :    6.500   7.500
RESIDUE_SPAN_RANGE                                :        0   99999
NLOGN_USE                                         :       15
CONTACT_SHELL                                     :    4.000
DYNAMIC_PAIRS,_SPHERE,_COULOMB,_LENNARD,_MODELLER :        T       T       F       F       F
SPHERE_STDV                                       :    0.050
RADII_FACTOR                                      :    0.820
Current energy                                    :         983.8597





Summary of the restraint violations: 

   NUM     ... number of restraints.
   NUMVI   ... number of restraints with RVIOL > VIOL_REPORT_CUT[i].
   RVIOL   ... relative difference from the best value.
   NUMVP   ... number of restraints with -Ln(pdf) > VIOL_REPORT_CUT2[i].
   RMS_1   ... RMS(feature, minimally_violated_basis_restraint, NUMB).
   RMS_2   ... RMS(feature, best_value, NUMB).
   MOL.PDF ... scaled contribution to -Ln(Molecular pdf).

 #                     RESTRAINT_GROUP      NUM   NUMVI  NUMVP   RMS_1   RMS_2         MOL.PDF     S_i
------------------------------------------------------------------------------------------------------
 1 Bond length potential              :    1040       0      0   0.004   0.004      5.0334       1.000
 2 Bond angle potential               :    1398       0      0   1.592   1.592      69.021       1.000
 3 Stereochemical cosine torsion poten:     625       0     14  48.640  48.640      236.73       1.000
 4 Stereochemical improper torsion pot:     421       0      0   1.165   1.165      11.308       1.000
 5 Soft-sphere overlap restraints     :    3165       1     19   0.021   0.021      159.65       1.000
 6 Lennard-Jones 6-12 potential       :       0       0      0   0.000   0.000      0.0000       1.000
 7 Coulomb point-point electrostatic p:       0       0      0   0.000   0.000      0.0000       1.000
 8 H-bonding potential                :       0       0      0   0.000   0.000      0.0000       1.000
 9 Distance restraints 1 (CA-CA)      :    1335       0      0   0.358   0.358      32.405       1.000
10 Distance restraints 2 (N-O)        :    1493       0      0   0.421   0.421      62.423       1.000
11 Mainchain Phi dihedral restraints  :       0       0      0   0.000   0.000      0.0000       1.000
12 Mainchain Psi dihedral restraints  :       0       0      0   0.000   0.000      0.0000       1.000
13 Mainchain Omega dihedral restraints:     126       0      0   3.392   3.392      16.461       1.000
14 Sidechain Chi_1 dihedral restraints:     114       0      1  80.531  80.531      38.559       1.000
15 Sidechain Chi_2 dihedral restraints:      90       0      2  77.823  77.823      40.202       1.000
16 Sidechain Chi_3 dihedral restraints:      37       0      0  92.218  92.218      22.552       1.000
17 Sidechain Chi_4 dihedral restraints:      20       0      0  83.016  83.016      12.843       1.000
18 Disulfide distance restraints      :       0       0      0   0.000   0.000      0.0000       1.000
19 Disulfide angle restraints         :       0       0      0   0.000   0.000      0.0000       1.000
20 Disulfide dihedral angle restraints:       0       0      0   0.000   0.000      0.0000       1.000
21 Lower bound distance restraints    :       0       0      0   0.000   0.000      0.0000       1.000
22 Upper bound distance restraints    :       0       0      0   0.000   0.000      0.0000       1.000
23 Distance restraints 3 (SDCH-MNCH)  :    1160       0      0   0.443   0.443      33.590       1.000
24 Sidechain Chi_5 dihedral restraints:       0       0      0   0.000   0.000      0.0000       1.000
25 Phi/Psi pair of dihedral restraints:     125      30     10  29.450  88.008      20.615       1.000
26 Distance restraints 4 (SDCH-SDCH)  :     173       0      0   1.079   1.079      24.197       1.000
27 Distance restraints 5 (X-Y)        :   17128       0     21   0.029   0.029      198.27       1.000
28 NMR distance restraints 6 (X-Y)    :       0       0      0   0.000   0.000      0.0000       1.000
29 NMR distance restraints 7 (X-Y)    :       0       0      0   0.000   0.000      0.0000       1.000
30 Minimal distance restraints        :       0       0      0   0.000   0.000      0.0000       1.000
31 Non-bonded restraints              :       0       0      0   0.000   0.000      0.0000       1.000
32 Atomic accessibility restraints    :       0       0      0   0.000   0.000      0.0000       1.000
33 Atomic density restraints          :       0       0      0   0.000   0.000      0.0000       1.000
34 Absolute position restraints       :       0       0      0   0.000   0.000      0.0000       1.000
35 Dihedral angle difference restraint:       0       0      0   0.000   0.000      0.0000       1.000
36 GBSA implicit solvent potential    :       0       0      0   0.000   0.000      0.0000       1.000
37 EM density fitting potential       :       0       0      0   0.000   0.000      0.0000       1.000
38 SAXS restraints                    :       0       0      0   0.000   0.000      0.0000       1.000
39 Symmetry restraints                :       0       0      0   0.000   0.000      0.0000       1.000



openf___224_> Open           query.V99990002
# Heavy relative violation of each residue is written to: query.V99990002
# The profile is NOT normalized by the number of restraints.
# The profiles are smoothed over a window of residues:    1
# The sum of all numbers in the file:   20660.5840



List of the violated restraints:
   A restraint is violated when the relative difference
   from the best value (RVIOL) is larger than CUTOFF.

   ICSR   ... index of a restraint in the current set.
   RESNO  ... residue numbers of the first two atoms.
   ATM    ... IUPAC atom names of the first two atoms.
   FEAT   ... the value of the feature in the model.
   restr  ... the mean of the basis restraint with the smallest
              difference from the model (local minimum).
   viol   ... difference from the local minimum.
   rviol  ... relative difference from the local minimum.
   RESTR  ... the best value (global minimum).
   VIOL   ... difference from the best value.
   RVIOL  ... relative difference from the best value.


-------------------------------------------------------------------------------------------------

Feature 25                           : Phi/Psi pair of dihedral restraints     
List of the RVIOL violations larger than   :       6.5000

    #   ICSR  RESNO1/2 ATM1/2   INDATM1/2    FEAT   restr    viol   rviol   RESTR    VIOL   RVIOL
    1   3502  18V  19P C   N     150  152  -74.50  -64.50   52.16    4.43  -58.70  127.49    9.31
    1         19P  19P N   CA    152  153   96.00  147.20                  -30.50
    2   3525  41M  42K C   N     330  332  -90.37  -70.20   84.80    6.59  -62.90  102.58   12.11
    2         42K  42K N   CA    332  333   58.03  140.40                  -40.80
    3   3526  42K  43T C   N     339  341  -90.30  -78.10   34.82    1.17  -63.20  138.16   19.53
    3         43T  43T N   CA    341  342 -177.58  149.80                  -42.10
    4   3527  43T  44L C   N     346  348  -91.98  -70.70   22.21    1.78  -63.50  173.20   25.77
    4         44L  44L N   CA    348  349  147.95  141.60                  -41.20
    5   3529  45R  46G C   N     365  367 -170.78 -167.20   18.36    0.75   82.20 -177.29   13.45
    5         46G  46G N   CA    367  368  156.59  174.60                    8.50
    6   3530  46G  47A C   N     369  371 -145.84 -134.00   14.44    0.36  -62.50 -176.19   34.58
    6         47A  47A N   CA    371  372  155.27  147.00                  -40.90
    7   3531  47A  48T C   N     374  376 -132.50 -124.80   15.76    0.49  -63.20  174.96   26.99
    7         48T  48T N   CA    376  377  157.25  143.50                  -42.10
    8   3532  48T  49N C   N     381  383 -116.66 -119.90    3.64    0.11  -63.20 -175.65   20.58
    8         49N  49N N   CA    383  384  135.33  137.00                  -41.10
    9   3533  49N  50P C   N     389  391  -65.78  -58.70    7.08    0.91  -64.50  177.78   13.33
    9         50P  50P N   CA    391  392  -30.58  -30.50                  147.20
   10   3534  50P  51Y C   N     396  398   65.11  -98.40  163.52    6.29  -63.50 -143.48   40.25
   10         51Y  51Y N   CA    398  399  130.79  128.40                  -43.40
   11   3535  51Y  52T C   N     408  410 -126.17 -124.80    1.37    0.07  -63.20 -174.61   27.94
   11         52T  52T N   CA    410  411  143.53  143.50                  -42.10
   12   3536  52T  53E C   N     415  417 -129.46 -117.80   15.22    0.47  -63.60 -174.78   28.41
   12         53E  53E N   CA    417  418  146.58  136.80                  -40.30
   13   3537  53E  54A C   N     424  426 -125.13 -134.00   10.73    0.26  -62.50 -171.17   34.29
   13         54A  54A N   CA    426  427  140.96  147.00                  -40.90
   14   3538  54A  55N C   N     429  431 -143.24 -119.90   38.69    1.19  -63.20  170.94   25.86
   14         55N  55N N   CA    431  432  167.86  137.00                  -41.10
   15   3539  55N  56Y C   N     437  439 -105.81  -98.40   33.53    3.46  -63.50  145.39   21.09
   15         56Y  56Y N   CA    439  440   95.69  128.40                  -43.40
   16   3540  56Y  57K C   N     449  451 -175.44 -118.00   63.42    2.10  -62.90 -169.90   31.31
   16         57K  57K N   CA    451  452  165.99  139.10                  -40.80
   17   3542  58P  59T C   N     465  467 -139.64 -124.80   16.94    0.66  -63.20 -177.04   28.46
   17         59T  59T N   CA    467  468  151.67  143.50                  -42.10
   18   3543  59T  60F C   N     472  474 -155.82 -124.20   42.51    1.12  -63.20  171.20   29.52
   18         60F  60F N   CA    474  475  171.72  143.30                  -44.30
   19   3544  60F  61L C   N     483  485   68.13  -70.70  139.11   12.35  -63.50 -141.93   38.23
   19         61L  61L N   CA    485  486  132.66  141.60                  -41.20
   20   3545  61L  62S C   N     491  493 -143.35 -136.60    7.08    0.34  -64.10 -167.04   19.63
   20         62S  62S N   CA    493  494  149.07  151.20                  -35.00
   21   3546  62S  63D C   N     497  499 -126.98  -96.50   31.14    1.28  -63.30  172.73   18.51
   21         63D  63D N   CA    499  500  120.56  114.20                  -40.00
   22   3547  63D  64D C   N     505  507 -125.97  -96.50   31.70    1.31  -63.30  177.33   19.06
   22         64D  64D N   CA    507  508  125.89  114.20                  -40.00
   23   3548  64D  65E C   N     513  515 -136.22 -117.80   18.75    0.61  -63.60 -166.47   29.89
   23         65E  65E N   CA    515  516  140.31  136.80                  -40.30
   24   3550  66L  67K C   N     530  532 -128.55 -118.00   15.37    0.55  -62.90 -178.77   27.46
   24         67K  67K N   CA    532  533  150.28  139.10                  -40.80
   25   3551  67K  68H C   N     539  541 -140.89 -125.60   17.10    0.45  -63.20 -171.96   28.58
   25         68H  68H N   CA    541  542  146.46  138.80                  -42.30
   26   3552  68H  69L C   N     549  551 -129.17 -108.50   29.06    1.31  -63.50  178.40   28.84
   26         69L  69L N   CA    551  552  152.93  132.50                  -41.20
   27   3553  69L  70I C   N     557  559 -137.09 -120.60   32.55    1.35  -63.40  174.37   31.27
   27         70I  70I N   CA    559  560  158.37  130.30                  -43.60
   28   3567  83C  84D C   N     660  662  -62.80  -96.50   41.69    1.74  -63.30  129.65   16.03
   28         84D  84D N   CA    662  663   89.65  114.20                  -40.00
   29   3568  84D  85R C   N     668  670   56.15   57.30   17.74    1.25  -63.00  134.04   24.40
   29         85R  85R N   CA    670  671   20.30   38.00                  -41.10
   30   3597 113D 114Y C   N     903  905 -113.36  -98.40   92.17    9.62  -63.50   94.99   13.15
   30        114Y 114Y N   CA    905  906   37.45  128.40                  -43.40


report______> Distribution of short non-bonded contacts:


DISTANCE1:  0.00 2.10 2.20 2.30 2.40 2.50 2.60 2.70 2.80 2.90 3.00 3.10 3.20 3.30 3.40
DISTANCE2:  2.10 2.20 2.30 2.40 2.50 2.60 2.70 2.80 2.90 3.00 3.10 3.20 3.30 3.40 3.50
FREQUENCY:     0    0    0    0    0   11   87   84   98  140  130  159  154  184  229


<< end of ENERGY.
openf___224_> Open           query.B99990002.pdb
wrpdb___568_> Residues, atoms, selected atoms:      151     1507     1507

>> Summary of successfully produced models:
Filename                          molpdf     DOPE score  DOPE-HR score    GA341 score
-------------------------------------------------------------------------------------
query.B99990001.pdb            979.17468    -9749.97559    -8355.08887        1.00000
query.B99990002.pdb            983.85968    -9765.41797    -8584.29102        1.00000

