,Position,Nucleotide,binding_0.5,fimo_score_0.5,fimo_log_score_0.5,binding_0.1,fimo_score_0.1,fimo_log_score_0.1,binding_0.05,fimo_score_0.05,fimo_log_score_0.05,binding_0.01,fimo_score_0.01,fimo_log_score_0.01,binding_0.001,fimo_score_0.001,fimo_log_score_0.001,3d,normal_3d,3d_x_nucleotide,normal_3d_x_nucleotide,best_3d,3dc,normal_3dc,3dc_x_nucleotide,normal_3dc_x_nucleotide,best_3dc,local,normal_local,local_x_nucleotide,normal_local_x_nucleotide,best_local,pair,normal_pair,pair_x_nucleotide,normal_pair_x_nucleotide,best_pair,s3dc,normal_s3dc,s3dc_x_nucleotide,normal_s3dc_x_nucleotide,best_s3dc,s3dc_di,normal_s3dc_di,s3dc_di_x_nucleotide,normal_s3dc_di_x_nucleotide,best_s3dc_di,s3dc_dd,normal_s3dc_dd,s3dc_dd_x_nucleotide,normal_s3dc_dd_x_nucleotide,best_s3dc_dd,3d_weighted_0.5,normal_3d_weighted_0.5,3d_x_nucleotide_weighted_0.5,normal_3d_x_nucleotide_weighted_0.5,best_3d_weighted_0.5,3dc_weighted_0.5,normal_3dc_weighted_0.5,3dc_x_nucleotide_weighted_0.5,normal_3dc_x_nucleotide_weighted_0.5,best_3dc_weighted_0.5,local_weighted_0.5,normal_local_weighted_0.5,local_x_nucleotide_weighted_0.5,normal_local_x_nucleotide_weighted_0.5,best_local_weighted_0.5,pair_weighted_0.5,normal_pair_weighted_0.5,pair_x_nucleotide_weighted_0.5,normal_pair_x_nucleotide_weighted_0.5,best_pair_weighted_0.5,s3dc_weighted_0.5,normal_s3dc_weighted_0.5,s3dc_x_nucleotide_weighted_0.5,normal_s3dc_x_nucleotide_weighted_0.5,best_s3dc_weighted_0.5,s3dc_di_weighted_0.5,normal_s3dc_di_weighted_0.5,s3dc_di_x_nucleotide_weighted_0.5,normal_s3dc_di_x_nucleotide_weighted_0.5,best_s3dc_di_weighted_0.5,s3dc_dd_weighted_0.5,normal_s3dc_dd_weighted_0.5,s3dc_dd_x_nucleotide_weighted_0.5,normal_s3dc_dd_x_nucleotide_weighted_0.5,best_s3dc_dd_weighted_0.5,3d_weighted_0.1,normal_3d_weighted_0.1,3d_x_nucleotide_weighted_0.1,normal_3d_x_nucleotide_weighted_0.1,best_3d_weighted_0.1,3dc_weighted_0.1,normal_3dc_weighted_0.1,3dc_x_nucleotide_weighted_0.1,normal_3dc_x_nucleotide_weighted_0.1,best_3dc_weighted_0.1,local_weighted_0.1,normal_local_weighted_0.1,local_x_nucleotide_weighted_0.1,normal_local_x_nucleotide_weighted_0.1,best_local_weighted_0.1,pair_weighted_0.1,normal_pair_weighted_0.1,pair_x_nucleotide_weighted_0.1,normal_pair_x_nucleotide_weighted_0.1,best_pair_weighted_0.1,s3dc_weighted_0.1,normal_s3dc_weighted_0.1,s3dc_x_nucleotide_weighted_0.1,normal_s3dc_x_nucleotide_weighted_0.1,best_s3dc_weighted_0.1,s3dc_di_weighted_0.1,normal_s3dc_di_weighted_0.1,s3dc_di_x_nucleotide_weighted_0.1,normal_s3dc_di_x_nucleotide_weighted_0.1,best_s3dc_di_weighted_0.1,s3dc_dd_weighted_0.1,normal_s3dc_dd_weighted_0.1,s3dc_dd_x_nucleotide_weighted_0.1,normal_s3dc_dd_x_nucleotide_weighted_0.1,best_s3dc_dd_weighted_0.1,3d_weighted_0.05,normal_3d_weighted_0.05,3d_x_nucleotide_weighted_0.05,normal_3d_x_nucleotide_weighted_0.05,best_3d_weighted_0.05,3dc_weighted_0.05,normal_3dc_weighted_0.05,3dc_x_nucleotide_weighted_0.05,normal_3dc_x_nucleotide_weighted_0.05,best_3dc_weighted_0.05,local_weighted_0.05,normal_local_weighted_0.05,local_x_nucleotide_weighted_0.05,normal_local_x_nucleotide_weighted_0.05,best_local_weighted_0.05,pair_weighted_0.05,normal_pair_weighted_0.05,pair_x_nucleotide_weighted_0.05,normal_pair_x_nucleotide_weighted_0.05,best_pair_weighted_0.05,s3dc_weighted_0.05,normal_s3dc_weighted_0.05,s3dc_x_nucleotide_weighted_0.05,normal_s3dc_x_nucleotide_weighted_0.05,best_s3dc_weighted_0.05,s3dc_di_weighted_0.05,normal_s3dc_di_weighted_0.05,s3dc_di_x_nucleotide_weighted_0.05,normal_s3dc_di_x_nucleotide_weighted_0.05,best_s3dc_di_weighted_0.05,s3dc_dd_weighted_0.05,normal_s3dc_dd_weighted_0.05,s3dc_dd_x_nucleotide_weighted_0.05,normal_s3dc_dd_x_nucleotide_weighted_0.05,best_s3dc_dd_weighted_0.05,3d_weighted_0.01,normal_3d_weighted_0.01,3d_x_nucleotide_weighted_0.01,normal_3d_x_nucleotide_weighted_0.01,best_3d_weighted_0.01,3dc_weighted_0.01,normal_3dc_weighted_0.01,3dc_x_nucleotide_weighted_0.01,normal_3dc_x_nucleotide_weighted_0.01,best_3dc_weighted_0.01,local_weighted_0.01,normal_local_weighted_0.01,local_x_nucleotide_weighted_0.01,normal_local_x_nucleotide_weighted_0.01,best_local_weighted_0.01,pair_weighted_0.01,normal_pair_weighted_0.01,pair_x_nucleotide_weighted_0.01,normal_pair_x_nucleotide_weighted_0.01,best_pair_weighted_0.01,s3dc_weighted_0.01,normal_s3dc_weighted_0.01,s3dc_x_nucleotide_weighted_0.01,normal_s3dc_x_nucleotide_weighted_0.01,best_s3dc_weighted_0.01,s3dc_di_weighted_0.01,normal_s3dc_di_weighted_0.01,s3dc_di_x_nucleotide_weighted_0.01,normal_s3dc_di_x_nucleotide_weighted_0.01,best_s3dc_di_weighted_0.01,s3dc_dd_weighted_0.01,normal_s3dc_dd_weighted_0.01,s3dc_dd_x_nucleotide_weighted_0.01,normal_s3dc_dd_x_nucleotide_weighted_0.01,best_s3dc_dd_weighted_0.01,3d_weighted_0.001,normal_3d_weighted_0.001,3d_x_nucleotide_weighted_0.001,normal_3d_x_nucleotide_weighted_0.001,best_3d_weighted_0.001,3dc_weighted_0.001,normal_3dc_weighted_0.001,3dc_x_nucleotide_weighted_0.001,normal_3dc_x_nucleotide_weighted_0.001,best_3dc_weighted_0.001,local_weighted_0.001,normal_local_weighted_0.001,local_x_nucleotide_weighted_0.001,normal_local_x_nucleotide_weighted_0.001,best_local_weighted_0.001,pair_weighted_0.001,normal_pair_weighted_0.001,pair_x_nucleotide_weighted_0.001,normal_pair_x_nucleotide_weighted_0.001,best_pair_weighted_0.001,s3dc_weighted_0.001,normal_s3dc_weighted_0.001,s3dc_x_nucleotide_weighted_0.001,normal_s3dc_x_nucleotide_weighted_0.001,best_s3dc_weighted_0.001,s3dc_di_weighted_0.001,normal_s3dc_di_weighted_0.001,s3dc_di_x_nucleotide_weighted_0.001,normal_s3dc_di_x_nucleotide_weighted_0.001,best_s3dc_di_weighted_0.001,s3dc_dd_weighted_0.001,normal_s3dc_dd_weighted_0.001,s3dc_dd_x_nucleotide_weighted_0.001,normal_s3dc_dd_x_nucleotide_weighted_0.001,best_s3dc_dd_weighted_0.001
0,1,G,1.0,-9.03253,3.857371637982921,1.0,-9.03253,3.857371637982921,1.0,-9.03253,3.857371637982921,0.0,0.0,0.0,0.0,0.0,0.0,-845.2011361893847,-1.7053025658242404e-13,-60.243215785873986,7.130794353565791,0.0,-0.24069866666667705,0.6774498822952433,-3.440733333333333,-2.5850279017284166,0.6774498822952433,2.2797424776947626,4.440892098500626e-15,2.743066117547245,-7.732906126584126,4.440892098500626e-15,4.787413071413655,0.5028318098135209,-1.721284870779744,-36.283883439881464,0.5028318098135209,-2.013422882721038,0.5247135934603291,0.0,0.0,0.5247135934603291,8.79528600598093,0.20079931650835503,-0.05043639910415038,-0.8670167422920272,0.20079931650835503,0.23442064443744498,0.0751710890328614,0.0,0.0,0.0751710890328614,-845.2011361893847,-1.7053025658242404e-13,-60.243215785873986,7.130794353565791,0.0,-0.24069866666667705,0.6774498822952433,-3.440733333333333,-2.5850279017284166,0.6774498822952433,2.2797424776947626,4.440892098500626e-15,2.743066117547245,-7.732906126584126,4.440892098500626e-15,4.787413071413655,0.5028318098135209,-1.721284870779744,-36.283883439881464,0.5028318098135209,-2.013422882721038,0.5247135934603291,0.0,0.0,0.5247135934603291,8.79528600598093,0.20079931650835503,-0.05043639910415038,-0.8670167422920272,0.20079931650835503,0.23442064443744498,0.0751710890328614,0.0,0.0,0.0751710890328614,-845.2011361893847,-1.7053025658242404e-13,-60.243215785873986,7.130794353565791,0.0,-0.24069866666667705,0.6774498822952433,-3.440733333333333,-2.5850279017284166,0.6774498822952433,2.2797424776947626,4.440892098500626e-15,2.743066117547245,-7.732906126584126,4.440892098500626e-15,4.787413071413655,0.5028318098135209,-1.721284870779744,-36.283883439881464,0.5028318098135209,-2.013422882721038,0.5247135934603291,0.0,0.0,0.5247135934603291,8.79528600598093,0.20079931650835503,-0.05043639910415038,-0.8670167422920272,0.20079931650835503,0.23442064443744498,0.0751710890328614,0.0,0.0,0.0751710890328614,-845.2011361893847,-1.7053025658242404e-13,-60.243215785873986,7.130794353565791,0.0,-0.24069866666667705,0.6774498822952433,-3.440733333333333,-2.5850279017284166,0.6774498822952433,2.2797424776947626,4.440892098500626e-15,2.743066117547245,-7.732906126584126,4.440892098500626e-15,4.787413071413655,0.5028318098135209,-1.721284870779744,-36.283883439881464,0.5028318098135209,-2.013422882721038,0.5247135934603291,0.0,0.0,0.5247135934603291,8.79528600598093,0.20079931650835503,-0.05043639910415038,-0.8670167422920272,0.20079931650835503,0.23442064443744498,0.0751710890328614,0.0,0.0,0.0751710890328614,0.0,0.0,0.0,0.0,0.0,0.0,0.0,0.0,0.0,0.0,0.0,0.0,0.0,0.0,0.0,0.0,0.0,0.0,0.0,0.0,0.0,0.0,0.0,0.0,0.0,0.0,0.0,0.0,0.0,0.0,0.0,0.0,0.0,0.0,0.0,0.0,0.0,0.0,0.0,0.0,0.0,0.0,0.0,0.0,0.0,0.0,0.0,0.0,0.0,0.0,0.0,0.0,0.0,0.0,0.0,0.0,0.0,0.0,0.0,0.0,0.0,0.0,0.0,0.0,0.0,0.0,0.0,0.0,0.0,0.0
1,2,A,1.0,-13.126014999999999,3.0574816290906934,1.0,-9.03253,3.857371637982921,1.0,-9.03253,3.857371637982921,0.0,0.0,0.0,0.0,0.0,0.0,-845.2011361893847,-1.7053025658242404e-13,-69.19737199963845,8.190320634617624,0.0,0.2352110833333212,0.6948264525486595,-3.5073,5.407817628394604,0.7122030228020757,2.2797424776947626,4.440892098500626e-15,2.5217053919818184,-3.551190594714276,4.440892098500626e-15,5.495756901147326,0.4823310327678684,0.09718544282588576,0.5894590107608522,0.5028318098135209,-1.5057898014402142,0.4925136805520168,0.0,0.0,0.5444836782634448,13.427553616158596,0.3371596231170968,0.8738399249717315,4.4178171899287815,0.47351992972583856,-1.922630617508609,0.178015699695885,0.0,0.0,0.28086031035890857,-845.2011361893847,-1.7053025658242404e-13,-69.19737199963845,8.190320634617624,0.0,0.2352110833333212,0.6948264525486595,-3.5073,5.407817628394604,0.7122030228020757,2.2797424776947626,4.440892098500626e-15,2.5217053919818184,-3.551190594714276,4.440892098500626e-15,5.495756901147326,0.4823310327678684,0.09718544282588576,0.5894590107608522,0.5028318098135209,-1.5057898014402142,0.4925136805520168,0.0,0.0,0.5444836782634448,13.427553616158596,0.3371596231170968,0.8738399249717315,4.4178171899287815,0.47351992972583856,-1.922630617508609,0.178015699695885,0.0,0.0,0.28086031035890857,-845.2011361893847,-1.7053025658242404e-13,-69.19737199963845,8.190320634617624,0.0,0.2352110833333212,0.6948264525486595,-3.5073,5.407817628394604,0.7122030228020757,2.2797424776947626,4.440892098500626e-15,2.5217053919818184,-3.551190594714276,4.440892098500626e-15,5.495756901147326,0.4823310327678684,0.09718544282588576,0.5894590107608522,0.5028318098135209,-1.5057898014402142,0.4925136805520168,0.0,0.0,0.5444836782634448,13.427553616158596,0.3371596231170968,0.8738399249717315,4.4178171899287815,0.47351992972583856,-1.922630617508609,0.178015699695885,0.0,0.0,0.28086031035890857,-845.2011361893847,-1.7053025658242404e-13,-69.19737199963845,8.190320634617624,0.0,0.2352110833333212,0.6948264525486595,-3.5073,5.407817628394604,0.7122030228020757,2.2797424776947626,4.440892098500626e-15,2.5217053919818184,-3.551190594714276,4.440892098500626e-15,5.495756901147326,0.4823310327678684,0.09718544282588576,0.5894590107608522,0.5028318098135209,-1.5057898014402142,0.4925136805520168,0.0,0.0,0.5444836782634448,13.427553616158596,0.3371596231170968,0.8738399249717315,4.4178171899287815,0.47351992972583856,-1.922630617508609,0.178015699695885,0.0,0.0,0.28086031035890857,0.0,0.0,0.0,0.0,0.0,0.0,0.0,0.0,0.0,0.0,0.0,0.0,0.0,0.0,0.0,0.0,0.0,0.0,0.0,0.0,0.0,0.0,0.0,0.0,0.0,0.0,0.0,0.0,0.0,0.0,0.0,0.0,0.0,0.0,0.0,0.0,0.0,0.0,0.0,0.0,0.0,0.0,0.0,0.0,0.0,0.0,0.0,0.0,0.0,0.0,0.0,0.0,0.0,0.0,0.0,0.0,0.0,0.0,0.0,0.0,0.0,0.0,0.0,0.0,0.0,0.0,0.0,0.0,0.0,0.0
2,3,G,1.0,-16.169368333333335,2.501002052496572,1.0,-9.03253,3.857371637982921,1.0,-9.03253,3.857371637982921,0.0,0.0,0.0,0.0,0.0,0.0,-845.2011361893847,-1.7053025658242404e-13,-78.55265181204278,9.29732080112119,0.0,1.6527078333333218,0.7464741779887625,-2.0804444444444448,34.436432550000205,0.8497696288689685,2.2797424776947617,4.440892098500626e-15,2.300344666416392,0.6305249371555774,4.440892098500626e-15,3.993650551787421,0.525880243559188,-0.9478933817515711,-116.88651546016253,0.6129786651418276,-0.445738917623987,0.4338189016881231,0.31735121887284234,-51.97672450419024,0.5444836782634448,13.866489644536328,0.34855302661130294,1.9493557225992744,16.657810237825743,0.47351992972583856,-4.257402269969222,0.28492138106304454,-0.11785113019775793,2.9058087576394316,0.4987327437973636,-845.2011361893847,-1.7053025658242404e-13,-78.55265181204278,9.29732080112119,0.0,1.6527078333333218,0.7464741779887625,-2.0804444444444448,34.436432550000205,0.8497696288689685,2.2797424776947617,4.440892098500626e-15,2.300344666416392,0.6305249371555774,4.440892098500626e-15,3.993650551787421,0.525880243559188,-0.9478933817515711,-116.88651546016253,0.6129786651418276,-0.445738917623987,0.4338189016881231,0.31735121887284234,-51.97672450419024,0.5444836782634448,13.866489644536328,0.34855302661130294,1.9493557225992744,16.657810237825743,0.47351992972583856,-4.257402269969222,0.28492138106304454,-0.11785113019775793,2.9058087576394316,0.4987327437973636,-845.2011361893847,-1.7053025658242404e-13,-78.55265181204278,9.29732080112119,0.0,1.6527078333333218,0.7464741779887625,-2.0804444444444448,34.436432550000205,0.8497696288689685,2.2797424776947617,4.440892098500626e-15,2.300344666416392,0.6305249371555774,4.440892098500626e-15,3.993650551787421,0.525880243559188,-0.9478933817515711,-116.88651546016253,0.6129786651418276,-0.445738917623987,0.4338189016881231,0.31735121887284234,-51.97672450419024,0.5444836782634448,13.866489644536328,0.34855302661130294,1.9493557225992744,16.657810237825743,0.47351992972583856,-4.257402269969222,0.28492138106304454,-0.11785113019775793,2.9058087576394316,0.4987327437973636,-845.2011361893847,-1.7053025658242404e-13,-78.55265181204278,9.29732080112119,0.0,1.6527078333333218,0.7464741779887625,-2.0804444444444448,34.436432550000205,0.8497696288689685,2.2797424776947617,4.440892098500626e-15,2.300344666416392,0.6305249371555774,4.440892098500626e-15,3.993650551787421,0.525880243559188,-0.9478933817515711,-116.88651546016253,0.6129786651418276,-0.445738917623987,0.4338189016881231,0.31735121887284234,-51.97672450419024,0.5444836782634448,13.866489644536328,0.34855302661130294,1.9493557225992744,16.657810237825743,0.47351992972583856,-4.257402269969222,0.28492138106304454,-0.11785113019775793,2.9058087576394316,0.4987327437973636,0.0,0.0,0.0,0.0,0.0,0.0,0.0,0.0,0.0,0.0,0.0,0.0,0.0,0.0,0.0,0.0,0.0,0.0,0.0,0.0,0.0,0.0,0.0,0.0,0.0,0.0,0.0,0.0,0.0,0.0,0.0,0.0,0.0,0.0,0.0,0.0,0.0,0.0,0.0,0.0,0.0,0.0,0.0,0.0,0.0,0.0,0.0,0.0,0.0,0.0,0.0,0.0,0.0,0.0,0.0,0.0,0.0,0.0,0.0,0.0,0.0,0.0,0.0,0.0,0.0,0.0,0.0,0.0,0.0,0.0
3,4,C,1.0,-14.081626250000001,2.9114251639048927,1.0,-8.7926775,3.9275724012461266,1.0,-8.7926775,3.9275724012461266,0.0,0.0,0.0,0.0,0.0,0.0,-845.2011361893847,-1.7053025658242404e-13,-84.00411229747002,9.942404300713694,0.0,1.3843797638888784,0.7357698589482808,-0.7111040000000006,26.366081396344143,0.8497696288689685,2.2797424776947626,4.440892098500626e-15,2.1896643036336783,2.7213827030905016,4.440892098500626e-15,3.7570265470835085,0.5327461592921706,-1.7068466374457458,-107.85567939071025,0.6129786651418276,0.7722289648883692,0.3749109754461762,1.2166311564911036,-75.67179249465926,0.5444836782634448,15.291243120659004,0.3902943857761371,3.05131364098545,22.20769381868793,0.5155184632706395,-5.380696389079878,0.3367927141008734,-1.4107940446336866,221.14285081132445,0.5037102944077323,-845.2011361893847,-1.7053025658242404e-13,-84.00411229747002,9.942404300713694,0.0,1.3843797638888784,0.7357698589482808,-0.7111040000000006,26.366081396344143,0.8497696288689685,2.2797424776947626,4.440892098500626e-15,2.1896643036336783,2.7213827030905016,4.440892098500626e-15,3.7570265470835085,0.5327461592921706,-1.7068466374457458,-107.85567939071025,0.6129786651418276,0.7722289648883692,0.3749109754461762,1.2166311564911036,-75.67179249465926,0.5444836782634448,15.291243120659004,0.3902943857761371,3.05131364098545,22.20769381868793,0.5155184632706395,-5.380696389079878,0.3367927141008734,-1.4107940446336866,221.14285081132445,0.5037102944077323,-845.2011361893847,-1.7053025658242404e-13,-84.00411229747002,9.942404300713694,0.0,1.3843797638888784,0.7357698589482808,-0.7111040000000006,26.366081396344143,0.8497696288689685,2.2797424776947626,4.440892098500626e-15,2.1896643036336783,2.7213827030905016,4.440892098500626e-15,3.7570265470835085,0.5327461592921706,-1.7068466374457458,-107.85567939071025,0.6129786651418276,0.7722289648883692,0.3749109754461762,1.2166311564911036,-75.67179249465926,0.5444836782634448,15.291243120659004,0.3902943857761371,3.05131364098545,22.20769381868793,0.5155184632706395,-5.380696389079878,0.3367927141008734,-1.4107940446336866,221.14285081132445,0.5037102944077323,-845.2011361893847,-1.7053025658242404e-13,-84.00411229747002,9.942404300713694,0.0,1.3843797638888784,0.7357698589482808,-0.7111040000000006,26.366081396344143,0.8497696288689685,2.2797424776947626,4.440892098500626e-15,2.1896643036336783,2.7213827030905016,4.440892098500626e-15,3.7570265470835085,0.5327461592921706,-1.7068466374457458,-107.85567939071025,0.6129786651418276,0.7722289648883692,0.3749109754461762,1.2166311564911036,-75.67179249465926,0.5444836782634448,15.291243120659004,0.3902943857761371,3.05131364098545,22.20769381868793,0.5155184632706395,-5.380696389079878,0.3367927141008734,-1.4107940446336866,221.14285081132445,0.5037102944077323,0.0,0.0,0.0,0.0,0.0,0.0,0.0,0.0,0.0,0.0,0.0,0.0,0.0,0.0,0.0,0.0,0.0,0.0,0.0,0.0,0.0,0.0,0.0,0.0,0.0,0.0,0.0,0.0,0.0,0.0,0.0,0.0,0.0,0.0,0.0,0.0,0.0,0.0,0.0,0.0,0.0,0.0,0.0,0.0,0.0,0.0,0.0,0.0,0.0,0.0,0.0,0.0,0.0,0.0,0.0,0.0,0.0,0.0,0.0,0.0,0.0,0.0,0.0,0.0,0.0,0.0,0.0,0.0,0.0,0.0
4,5,A,1.0,-14.081626250000001,2.9114251639048927,1.0,-8.7926775,3.9275724012461266,1.0,-8.7926775,3.9275724012461266,0.0,0.0,0.0,0.0,0.0,0.0,-845.2011361893847,-1.7053025658242404e-13,-88.85206523440488,10.516104989662688,0.0,1.2551031355555464,0.7312169233363213,-0.7301733388888899,22.267743206016117,0.8497696288689685,2.2797424776947626,4.440892098500626e-15,2.0013246210972477,4.200155375122264,4.440892098500626e-15,3.8662890499321514,0.5296787427477695,-1.9868548193953397,-100.17066916075885,0.6129786651418276,-0.1808590193381061,0.4240367348517505,0.7657912498528091,-42.65564242017038,0.6205397724740478,15.195610004362326,0.38688374870272324,3.3881611685634248,22.754191935806904,0.5155184632706395,-5.292919059927479,0.33161735909930024,-1.9941832409368554,232.17380976764738,0.5037102944077323,-845.2011361893847,-1.7053025658242404e-13,-88.85206523440488,10.516104989662688,0.0,1.2551031355555464,0.7312169233363213,-0.7301733388888899,22.267743206016117,0.8497696288689685,2.2797424776947626,4.440892098500626e-15,2.0013246210972477,4.200155375122264,4.440892098500626e-15,3.8662890499321514,0.5296787427477695,-1.9868548193953397,-100.17066916075885,0.6129786651418276,-0.1808590193381061,0.4240367348517505,0.7657912498528091,-42.65564242017038,0.6205397724740478,15.195610004362326,0.38688374870272324,3.3881611685634248,22.754191935806904,0.5155184632706395,-5.292919059927479,0.33161735909930024,-1.9941832409368554,232.17380976764738,0.5037102944077323,-845.2011361893847,-1.7053025658242404e-13,-88.85206523440488,10.516104989662688,0.0,1.2551031355555464,0.7312169233363213,-0.7301733388888899,22.267743206016117,0.8497696288689685,2.2797424776947626,4.440892098500626e-15,2.0013246210972477,4.200155375122264,4.440892098500626e-15,3.8662890499321514,0.5296787427477695,-1.9868548193953397,-100.17066916075885,0.6129786651418276,-0.1808590193381061,0.4240367348517505,0.7657912498528091,-42.65564242017038,0.6205397724740478,15.195610004362326,0.38688374870272324,3.3881611685634248,22.754191935806904,0.5155184632706395,-5.292919059927479,0.33161735909930024,-1.9941832409368554,232.17380976764738,0.5037102944077323,-845.2011361893847,-1.7053025658242404e-13,-88.85206523440488,10.516104989662688,0.0,1.2551031355555464,0.7312169233363213,-0.7301733388888899,22.267743206016117,0.8497696288689685,2.2797424776947626,4.440892098500626e-15,2.0013246210972477,4.200155375122264,4.440892098500626e-15,3.8662890499321514,0.5296787427477695,-1.9868548193953397,-100.17066916075885,0.6129786651418276,-0.1808590193381061,0.4240367348517505,0.7657912498528091,-42.65564242017038,0.6205397724740478,15.195610004362326,0.38688374870272324,3.3881611685634248,22.754191935806904,0.5155184632706395,-5.292919059927479,0.33161735909930024,-1.9941832409368554,232.17380976764738,0.5037102944077323,0.0,0.0,0.0,0.0,0.0,0.0,0.0,0.0,0.0,0.0,0.0,0.0,0.0,0.0,0.0,0.0,0.0,0.0,0.0,0.0,0.0,0.0,0.0,0.0,0.0,0.0,0.0,0.0,0.0,0.0,0.0,0.0,0.0,0.0,0.0,0.0,0.0,0.0,0.0,0.0,0.0,0.0,0.0,0.0,0.0,0.0,0.0,0.0,0.0,0.0,0.0,0.0,0.0,0.0,0.0,0.0,0.0,0.0,0.0,0.0,0.0,0.0,0.0,0.0,0.0,0.0,0.0,0.0,0.0,0.0
5,6,C,1.0,-13.399582500000001,2.9516647260017725,1.0,-8.869911666666667,3.905465814380973,1.0,-8.869911666666667,3.905465814380973,0.0,0.0,0.0,0.0,0.0,0.0,-845.2011361893847,-1.7053025658242404e-13,-93.37991009415403,11.05014532104965,0.0,0.7178458574073994,0.7115474009038556,-0.27738889351851953,11.584907074690099,0.8497696288689685,2.2797424776947635,4.440892098500626e-15,1.758704182624047,5.8125791598047085,4.440892098500626e-15,4.429419611278542,0.5134346260751171,-1.3529373627763839,-65.16986224695245,0.6129786651418276,0.04226384478032233,0.4142445676615961,0.7434051778183914,-90.18733223477717,0.6205397724740478,15.079480609979004,0.383188521347834,2.9504447601464516,19.549661068417123,0.5155184632706395,-5.134067450668645,0.32372639405939374,-1.6751287403554773,63.373109488647174,0.5037102944077323,-845.2011361893847,-1.7053025658242404e-13,-93.37991009415403,11.05014532104965,0.0,0.7178458574073994,0.7115474009038556,-0.27738889351851953,11.584907074690099,0.8497696288689685,2.2797424776947635,4.440892098500626e-15,1.758704182624047,5.8125791598047085,4.440892098500626e-15,4.429419611278542,0.5134346260751171,-1.3529373627763839,-65.16986224695245,0.6129786651418276,0.04226384478032233,0.4142445676615961,0.7434051778183914,-90.18733223477717,0.6205397724740478,15.079480609979004,0.383188521347834,2.9504447601464516,19.549661068417123,0.5155184632706395,-5.134067450668645,0.32372639405939374,-1.6751287403554773,63.373109488647174,0.5037102944077323,-845.2011361893847,-1.7053025658242404e-13,-93.37991009415403,11.05014532104965,0.0,0.7178458574073994,0.7115474009038556,-0.27738889351851953,11.584907074690099,0.8497696288689685,2.2797424776947635,4.440892098500626e-15,1.758704182624047,5.8125791598047085,4.440892098500626e-15,4.429419611278542,0.5134346260751171,-1.3529373627763839,-65.16986224695245,0.6129786651418276,0.04226384478032233,0.4142445676615961,0.7434051778183914,-90.18733223477717,0.6205397724740478,15.079480609979004,0.383188521347834,2.9504447601464516,19.549661068417123,0.5155184632706395,-5.134067450668645,0.32372639405939374,-1.6751287403554773,63.373109488647174,0.5037102944077323,-845.2011361893847,-1.7053025658242404e-13,-93.37991009415403,11.05014532104965,0.0,0.7178458574073994,0.7115474009038556,-0.27738889351851953,11.584907074690099,0.8497696288689685,2.2797424776947635,4.440892098500626e-15,1.758704182624047,5.8125791598047085,4.440892098500626e-15,4.429419611278542,0.5134346260751171,-1.3529373627763839,-65.16986224695245,0.6129786651418276,0.04226384478032233,0.4142445676615961,0.7434051778183914,-90.18733223477717,0.6205397724740478,15.079480609979004,0.383188521347834,2.9504447601464516,19.549661068417123,0.5155184632706395,-5.134067450668645,0.32372639405939374,-1.6751287403554773,63.373109488647174,0.5037102944077323,0.0,0.0,0.0,0.0,0.0,0.0,0.0,0.0,0.0,0.0,0.0,0.0,0.0,0.0,0.0,0.0,0.0,0.0,0.0,0.0,0.0,0.0,0.0,0.0,0.0,0.0,0.0,0.0,0.0,0.0,0.0,0.0,0.0,0.0,0.0,0.0,0.0,0.0,0.0,0.0,0.0,0.0,0.0,0.0,0.0,0.0,0.0,0.0,0.0,0.0,0.0,0.0,0.0,0.0,0.0,0.0,0.0,0.0,0.0,0.0,0.0,0.0,0.0,0.0,0.0,0.0,0.0,0.0,0.0,0.0
6,7,A,1.0,-13.399582500000001,2.9516647260017725,1.0,-8.869911666666667,3.905465814380973,1.0,-8.869911666666667,3.905465814380973,0.0,0.0,0.0,0.0,0.0,0.0,-845.2011361893847,-1.7053025658242404e-13,-94.55398520954449,11.187015224825725,0.0,-0.17407013650794356,0.6791414799249873,-0.4252245079365089,29.815376307303584,0.8497696288689685,2.2797424776947635,4.440892098500626e-15,1.5119207263146743,7.09756508895012,4.440892098500626e-15,4.264842340962985,0.5182260597994857,0.9344662819131331,38.11235248596981,0.6129786651418276,0.09749039212858196,0.4122221854215601,0.4815011123197712,-46.073502765271584,0.6205397724740478,14.287213900480392,0.35965132574291364,1.5133041826887212,9.939912139237054,0.5155184632706395,-4.559876119826352,0.29720599535749725,-0.6725022866792751,12.074090168320843,0.5037102944077323,-845.2011361893847,-1.7053025658242404e-13,-94.55398520954449,11.187015224825725,0.0,-0.17407013650794356,0.6791414799249873,-0.4252245079365089,29.815376307303584,0.8497696288689685,2.2797424776947635,4.440892098500626e-15,1.5119207263146743,7.09756508895012,4.440892098500626e-15,4.264842340962985,0.5182260597994857,0.9344662819131331,38.11235248596981,0.6129786651418276,0.09749039212858196,0.4122221854215601,0.4815011123197712,-46.073502765271584,0.6205397724740478,14.287213900480392,0.35965132574291364,1.5133041826887212,9.939912139237054,0.5155184632706395,-4.559876119826352,0.29720599535749725,-0.6725022866792751,12.074090168320843,0.5037102944077323,-845.2011361893847,-1.7053025658242404e-13,-94.55398520954449,11.187015224825725,0.0,-0.17407013650794356,0.6791414799249873,-0.4252245079365089,29.815376307303584,0.8497696288689685,2.2797424776947635,4.440892098500626e-15,1.5119207263146743,7.09756508895012,4.440892098500626e-15,4.264842340962985,0.5182260597994857,0.9344662819131331,38.11235248596981,0.6129786651418276,0.09749039212858196,0.4122221854215601,0.4815011123197712,-46.073502765271584,0.6205397724740478,14.287213900480392,0.35965132574291364,1.5133041826887212,9.939912139237054,0.5155184632706395,-4.559876119826352,0.29720599535749725,-0.6725022866792751,12.074090168320843,0.5037102944077323,-845.2011361893847,-1.7053025658242404e-13,-94.55398520954449,11.187015224825725,0.0,-0.17407013650794356,0.6791414799249873,-0.4252245079365089,29.815376307303584,0.8497696288689685,2.2797424776947635,4.440892098500626e-15,1.5119207263146743,7.09756508895012,4.440892098500626e-15,4.264842340962985,0.5182260597994857,0.9344662819131331,38.11235248596981,0.6129786651418276,0.09749039212858196,0.4122221854215601,0.4815011123197712,-46.073502765271584,0.6205397724740478,14.287213900480392,0.35965132574291364,1.5133041826887212,9.939912139237054,0.5155184632706395,-4.559876119826352,0.29720599535749725,-0.6725022866792751,12.074090168320843,0.5037102944077323,0.0,0.0,0.0,0.0,0.0,0.0,0.0,0.0,0.0,0.0,0.0,0.0,0.0,0.0,0.0,0.0,0.0,0.0,0.0,0.0,0.0,0.0,0.0,0.0,0.0,0.0,0.0,0.0,0.0,0.0,0.0,0.0,0.0,0.0,0.0,0.0,0.0,0.0,0.0,0.0,0.0,0.0,0.0,0.0,0.0,0.0,0.0,0.0,0.0,0.0,0.0,0.0,0.0,0.0,0.0,0.0,0.0,0.0,0.0,0.0,0.0,0.0,0.0,0.0,0.0,0.0,0.0,0.0,0.0,0.0
7,8,G,1.0,-14.210790089285714,2.741199841231846,1.0,-10.25507125,3.548957343789953,1.0,-8.869911666666667,3.905465814380973,0.0,0.0,0.0,0.0,0.0,0.0,-845.2011361893847,-1.7053025658242404e-13,-92.07146718346371,10.892987702017198,0.0,-1.049316125000007,0.6471235686467824,-0.8738597222222233,33.15893652730027,0.8497696288689685,2.2797424776947635,4.440892098500626e-15,1.1181055423144817,8.136742323352374,4.440892098500626e-15,3.8489839785368543,0.5303052009543756,0.6866396842532814,174.63274455952768,0.6216622946408449,0.5647643439966609,0.3895111500695143,2.5329711963929802e-05,20.770104964512583,0.6205397724740478,14.662815236366372,0.37114781546928444,0.6753404387283295,4.789724976456693,0.5155184632706395,-4.232809759572003,0.28189736471025106,0.039267092023611415,-44.28146781535884,0.5037102944077323,-845.2011361893847,-1.7053025658242404e-13,-92.07146718346371,10.892987702017198,0.0,-1.049316125000007,0.6471235686467824,-0.8738597222222233,33.15893652730027,0.8497696288689685,2.2797424776947635,4.440892098500626e-15,1.1181055423144817,8.136742323352374,4.440892098500626e-15,3.8489839785368543,0.5303052009543756,0.6866396842532814,174.63274455952768,0.6216622946408449,0.5647643439966609,0.3895111500695143,2.5329711963929802e-05,20.770104964512583,0.6205397724740478,14.662815236366372,0.37114781546928444,0.6753404387283295,4.789724976456693,0.5155184632706395,-4.232809759572003,0.28189736471025106,0.039267092023611415,-44.28146781535884,0.5037102944077323,-845.2011361893847,-1.7053025658242404e-13,-92.07146718346371,10.892987702017198,0.0,-1.049316125000007,0.6471235686467824,-0.8738597222222233,33.15893652730027,0.8497696288689685,2.2797424776947635,4.440892098500626e-15,1.1181055423144817,8.136742323352374,4.440892098500626e-15,3.8489839785368543,0.5303052009543756,0.6866396842532814,174.63274455952768,0.6216622946408449,0.5647643439966609,0.3895111500695143,2.5329711963929802e-05,20.770104964512583,0.6205397724740478,14.662815236366372,0.37114781546928444,0.6753404387283295,4.789724976456693,0.5155184632706395,-4.232809759572003,0.28189736471025106,0.039267092023611415,-44.28146781535884,0.5037102944077323,-845.2011361893847,-1.7053025658242404e-13,-92.07146718346371,10.892987702017198,0.0,-1.049316125000007,0.6471235686467824,-0.8738597222222233,33.15893652730027,0.8497696288689685,2.2797424776947635,4.440892098500626e-15,1.1181055423144817,8.136742323352374,4.440892098500626e-15,3.8489839785368543,0.5303052009543756,0.6866396842532814,174.63274455952768,0.6216622946408449,0.5647643439966609,0.3895111500695143,2.5329711963929802e-05,20.770104964512583,0.6205397724740478,14.662815236366372,0.37114781546928444,0.6753404387283295,4.789724976456693,0.5155184632706395,-4.232809759572003,0.28189736471025106,0.039267092023611415,-44.28146781535884,0.5037102944077323,0.0,0.0,0.0,0.0,0.0,0.0,0.0,0.0,0.0,0.0,0.0,0.0,0.0,0.0,0.0,0.0,0.0,0.0,0.0,0.0,0.0,0.0,0.0,0.0,0.0,0.0,0.0,0.0,0.0,0.0,0.0,0.0,0.0,0.0,0.0,0.0,0.0,0.0,0.0,0.0,0.0,0.0,0.0,0.0,0.0,0.0,0.0,0.0,0.0,0.0,0.0,0.0,0.0,0.0,0.0,0.0,0.0,0.0,0.0,0.0,0.0,0.0,0.0,0.0,0.0,0.0,0.0,0.0,0.0,0.0
8,9,A,1.0,-15.022854375,2.6300464483887684,1.0,-10.25507125,3.548957343789953,1.0,-8.869911666666667,3.905465814380973,0.0,0.0,0.0,0.0,0.0,0.0,-845.2011361893847,-1.7053025658242404e-13,-87.77214535571656,10.384584208959435,0.0,-2.4001389617284015,0.5972051435694206,-0.73478888888889,32.67434467384549,0.8497696288689685,2.2797424776947635,4.440892098500626e-15,0.7412932238508381,9.225475723987866,4.440892098500626e-15,3.5664993452322653,0.5384681026597877,0.8817549901648665,68.33430280009313,0.6216622946408449,0.8271600191398325,0.3773705208658158,2.251529952350547e-05,6.65732079768588,0.6205397724740478,15.068035737459933,0.3835507194072324,0.694611005932448,4.322575797452481,0.5264967117988595,-4.173278420080443,0.27912070647724085,0.0349040817987657,-39.36130472476341,0.5037102944077323,-845.2011361893847,-1.7053025658242404e-13,-87.77214535571656,10.384584208959435,0.0,-2.4001389617284015,0.5972051435694206,-0.73478888888889,32.67434467384549,0.8497696288689685,2.2797424776947635,4.440892098500626e-15,0.7412932238508381,9.225475723987866,4.440892098500626e-15,3.5664993452322653,0.5384681026597877,0.8817549901648665,68.33430280009313,0.6216622946408449,0.8271600191398325,0.3773705208658158,2.251529952350547e-05,6.65732079768588,0.6205397724740478,15.068035737459933,0.3835507194072324,0.694611005932448,4.322575797452481,0.5264967117988595,-4.173278420080443,0.27912070647724085,0.0349040817987657,-39.36130472476341,0.5037102944077323,-845.2011361893847,-1.7053025658242404e-13,-87.77214535571656,10.384584208959435,0.0,-2.4001389617284015,0.5972051435694206,-0.73478888888889,32.67434467384549,0.8497696288689685,2.2797424776947635,4.440892098500626e-15,0.7412932238508381,9.225475723987866,4.440892098500626e-15,3.5664993452322653,0.5384681026597877,0.8817549901648665,68.33430280009313,0.6216622946408449,0.8271600191398325,0.3773705208658158,2.251529952350547e-05,6.65732079768588,0.6205397724740478,15.068035737459933,0.3835507194072324,0.694611005932448,4.322575797452481,0.5264967117988595,-4.173278420080443,0.27912070647724085,0.0349040817987657,-39.36130472476341,0.5037102944077323,-845.2011361893847,-1.7053025658242404e-13,-87.77214535571656,10.384584208959435,0.0,-2.4001389617284015,0.5972051435694206,-0.73478888888889,32.67434467384549,0.8497696288689685,2.2797424776947635,4.440892098500626e-15,0.7412932238508381,9.225475723987866,4.440892098500626e-15,3.5664993452322653,0.5384681026597877,0.8817549901648665,68.33430280009313,0.6216622946408449,0.8271600191398325,0.3773705208658158,2.251529952350547e-05,6.65732079768588,0.6205397724740478,15.068035737459933,0.3835507194072324,0.694611005932448,4.322575797452481,0.5264967117988595,-4.173278420080443,0.27912070647724085,0.0349040817987657,-39.36130472476341,0.5037102944077323,0.0,0.0,0.0,0.0,0.0,0.0,0.0,0.0,0.0,0.0,0.0,0.0,0.0,0.0,0.0,0.0,0.0,0.0,0.0,0.0,0.0,0.0,0.0,0.0,0.0,0.0,0.0,0.0,0.0,0.0,0.0,0.0,0.0,0.0,0.0,0.0,0.0,0.0,0.0,0.0,0.0,0.0,0.0,0.0,0.0,0.0,0.0,0.0,0.0,0.0,0.0,0.0,0.0,0.0,0.0,0.0,0.0,0.0,0.0,0.0,0.0,0.0,0.0,0.0,0.0,0.0,0.0,0.0,0.0,0.0
9,10,G,1.0,-15.910109444444444,2.4923482056732227,1.0,-10.25507125,3.548957343789953,1.0,-8.869911666666667,3.905465814380973,0.0,0.0,0.0,0.0,0.0,0.0,-845.2011361893847,-1.7053025658242404e-13,-82.72973362500053,9.788148150107844,0.0,-3.0052391811111177,0.5745471807162424,-0.38764084722222314,29.042339735264246,0.8497696288689685,2.2797424776947635,4.440892098500626e-15,0.5294173922613538,9.31119058273283,4.440892098500626e-15,3.3345447357091933,0.5451650817574302,0.21146886733657358,22.814640147888312,0.6216622946408449,0.8965094218948924,0.37415722726068257,-0.16807554511728803,12.645637431021271,0.6205397724740478,14.817825786702057,0.37589418037660294,1.8009312188882345,11.425751406690821,0.5264967117988595,-4.123118043216325,0.2775282041568019,-0.5417948262963544,-16.149605514972745,0.5037102944077323,-845.2011361893847,-1.7053025658242404e-13,-82.72973362500053,9.788148150107844,0.0,-3.0052391811111177,0.5745471807162424,-0.38764084722222314,29.042339735264246,0.8497696288689685,2.2797424776947635,4.440892098500626e-15,0.5294173922613538,9.31119058273283,4.440892098500626e-15,3.3345447357091933,0.5451650817574302,0.21146886733657358,22.814640147888312,0.6216622946408449,0.8965094218948924,0.37415722726068257,-0.16807554511728803,12.645637431021271,0.6205397724740478,14.817825786702057,0.37589418037660294,1.8009312188882345,11.425751406690821,0.5264967117988595,-4.123118043216325,0.2775282041568019,-0.5417948262963544,-16.149605514972745,0.5037102944077323,-845.2011361893847,-1.7053025658242404e-13,-82.72973362500053,9.788148150107844,0.0,-3.0052391811111177,0.5745471807162424,-0.38764084722222314,29.042339735264246,0.8497696288689685,2.2797424776947635,4.440892098500626e-15,0.5294173922613538,9.31119058273283,4.440892098500626e-15,3.3345447357091933,0.5451650817574302,0.21146886733657358,22.814640147888312,0.6216622946408449,0.8965094218948924,0.37415722726068257,-0.16807554511728803,12.645637431021271,0.6205397724740478,14.817825786702057,0.37589418037660294,1.8009312188882345,11.425751406690821,0.5264967117988595,-4.123118043216325,0.2775282041568019,-0.5417948262963544,-16.149605514972745,0.5037102944077323,-845.2011361893847,-1.7053025658242404e-13,-82.72973362500053,9.788148150107844,0.0,-3.0052391811111177,0.5745471807162424,-0.38764084722222314,29.042339735264246,0.8497696288689685,2.2797424776947635,4.440892098500626e-15,0.5294173922613538,9.31119058273283,4.440892098500626e-15,3.3345447357091933,0.5451650817574302,0.21146886733657358,22.814640147888312,0.6216622946408449,0.8965094218948924,0.37415722726068257,-0.16807554511728803,12.645637431021271,0.6205397724740478,14.817825786702057,0.37589418037660294,1.8009312188882345,11.425751406690821,0.5264967117988595,-4.123118043216325,0.2775282041568019,-0.5417948262963544,-16.149605514972745,0.5037102944077323,0.0,0.0,0.0,0.0,0.0,0.0,0.0,0.0,0.0,0.0,0.0,0.0,0.0,0.0,0.0,0.0,0.0,0.0,0.0,0.0,0.0,0.0,0.0,0.0,0.0,0.0,0.0,0.0,0.0,0.0,0.0,0.0,0.0,0.0,0.0,0.0,0.0,0.0,0.0,0.0,0.0,0.0,0.0,0.0,0.0,0.0,0.0,0.0,0.0,0.0,0.0,0.0,0.0,0.0,0.0,0.0,0.0,0.0,0.0,0.0,0.0,0.0,0.0,0.0,0.0,0.0,0.0,0.0,0.0,0.0
10,11,T,1.0,-16.128854444444443,2.4424848571427233,1.0,-10.25507125,3.548957343789953,1.0,-8.869911666666667,3.905465814380973,0.0,0.0,0.0,0.0,0.0,0.0,-845.2011361893847,-1.7053025658242404e-13,-78.11756376337618,9.242569502975364,0.0,-3.2953437292929344,0.56378206870063,0.11953430050504993,-2.7200146739169977,0.8497696288689685,2.2797424776947643,4.440892098500626e-15,0.3817189392591003,8.647848475780124,4.440892098500626e-15,3.3042493454272286,0.5460960422183605,-0.7322553809070751,40.82945399979217,0.6216622946408449,0.9606015174658744,0.3701806351397863,-0.5311670826411072,86.43972804338694,0.6205397724740478,14.8360690283897,0.37594841665804707,2.273586575748602,14.854204747172847,0.5264967117988595,-4.035862791243983,0.2740203113195676,-0.29370339964556064,-45.57477742509323,0.5037102944077323,-845.2011361893847,-1.7053025658242404e-13,-78.11756376337618,9.242569502975364,0.0,-3.2953437292929344,0.56378206870063,0.11953430050504993,-2.7200146739169977,0.8497696288689685,2.2797424776947643,4.440892098500626e-15,0.3817189392591003,8.647848475780124,4.440892098500626e-15,3.3042493454272286,0.5460960422183605,-0.7322553809070751,40.82945399979217,0.6216622946408449,0.9606015174658744,0.3701806351397863,-0.5311670826411072,86.43972804338694,0.6205397724740478,14.8360690283897,0.37594841665804707,2.273586575748602,14.854204747172847,0.5264967117988595,-4.035862791243983,0.2740203113195676,-0.29370339964556064,-45.57477742509323,0.5037102944077323,-845.2011361893847,-1.7053025658242404e-13,-78.11756376337618,9.242569502975364,0.0,-3.2953437292929344,0.56378206870063,0.11953430050504993,-2.7200146739169977,0.8497696288689685,2.2797424776947643,4.440892098500626e-15,0.3817189392591003,8.647848475780124,4.440892098500626e-15,3.3042493454272286,0.5460960422183605,-0.7322553809070751,40.82945399979217,0.6216622946408449,0.9606015174658744,0.3701806351397863,-0.5311670826411072,86.43972804338694,0.6205397724740478,14.8360690283897,0.37594841665804707,2.273586575748602,14.854204747172847,0.5264967117988595,-4.035862791243983,0.2740203113195676,-0.29370339964556064,-45.57477742509323,0.5037102944077323,-845.2011361893847,-1.7053025658242404e-13,-78.11756376337618,9.242569502975364,0.0,-3.2953437292929344,0.56378206870063,0.11953430050504993,-2.7200146739169977,0.8497696288689685,2.2797424776947643,4.440892098500626e-15,0.3817189392591003,8.647848475780124,4.440892098500626e-15,3.3042493454272286,0.5460960422183605,-0.7322553809070751,40.82945399979217,0.6216622946408449,0.9606015174658744,0.3701806351397863,-0.5311670826411072,86.43972804338694,0.6205397724740478,14.8360690283897,0.37594841665804707,2.273586575748602,14.854204747172847,0.5264967117988595,-4.035862791243983,0.2740203113195676,-0.29370339964556064,-45.57477742509323,0.5037102944077323,0.0,0.0,0.0,0.0,0.0,0.0,0.0,0.0,0.0,0.0,0.0,0.0,0.0,0.0,0.0,0.0,0.0,0.0,0.0,0.0,0.0,0.0,0.0,0.0,0.0,0.0,0.0,0.0,0.0,0.0,0.0,0.0,0.0,0.0,0.0,0.0,0.0,0.0,0.0,0.0,0.0,0.0,0.0,0.0,0.0,0.0,0.0,0.0,0.0,0.0,0.0,0.0,0.0,0.0,0.0,0.0,0.0,0.0,0.0,0.0,0.0,0.0,0.0,0.0,0.0,0.0,0.0,0.0,0.0,0.0
11,12,G,1.0,-15.688723227272726,2.538703989423832,1.0,-9.9652335,3.6162436824162776,1.0,-8.798434583333332,3.9252901493401486,0.5,-2.07317,2.3287583331801502,0.0,0.0,0.0,-845.2011361893847,-1.7053025658242404e-13,-74.27935723062538,8.788544151736392,0.0,-3.0819480481481545,0.5718413337147259,0.11732866435185124,-10.45633480788683,0.8497696288689685,2.2797424776947643,4.440892098500626e-15,0.2586368950905556,8.095063386652871,4.440892098500626e-15,3.7043952381574567,0.5344924087586593,0.11788814559554248,14.77198655336885,0.6216622946408449,0.8832719392093488,0.37361612825583856,-0.27003843609422157,69.67471225886388,0.6205397724740478,14.646932045653589,0.36989013897743644,1.7944480124017477,12.511095693649796,0.5264967117988595,-4.1589610178911025,0.2798134166518992,0.1624697728111309,-55.048169910666914,0.5037102944077323,-845.2011361893847,-1.7053025658242404e-13,-74.27935723062538,8.788544151736392,0.0,-3.0819480481481545,0.5718413337147259,0.11732866435185124,-10.45633480788683,0.8497696288689685,2.2797424776947643,4.440892098500626e-15,0.2586368950905556,8.095063386652871,4.440892098500626e-15,3.7043952381574567,0.5344924087586593,0.11788814559554248,14.77198655336885,0.6216622946408449,0.8832719392093488,0.37361612825583856,-0.27003843609422157,69.67471225886388,0.6205397724740478,14.646932045653589,0.36989013897743644,1.7944480124017477,12.511095693649796,0.5264967117988595,-4.1589610178911025,0.2798134166518992,0.1624697728111309,-55.048169910666914,0.5037102944077323,-845.2011361893847,-1.7053025658242404e-13,-74.27935723062538,8.788544151736392,0.0,-3.0819480481481545,0.5718413337147259,0.11732866435185124,-10.45633480788683,0.8497696288689685,2.2797424776947643,4.440892098500626e-15,0.2586368950905556,8.095063386652871,4.440892098500626e-15,3.7043952381574567,0.5344924087586593,0.11788814559554248,14.77198655336885,0.6216622946408449,0.8832719392093488,0.37361612825583856,-0.27003843609422157,69.67471225886388,0.6205397724740478,14.646932045653589,0.36989013897743644,1.7944480124017477,12.511095693649796,0.5264967117988595,-4.1589610178911025,0.2798134166518992,0.1624697728111309,-55.048169910666914,0.5037102944077323,-845.2011361893847,-1.7053025658242404e-13,-74.27935723062538,8.788544151736392,0.0,-3.0819480481481545,0.5718413337147259,0.11732866435185124,-10.45633480788683,0.8497696288689685,2.2797424776947643,4.440892098500626e-15,0.2586368950905556,8.095063386652871,4.440892098500626e-15,3.7043952381574567,0.5344924087586593,0.11788814559554248,14.77198655336885,0.6216622946408449,0.8832719392093488,0.37361612825583856,-0.27003843609422157,69.67471225886388,0.6205397724740478,14.646932045653589,0.36989013897743644,1.7944480124017477,12.511095693649796,0.5264967117988595,-4.1589610178911025,0.2798134166518992,0.1624697728111309,-55.048169910666914,0.5037102944077323,-430.09584629437836,-1.1368683772161603e-13,-37.75561612698371,4.389209574130826,0.0,-2.8895200000000036,0.3494717714382934,-0.3560190590277781,3.4793657523471224,0.3494717714382934,6.82206375715934,3.552713678800501e-15,0.5967269430750424,4.373507521450631,3.552713678800501e-15,3.727208792695744,0.21268017636440834,0.01834532129876047,13.26330737063323,0.21268017636440834,0.16699660980186393,0.14476693771292587,-0.16181581550021698,57.960114272881185,0.14476693771292587,5.765267296841002,0.1160521138650405,0.874178449780875,5.567877952448995,0.1160521138650405,-3.4083990617081765,0.16395634515763793,0.03470028060726568,-55.057304948913234,0.16395634515763793,0.0,0.0,0.0,0.0,0.0,0.0,0.0,0.0,0.0,0.0,0.0,0.0,0.0,0.0,0.0,0.0,0.0,0.0,0.0,0.0,0.0,0.0,0.0,0.0,0.0,0.0,0.0,0.0,0.0,0.0,0.0,0.0,0.0,0.0,0.0
12,13,C,1.0,-16.301399318181815,2.4149301849010927,1.0,-10.559605000000001,3.463320739869631,1.0,-9.44104375,3.7781537954353066,0.5,-2.07317,2.3287583331801502,0.0,0.0,0.0,-845.2011361893847,-1.7053025658242404e-13,-74.27935723062538,8.788544151736392,0.0,-3.0983009370370453,0.5712432280701973,0.1929064421296291,-13.199003458645635,0.8497696288689685,2.2797424776947643,4.440892098500626e-15,0.2586368950905556,8.095063386652871,4.440892098500626e-15,4.041007363729532,0.5247177978899555,0.1398354924299065,-2.242430589350878,0.6216622946408449,1.231200942541641,0.35635076252438913,0.39405644146228613,41.68859524681628,0.6205397724740478,15.215495696680334,0.38636251994422377,1.5033186028967782,10.90791804924218,0.5264967117988595,-4.670629101375928,0.30359575245576703,-0.4408018989951228,6.5063808940308085,0.5037102944077323,-845.2011361893847,-1.7053025658242404e-13,-74.27935723062538,8.788544151736392,0.0,-3.0983009370370453,0.5712432280701973,0.1929064421296291,-13.199003458645635,0.8497696288689685,2.2797424776947643,4.440892098500626e-15,0.2586368950905556,8.095063386652871,4.440892098500626e-15,4.041007363729532,0.5247177978899555,0.1398354924299065,-2.242430589350878,0.6216622946408449,1.231200942541641,0.35635076252438913,0.39405644146228613,41.68859524681628,0.6205397724740478,15.215495696680334,0.38636251994422377,1.5033186028967782,10.90791804924218,0.5264967117988595,-4.670629101375928,0.30359575245576703,-0.4408018989951228,6.5063808940308085,0.5037102944077323,-845.2011361893847,-1.7053025658242404e-13,-74.27935723062538,8.788544151736392,0.0,-3.0983009370370453,0.5712432280701973,0.1929064421296291,-13.199003458645635,0.8497696288689685,2.2797424776947643,4.440892098500626e-15,0.2586368950905556,8.095063386652871,4.440892098500626e-15,4.041007363729532,0.5247177978899555,0.1398354924299065,-2.242430589350878,0.6216622946408449,1.231200942541641,0.35635076252438913,0.39405644146228613,41.68859524681628,0.6205397724740478,15.215495696680334,0.38636251994422377,1.5033186028967782,10.90791804924218,0.5264967117988595,-4.670629101375928,0.30359575245576703,-0.4408018989951228,6.5063808940308085,0.5037102944077323,-845.2011361893847,-1.7053025658242404e-13,-74.27935723062538,8.788544151736392,0.0,-3.0983009370370453,0.5712432280701973,0.1929064421296291,-13.199003458645635,0.8497696288689685,2.2797424776947643,4.440892098500626e-15,0.2586368950905556,8.095063386652871,4.440892098500626e-15,4.041007363729532,0.5247177978899555,0.1398354924299065,-2.242430589350878,0.6216622946408449,1.231200942541641,0.35635076252438913,0.39405644146228613,41.68859524681628,0.6205397724740478,15.215495696680334,0.38636251994422377,1.5033186028967782,10.90791804924218,0.5264967117988595,-4.670629101375928,0.30359575245576703,-0.4408018989951228,6.5063808940308085,0.5037102944077323,-430.09584629437836,-1.1368683772161603e-13,-37.75561612698371,4.389209574130826,0.0,-2.963437777777786,0.34659900051659226,-0.31823017013888916,3.945469610244071,0.3494717714382934,6.82206375715934,3.552713678800501e-15,0.5967269430750424,4.373507521450631,3.552713678800501e-15,4.053780700942046,0.20297730592680652,0.02392195393303287,-10.578030590047053,0.21268017636440834,0.18059562069243362,0.14398583633822415,0.16920084286936832,43.43063299084381,0.14476693771292587,7.087116647863734,0.158091003648616,0.7289813978580609,5.075247280052986,0.2001298934321915,-3.5806357530473822,0.17118163049011326,-0.2455490074389478,4.374326326389885,0.17840691582258855,0.0,0.0,0.0,0.0,0.0,0.0,0.0,0.0,0.0,0.0,0.0,0.0,0.0,0.0,0.0,0.0,0.0,0.0,0.0,0.0,0.0,0.0,0.0,0.0,0.0,0.0,0.0,0.0,0.0,0.0,0.0,0.0,0.0,0.0,0.0
13,14,A,1.0,-16.221544444444444,2.4481857027840963,1.0,-10.559605000000001,3.463320739869631,1.0,-9.44104375,3.7781537954353066,0.5,-2.07317,2.3287583331801502,0.0,0.0,0.0,-845.2011361893847,-1.7053025658242404e-13,-74.27935723062538,8.788544151736392,0.0,-2.723289599074083,0.5851897119258508,0.11732866435185124,-111.90483196220485,0.8940577847372981,2.2797424776947643,4.440892098500626e-15,0.2586368950905556,8.095063386652871,4.440892098500626e-15,4.229413068510031,0.5191981349869172,-0.5958760685891755,68.36806745798687,0.6216622946408449,1.5007871472153564,0.3429838111905836,0.32946414320513995,38.70409189257077,0.6205397724740478,14.47493359563783,0.36441644667635487,1.8898639685407417,14.05281468172911,0.5264967117988595,-4.728490276822273,0.3055432464344449,-1.0207511459295695,29.269517627572313,0.5037102944077323,-845.2011361893847,-1.7053025658242404e-13,-74.27935723062538,8.788544151736392,0.0,-2.723289599074083,0.5851897119258508,0.11732866435185124,-111.90483196220485,0.8940577847372981,2.2797424776947643,4.440892098500626e-15,0.2586368950905556,8.095063386652871,4.440892098500626e-15,4.229413068510031,0.5191981349869172,-0.5958760685891755,68.36806745798687,0.6216622946408449,1.5007871472153564,0.3429838111905836,0.32946414320513995,38.70409189257077,0.6205397724740478,14.47493359563783,0.36441644667635487,1.8898639685407417,14.05281468172911,0.5264967117988595,-4.728490276822273,0.3055432464344449,-1.0207511459295695,29.269517627572313,0.5037102944077323,-845.2011361893847,-1.7053025658242404e-13,-74.27935723062538,8.788544151736392,0.0,-2.723289599074083,0.5851897119258508,0.11732866435185124,-111.90483196220485,0.8940577847372981,2.2797424776947643,4.440892098500626e-15,0.2586368950905556,8.095063386652871,4.440892098500626e-15,4.229413068510031,0.5191981349869172,-0.5958760685891755,68.36806745798687,0.6216622946408449,1.5007871472153564,0.3429838111905836,0.32946414320513995,38.70409189257077,0.6205397724740478,14.47493359563783,0.36441644667635487,1.8898639685407417,14.05281468172911,0.5264967117988595,-4.728490276822273,0.3055432464344449,-1.0207511459295695,29.269517627572313,0.5037102944077323,-845.2011361893847,-1.7053025658242404e-13,-74.27935723062538,8.788544151736392,0.0,-2.723289599074083,0.5851897119258508,0.11732866435185124,-111.90483196220485,0.8940577847372981,2.2797424776947643,4.440892098500626e-15,0.2586368950905556,8.095063386652871,4.440892098500626e-15,4.229413068510031,0.5191981349869172,-0.5958760685891755,68.36806745798687,0.6216622946408449,1.5007871472153564,0.3429838111905836,0.32946414320513995,38.70409189257077,0.6205397724740478,14.47493359563783,0.36441644667635487,1.8898639685407417,14.05281468172911,0.5264967117988595,-4.728490276822273,0.3055432464344449,-1.0207511459295695,29.269517627572313,0.5037102944077323,-430.09584629437836,-1.1368683772161603e-13,-37.75561612698371,4.389209574130826,0.0,-1.954074962962973,0.38582729215387124,-0.3560190590277781,-85.30689352888696,0.4642838754284291,6.822063757159339,3.552713678800501e-15,0.5967269430750424,4.373507521450631,3.552713678800501e-15,4.199925949927704,0.19863514305188645,-0.34575236035106743,66.81098182459878,0.21268017636440834,0.5381961818066971,0.12344593883184311,0.08204217910187828,41.72224707560433,0.14476693771292587,6.6164491943356945,0.1431223257215342,0.87738886711454,5.930707929480508,0.2001298934321915,-3.517170129044793,0.16851926372809034,-0.618550617706524,13.66482039519069,0.17840691582258855,0.0,0.0,0.0,0.0,0.0,0.0,0.0,0.0,0.0,0.0,0.0,0.0,0.0,0.0,0.0,0.0,0.0,0.0,0.0,0.0,0.0,0.0,0.0,0.0,0.0,0.0,0.0,0.0,0.0,0.0,0.0,0.0,0.0,0.0,0.0
14,15,C,1.0,-16.479225,2.413923544117896,1.0,-10.559605000000001,3.463320739869631,1.0,-9.44104375,3.7781537954353066,0.5,-2.07317,2.3287583331801502,0.0,0.0,0.0,-845.2011361893847,-1.7053025658242404e-13,-74.27935723062538,8.788544151736392,0.0,-2.996478043518527,0.5753577834703849,-0.5903260837962974,-50.11787531575881,0.8940577847372981,2.2797424776947643,4.440892098500626e-15,0.2586368950905556,8.095063386652871,4.440892098500626e-15,4.794547525239065,0.5027951540345994,0.5459044803140696,46.35843150783663,0.6216622946408449,1.3523744650284182,0.3513654793832812,0.09774312075897995,17.225077579172492,0.6205397724740478,14.470170909936353,0.3638531650871789,1.2980374840532658,9.437674100477611,0.5264967117988595,-4.17799953209298,0.2798972114570487,-0.5866039333884958,18.936757164884185,0.5037102944077323,-845.2011361893847,-1.7053025658242404e-13,-74.27935723062538,8.788544151736392,0.0,-2.996478043518527,0.5753577834703849,-0.5903260837962974,-50.11787531575881,0.8940577847372981,2.2797424776947643,4.440892098500626e-15,0.2586368950905556,8.095063386652871,4.440892098500626e-15,4.794547525239065,0.5027951540345994,0.5459044803140696,46.35843150783663,0.6216622946408449,1.3523744650284182,0.3513654793832812,0.09774312075897995,17.225077579172492,0.6205397724740478,14.470170909936353,0.3638531650871789,1.2980374840532658,9.437674100477611,0.5264967117988595,-4.17799953209298,0.2798972114570487,-0.5866039333884958,18.936757164884185,0.5037102944077323,-845.2011361893847,-1.7053025658242404e-13,-74.27935723062538,8.788544151736392,0.0,-2.996478043518527,0.5753577834703849,-0.5903260837962974,-50.11787531575881,0.8940577847372981,2.2797424776947643,4.440892098500626e-15,0.2586368950905556,8.095063386652871,4.440892098500626e-15,4.794547525239065,0.5027951540345994,0.5459044803140696,46.35843150783663,0.6216622946408449,1.3523744650284182,0.3513654793832812,0.09774312075897995,17.225077579172492,0.6205397724740478,14.470170909936353,0.3638531650871789,1.2980374840532658,9.437674100477611,0.5264967117988595,-4.17799953209298,0.2798972114570487,-0.5866039333884958,18.936757164884185,0.5037102944077323,-845.2011361893847,-1.7053025658242404e-13,-74.27935723062538,8.788544151736392,0.0,-2.996478043518527,0.5753577834703849,-0.5903260837962974,-50.11787531575881,0.8940577847372981,2.2797424776947643,4.440892098500626e-15,0.2586368950905556,8.095063386652871,4.440892098500626e-15,4.794547525239065,0.5027951540345994,0.5459044803140696,46.35843150783663,0.6216622946408449,1.3523744650284182,0.3513654793832812,0.09774312075897995,17.225077579172492,0.6205397724740478,14.470170909936353,0.3638531650871789,1.2980374840532658,9.437674100477611,0.5264967117988595,-4.17799953209298,0.2798972114570487,-0.5866039333884958,18.936757164884185,0.5037102944077323,-430.09584629437836,-1.1368683772161603e-13,-37.75561612698371,4.389209574130826,0.0,-1.9671540000000083,0.3853189830783901,-0.6061945812500004,-42.29887708917349,0.4642838754284291,6.82206375715934,3.552713678800501e-15,0.5967269430750424,4.373507521450631,3.552713678800501e-15,4.111267356161984,0.20126930363571705,0.25618374347222583,34.868647853900846,0.21268017636440834,0.45487391500464147,0.12823181169172015,-0.032816976922782994,19.549842769077866,0.14476693771292587,6.5934372575221705,0.14239047509524166,0.794408150196821,5.475883506861586,0.2001298934321915,-3.0967548485638443,0.15088294979295352,-0.3750726780794417,8.630526870207786,0.17840691582258855,0.0,0.0,0.0,0.0,0.0,0.0,0.0,0.0,0.0,0.0,0.0,0.0,0.0,0.0,0.0,0.0,0.0,0.0,0.0,0.0,0.0,0.0,0.0,0.0,0.0,0.0,0.0,0.0,0.0,0.0,0.0,0.0,0.0,0.0,0.0
15,16,T,1.0,-17.322297159090912,2.2432054577764595,1.0,-11.17275,3.284495968252495,1.0,-9.826550000000001,3.6761973693280554,0.5,-2.07317,2.3287583331801502,0.0,0.0,0.0,-845.2011361893847,-1.7053025658242404e-13,-74.27935723062538,8.788544151736392,0.0,-2.9206884879629724,0.5786103485021836,-1.2249834518518534,-5.454230273583376,0.8940577847372981,2.2797424776947643,4.440892098500626e-15,0.2586368950905556,8.095063386652871,4.440892098500626e-15,5.145946081879499,0.49265442433566575,0.7765737979376138,-32.137969860581144,0.6216622946408449,0.6801465759084844,0.38576466388135006,0.6226377722113814,14.487163544095829,0.6457125314418009,13.946344415227834,0.3480628718337123,0.7145880978958148,5.873809843502928,0.5264967117988595,-3.675959462556059,0.2556615651530208,-0.1391932999542246,3.736396377701543,0.5037102944077323,-845.2011361893847,-1.7053025658242404e-13,-74.27935723062538,8.788544151736392,0.0,-2.9206884879629724,0.5786103485021836,-1.2249834518518534,-5.454230273583376,0.8940577847372981,2.2797424776947643,4.440892098500626e-15,0.2586368950905556,8.095063386652871,4.440892098500626e-15,5.145946081879499,0.49265442433566575,0.7765737979376138,-32.137969860581144,0.6216622946408449,0.6801465759084844,0.38576466388135006,0.6226377722113814,14.487163544095829,0.6457125314418009,13.946344415227834,0.3480628718337123,0.7145880978958148,5.873809843502928,0.5264967117988595,-3.675959462556059,0.2556615651530208,-0.1391932999542246,3.736396377701543,0.5037102944077323,-845.2011361893847,-1.7053025658242404e-13,-74.27935723062538,8.788544151736392,0.0,-2.9206884879629724,0.5786103485021836,-1.2249834518518534,-5.454230273583376,0.8940577847372981,2.2797424776947643,4.440892098500626e-15,0.2586368950905556,8.095063386652871,4.440892098500626e-15,5.145946081879499,0.49265442433566575,0.7765737979376138,-32.137969860581144,0.6216622946408449,0.6801465759084844,0.38576466388135006,0.6226377722113814,14.487163544095829,0.6457125314418009,13.946344415227834,0.3480628718337123,0.7145880978958148,5.873809843502928,0.5264967117988595,-3.675959462556059,0.2556615651530208,-0.1391932999542246,3.736396377701543,0.5037102944077323,-845.2011361893847,-1.7053025658242404e-13,-74.27935723062538,8.788544151736392,0.0,-2.9206884879629724,0.5786103485021836,-1.2249834518518534,-5.454230273583376,0.8940577847372981,2.2797424776947643,4.440892098500626e-15,0.2586368950905556,8.095063386652871,4.440892098500626e-15,5.145946081879499,0.49265442433566575,0.7765737979376138,-32.137969860581144,0.6216622946408449,0.6801465759084844,0.38576466388135006,0.6226377722113814,14.487163544095829,0.6457125314418009,13.946344415227834,0.3480628718337123,0.7145880978958148,5.873809843502928,0.5264967117988595,-3.675959462556059,0.2556615651530208,-0.1391932999542246,3.736396377701543,0.5037102944077323,-430.0958462943783,-1.1368683772161603e-13,-37.75561612698371,4.389209574130826,0.0,-1.9170584000000068,0.387265919083661,-0.6976769111111117,-6.305234612444674,0.4642838754284291,6.82206375715934,3.552713678800501e-15,0.5967269430750424,4.373507521450631,3.552713678800501e-15,3.8956455812650796,0.20767570324487297,0.3651705651088,-44.95326066225228,0.2333013016814966,-0.16848447519868692,0.1640363344939869,0.3232297083948356,20.142954474967635,0.30725442570305395,6.575117685411172,0.1418078561513653,0.479824939108005,3.688952067831065,0.2001298934321915,-3.0364852455497924,0.14835465529736358,-0.0695966499771123,1.082770131511636,0.17840691582258855,0.0,0.0,0.0,0.0,0.0,0.0,0.0,0.0,0.0,0.0,0.0,0.0,0.0,0.0,0.0,0.0,0.0,0.0,0.0,0.0,0.0,0.0,0.0,0.0,0.0,0.0,0.0,0.0,0.0,0.0,0.0,0.0,0.0,0.0,0.0
16,17,C,1.0,-15.769481884615384,2.5636283790683807,1.0,-10.157506666666666,3.581429503105623,1.0,-9.208389666666669,3.843945698166956,0.5,-1.8333325,2.408075576890715,0.0,0.0,0.0,-845.2011361893847,-1.7053025658242404e-13,-74.27935723062538,8.788544151736392,0.0,-2.985332650925935,0.5763904789290785,-0.4417509259259268,28.582420457140913,0.8940577847372981,2.2797424776947643,4.440892098500626e-15,0.2586368950905556,8.095063386652871,4.440892098500626e-15,5.614316049313424,0.47908945907674255,-0.19742408890348218,-53.02331034696244,0.6216622946408449,0.8370514747712134,0.378460120516095,0.9010050736381534,-21.757995427922918,0.6457125314418009,14.117355477350998,0.352962845027775,1.4137128590869628,10.385731404832644,0.5264967117988595,-3.821995888939647,0.26226546375110305,-0.5799951989493474,-25.304640044648693,0.5037102944077323,-845.2011361893847,-1.7053025658242404e-13,-74.27935723062538,8.788544151736392,0.0,-2.985332650925935,0.5763904789290785,-0.4417509259259268,28.582420457140913,0.8940577847372981,2.2797424776947643,4.440892098500626e-15,0.2586368950905556,8.095063386652871,4.440892098500626e-15,5.614316049313424,0.47908945907674255,-0.19742408890348218,-53.02331034696244,0.6216622946408449,0.8370514747712134,0.378460120516095,0.9010050736381534,-21.757995427922918,0.6457125314418009,14.117355477350998,0.352962845027775,1.4137128590869628,10.385731404832644,0.5264967117988595,-3.821995888939647,0.26226546375110305,-0.5799951989493474,-25.304640044648693,0.5037102944077323,-845.2011361893847,-1.7053025658242404e-13,-74.27935723062538,8.788544151736392,0.0,-2.985332650925935,0.5763904789290785,-0.4417509259259268,28.582420457140913,0.8940577847372981,2.2797424776947643,4.440892098500626e-15,0.2586368950905556,8.095063386652871,4.440892098500626e-15,5.614316049313424,0.47908945907674255,-0.19742408890348218,-53.02331034696244,0.6216622946408449,0.8370514747712134,0.378460120516095,0.9010050736381534,-21.757995427922918,0.6457125314418009,14.117355477350998,0.352962845027775,1.4137128590869628,10.385731404832644,0.5264967117988595,-3.821995888939647,0.26226546375110305,-0.5799951989493474,-25.304640044648693,0.5037102944077323,-845.2011361893847,-1.7053025658242404e-13,-74.27935723062538,8.788544151736392,0.0,-2.985332650925935,0.5763904789290785,-0.4417509259259268,28.582420457140913,0.8940577847372981,2.2797424776947643,4.440892098500626e-15,0.2586368950905556,8.095063386652871,4.440892098500626e-15,5.614316049313424,0.47908945907674255,-0.19742408890348218,-53.02331034696244,0.6216622946408449,0.8370514747712134,0.378460120516095,0.9010050736381534,-21.757995427922918,0.6457125314418009,14.117355477350998,0.352962845027775,1.4137128590869628,10.385731404832644,0.5264967117988595,-3.821995888939647,0.26226546375110305,-0.5799951989493474,-25.304640044648693,0.5037102944077323,-430.0958462943783,-1.1368683772161603e-13,-37.75561612698371,4.389209574130826,0.0,-2.0131931111111174,0.3835297001259375,-0.40971250000000037,30.633246528491153,0.4642838754284291,6.8220637571593405,3.552713678800501e-15,0.5967269430750424,4.373507521450631,3.552713678800501e-15,3.966663863083595,0.20556565896431458,-0.1576792625396782,-54.16433877273078,0.2333013016814966,-0.4498737776407981,0.18019880195081575,0.45541931457978024,4.416314842464074,0.30725442570305395,6.862625636110908,0.15095149649284323,0.6454284674418119,4.626215160453358,0.2001298934321915,-3.337667022322654,0.16098915412107886,-0.3151456574160601,5.446746002834346,0.22416164823965534,0.0,0.0,0.0,0.0,0.0,0.0,0.0,0.0,0.0,0.0,0.0,0.0,0.0,0.0,0.0,0.0,0.0,0.0,0.0,0.0,0.0,0.0,0.0,0.0,0.0,0.0,0.0,0.0,0.0,0.0,0.0,0.0,0.0,0.0,0.0
17,18,A,1.0,-15.877146880341883,2.575568359232551,1.0,-10.314690833333334,3.54854046529585,1.0,-9.399179,3.803552688609316,0.5,-1.8333325,2.408075576890715,0.0,0.0,0.0,-845.2011361893847,-1.7053025658242404e-13,-74.27935723062538,8.788544151736392,0.0,-3.2201380925926015,0.5680244660630024,-0.2218400740740746,60.378301792052994,0.8940577847372981,2.2797424776947643,4.440892098500626e-15,0.2586368950905556,8.095063386652871,4.440892098500626e-15,5.436709019797234,0.48423688618915056,0.8092209326350956,-62.01805095422099,0.6216622946408449,0.6941979915036887,0.3847292148278467,0.2726799375199613,-17.283121479959707,0.6457125314418009,14.002952535221489,0.34952425219755645,0.7466406652520705,5.2010977445862245,0.5264967117988595,-3.8481547361250943,0.26360770269709677,-0.35062633389624376,-32.57260484326423,0.5037102944077323,-845.2011361893847,-1.7053025658242404e-13,-74.27935723062538,8.788544151736392,0.0,-3.2201380925926015,0.5680244660630024,-0.2218400740740746,60.378301792052994,0.8940577847372981,2.2797424776947643,4.440892098500626e-15,0.2586368950905556,8.095063386652871,4.440892098500626e-15,5.436709019797234,0.48423688618915056,0.8092209326350956,-62.01805095422099,0.6216622946408449,0.6941979915036887,0.3847292148278467,0.2726799375199613,-17.283121479959707,0.6457125314418009,14.002952535221489,0.34952425219755645,0.7466406652520705,5.2010977445862245,0.5264967117988595,-3.8481547361250943,0.26360770269709677,-0.35062633389624376,-32.57260484326423,0.5037102944077323,-845.2011361893847,-1.7053025658242404e-13,-74.27935723062538,8.788544151736392,0.0,-3.2201380925926015,0.5680244660630024,-0.2218400740740746,60.378301792052994,0.8940577847372981,2.2797424776947643,4.440892098500626e-15,0.2586368950905556,8.095063386652871,4.440892098500626e-15,5.436709019797234,0.48423688618915056,0.8092209326350956,-62.01805095422099,0.6216622946408449,0.6941979915036887,0.3847292148278467,0.2726799375199613,-17.283121479959707,0.6457125314418009,14.002952535221489,0.34952425219755645,0.7466406652520705,5.2010977445862245,0.5264967117988595,-3.8481547361250943,0.26360770269709677,-0.35062633389624376,-32.57260484326423,0.5037102944077323,-845.2011361893847,-1.7053025658242404e-13,-74.27935723062538,8.788544151736392,0.0,-3.2201380925926015,0.5680244660630024,-0.2218400740740746,60.378301792052994,0.8940577847372981,2.2797424776947643,4.440892098500626e-15,0.2586368950905556,8.095063386652871,4.440892098500626e-15,5.436709019797234,0.48423688618915056,0.8092209326350956,-62.01805095422099,0.6216622946408449,0.6941979915036887,0.3847292148278467,0.2726799375199613,-17.283121479959707,0.6457125314418009,14.002952535221489,0.34952425219755645,0.7466406652520705,5.2010977445862245,0.5264967117988595,-3.8481547361250943,0.26360770269709677,-0.35062633389624376,-32.57260484326423,0.5037102944077323,-430.0958462943783,-1.1368683772161603e-13,-37.75561612698371,4.389209574130826,0.0,-2.0131931111111174,0.3835297001259375,-0.2678126296296299,17.863692108331836,0.0,6.8220637571593405,3.552713678800501e-15,0.5967269430750424,4.373507521450631,0.0,3.966663863083595,0.20556565896431458,0.37116457951831155,-74.90941507541172,0.0,-0.4498737776407981,0.18019880195081575,0.09491789744344607,-4.101974312421141,0.0,6.862625636110908,0.15095149649284323,0.3614346578560006,2.632599047264721,0.0,-3.337667022322654,0.16098915412107886,-0.19525289155617498,3.492324652582639,0.0,0.0,0.0,0.0,0.0,0.0,0.0,0.0,0.0,0.0,0.0,0.0,0.0,0.0,0.0,0.0,0.0,0.0,0.0,0.0,0.0,0.0,0.0,0.0,0.0,0.0,0.0,0.0,0.0,0.0,0.0,0.0,0.0,0.0,0.0,0.0
18,19,A,1.0,-16.978456642857143,2.412666127311205,1.0,-10.314690833333334,3.54854046529585,1.0,-9.399179,3.803552688609316,0.5,-1.8333325,2.408075576890715,0.0,0.0,0.0,-845.2011361893847,-1.7053025658242404e-13,-74.27935723062538,8.788544151736392,0.0,-2.89292349537038,0.5795976423918417,-0.7223879629629637,64.73077372525033,0.8940577847372981,2.2797424776947643,4.440892098500626e-15,0.2586368950905556,8.095063386652871,4.440892098500626e-15,5.15998110253415,0.4922742665169001,1.8724253609432313,-59.19534809378493,0.6434232260786912,0.7051954486569987,0.3846599979128552,0.10464057137030253,-7.79171973332562,0.6457125314418009,15.536737770586907,0.39471808433938765,0.522966326881388,3.255851977271488,0.7607541378153666,-4.1598230615718546,0.27747875214445067,0.04166666666666671,-2.712852276050199,0.5037102944077323,-845.2011361893847,-1.7053025658242404e-13,-74.27935723062538,8.788544151736392,0.0,-2.89292349537038,0.5795976423918417,-0.7223879629629637,64.73077372525033,0.8940577847372981,2.2797424776947643,4.440892098500626e-15,0.2586368950905556,8.095063386652871,4.440892098500626e-15,5.15998110253415,0.4922742665169001,1.8724253609432313,-59.19534809378493,0.6434232260786912,0.7051954486569987,0.3846599979128552,0.10464057137030253,-7.79171973332562,0.6457125314418009,15.536737770586907,0.39471808433938765,0.522966326881388,3.255851977271488,0.7607541378153666,-4.1598230615718546,0.27747875214445067,0.04166666666666671,-2.712852276050199,0.5037102944077323,-845.2011361893847,-1.7053025658242404e-13,-74.27935723062538,8.788544151736392,0.0,-2.89292349537038,0.5795976423918417,-0.7223879629629637,64.73077372525033,0.8940577847372981,2.2797424776947643,4.440892098500626e-15,0.2586368950905556,8.095063386652871,4.440892098500626e-15,5.15998110253415,0.4922742665169001,1.8724253609432313,-59.19534809378493,0.6434232260786912,0.7051954486569987,0.3846599979128552,0.10464057137030253,-7.79171973332562,0.6457125314418009,15.536737770586907,0.39471808433938765,0.522966326881388,3.255851977271488,0.7607541378153666,-4.1598230615718546,0.27747875214445067,0.04166666666666671,-2.712852276050199,0.5037102944077323,-845.2011361893847,-1.7053025658242404e-13,-74.27935723062538,8.788544151736392,0.0,-2.89292349537038,0.5795976423918417,-0.7223879629629637,64.73077372525033,0.8940577847372981,2.2797424776947643,4.440892098500626e-15,0.2586368950905556,8.095063386652871,4.440892098500626e-15,5.15998110253415,0.4922742665169001,1.8724253609432313,-59.19534809378493,0.6434232260786912,0.7051954486569987,0.3846599979128552,0.10464057137030253,-7.79171973332562,0.6457125314418009,15.536737770586907,0.39471808433938765,0.522966326881388,3.255851977271488,0.7607541378153666,-4.1598230615718546,0.27747875214445067,0.04166666666666671,-2.712852276050199,0.5037102944077323,-430.0958462943783,-1.1368683772161603e-13,-37.75561612698371,4.389209574130826,0.0,-2.0131931111111174,0.3835297001259375,-0.41026805555555584,25.445407850861255,0.0,6.8220637571593405,3.552713678800501e-15,0.5967269430750424,4.373507521450631,0.0,3.966663863083595,0.20556565896431458,0.9349243160092032,-81.30075085517238,0.0,-0.4498737776407981,0.18019880195081575,0.009301366472925107,-6.573623925281975,0.0,6.862625636110908,0.15095149649284323,0.41725719808769196,2.8693342833447026,0.0,-3.337667022322654,0.16098915412107886,0.020833333333333356,-0.5675083383548881,0.0,0.0,0.0,0.0,0.0,0.0,0.0,0.0,0.0,0.0,0.0,0.0,0.0,0.0,0.0,0.0,0.0,0.0,0.0,0.0,0.0,0.0,0.0,0.0,0.0,0.0,0.0,0.0,0.0,0.0,0.0,0.0,0.0,0.0,0.0,0.0
19,20,G,1.0,-17.817665683760687,2.3292412410128467,1.0,-9.399179,3.803552688609316,1.0,-9.399179,3.803552688609316,0.5,-1.8333325,2.408075576890715,0.0,0.0,0.0,-845.2011361893847,-1.7053025658242404e-13,-74.27935723062538,8.788544151736392,0.0,-2.315773702777787,0.6003457171920843,-0.7223879629629637,90.44989144080562,0.8940577847372981,2.2797424776947643,4.440892098500626e-15,0.2586368950905556,8.095063386652871,4.440892098500626e-15,4.822207309999914,0.5020397620845768,1.9232639155242715,47.910753797641135,0.732045135850727,0.03663691485943521,0.4185375621598173,0.0942254800475325,-8.97674723203349,0.6545863774605212,16.327887539791718,0.4175677231117416,0.766750642264844,3.295516046712921,0.7607541378153666,-4.349513202380789,0.2860205926631159,-0.29718961633686214,6.687578737011125,0.5037102944077323,-845.2011361893847,-1.7053025658242404e-13,-74.27935723062538,8.788544151736392,0.0,-2.315773702777787,0.6003457171920843,-0.7223879629629637,90.44989144080562,0.8940577847372981,2.2797424776947643,4.440892098500626e-15,0.2586368950905556,8.095063386652871,4.440892098500626e-15,4.822207309999914,0.5020397620845768,1.9232639155242715,47.910753797641135,0.732045135850727,0.03663691485943521,0.4185375621598173,0.0942254800475325,-8.97674723203349,0.6545863774605212,16.327887539791718,0.4175677231117416,0.766750642264844,3.295516046712921,0.7607541378153666,-4.349513202380789,0.2860205926631159,-0.29718961633686214,6.687578737011125,0.5037102944077323,-845.2011361893847,-1.7053025658242404e-13,-74.27935723062538,8.788544151736392,0.0,-2.315773702777787,0.6003457171920843,-0.7223879629629637,90.44989144080562,0.8940577847372981,2.2797424776947643,4.440892098500626e-15,0.2586368950905556,8.095063386652871,4.440892098500626e-15,4.822207309999914,0.5020397620845768,1.9232639155242715,47.910753797641135,0.732045135850727,0.03663691485943521,0.4185375621598173,0.0942254800475325,-8.97674723203349,0.6545863774605212,16.327887539791718,0.4175677231117416,0.766750642264844,3.295516046712921,0.7607541378153666,-4.349513202380789,0.2860205926631159,-0.29718961633686214,6.687578737011125,0.5037102944077323,-845.2011361893847,-1.7053025658242404e-13,-74.27935723062538,8.788544151736392,0.0,-2.315773702777787,0.6003457171920843,-0.7223879629629637,90.44989144080562,0.8940577847372981,2.2797424776947643,4.440892098500626e-15,0.2586368950905556,8.095063386652871,4.440892098500626e-15,4.822207309999914,0.5020397620845768,1.9232639155242715,47.910753797641135,0.732045135850727,0.03663691485943521,0.4185375621598173,0.0942254800475325,-8.97674723203349,0.6545863774605212,16.327887539791718,0.4175677231117416,0.766750642264844,3.295516046712921,0.7607541378153666,-4.349513202380789,0.2860205926631159,-0.29718961633686214,6.687578737011125,0.5037102944077323,-430.0958462943783,-1.1368683772161603e-13,-37.75561612698371,4.389209574130826,0.0,-2.0131931111111174,0.3835297001259375,-0.41026805555555584,64.88918880740673,0.0,6.8220637571593405,3.552713678800501e-15,0.5967269430750424,4.373507521450631,0.0,3.966663863083595,0.20556565896431458,0.9828392820857772,28.708011296111295,0.0,-0.4498737776407981,0.18019880195081575,0.05809392734975879,3.909468336544062,0.0,6.862625636110908,0.15095149649284323,0.4849497191258479,2.5040470431225423,0.0,-3.337667022322654,0.16098915412107886,-0.15901147483509773,1.9772277266037577,0.0,0.0,0.0,0.0,0.0,0.0,0.0,0.0,0.0,0.0,0.0,0.0,0.0,0.0,0.0,0.0,0.0,0.0,0.0,0.0,0.0,0.0,0.0,0.0,0.0,0.0,0.0,0.0,0.0,0.0,0.0,0.0,0.0,0.0,0.0,0.0
20,21,G,1.0,-18.057757961538464,2.26561512131373,1.0,-9.399179,3.803552688609316,1.0,-9.399179,3.803552688609316,0.5,-1.8333325,2.408075576890715,0.0,0.0,0.0,-845.2011361893847,-1.7053025658242404e-13,-74.27935723062538,8.788544151736392,0.0,-1.2486551842592686,0.6397707187749668,-0.3832192245370378,50.07572262758676,0.8940577847372981,2.2797424776947643,4.440892098500626e-15,0.2586368950905556,8.095063386652871,4.440892098500626e-15,4.6090319755087235,0.5082584576180649,0.5547273263606758,165.40635421271284,0.732045135850727,-0.6029264156604386,0.4499371353012439,-0.15083472194393038,-29.922579201451242,0.6769334624012469,16.801471810350385,0.43090171396662147,1.5662658797712112,7.055570424790693,0.7607541378153666,-4.308475015854844,0.28410267268263234,-0.7173349882909202,31.95525464116839,0.5037102944077323,-845.2011361893847,-1.7053025658242404e-13,-74.27935723062538,8.788544151736392,0.0,-1.2486551842592686,0.6397707187749668,-0.3832192245370378,50.07572262758676,0.8940577847372981,2.2797424776947643,4.440892098500626e-15,0.2586368950905556,8.095063386652871,4.440892098500626e-15,4.6090319755087235,0.5082584576180649,0.5547273263606758,165.40635421271284,0.732045135850727,-0.6029264156604386,0.4499371353012439,-0.15083472194393038,-29.922579201451242,0.6769334624012469,16.801471810350385,0.43090171396662147,1.5662658797712112,7.055570424790693,0.7607541378153666,-4.308475015854844,0.28410267268263234,-0.7173349882909202,31.95525464116839,0.5037102944077323,-845.2011361893847,-1.7053025658242404e-13,-74.27935723062538,8.788544151736392,0.0,-1.2486551842592686,0.6397707187749668,-0.3832192245370378,50.07572262758676,0.8940577847372981,2.2797424776947643,4.440892098500626e-15,0.2586368950905556,8.095063386652871,4.440892098500626e-15,4.6090319755087235,0.5082584576180649,0.5547273263606758,165.40635421271284,0.732045135850727,-0.6029264156604386,0.4499371353012439,-0.15083472194393038,-29.922579201451242,0.6769334624012469,16.801471810350385,0.43090171396662147,1.5662658797712112,7.055570424790693,0.7607541378153666,-4.308475015854844,0.28410267268263234,-0.7173349882909202,31.95525464116839,0.5037102944077323,-845.2011361893847,-1.7053025658242404e-13,-74.27935723062538,8.788544151736392,0.0,-1.2486551842592686,0.6397707187749668,-0.3832192245370378,50.07572262758676,0.8940577847372981,2.2797424776947643,4.440892098500626e-15,0.2586368950905556,8.095063386652871,4.440892098500626e-15,4.6090319755087235,0.5082584576180649,0.5547273263606758,165.40635421271284,0.732045135850727,-0.6029264156604386,0.4499371353012439,-0.15083472194393038,-29.922579201451242,0.6769334624012469,16.801471810350385,0.43090171396662147,1.5662658797712112,7.055570424790693,0.7607541378153666,-4.308475015854844,0.28410267268263234,-0.7173349882909202,31.95525464116839,0.5037102944077323,-430.0958462943783,-1.1368683772161603e-13,-37.75561612698371,4.389209574130826,0.0,-2.0131931111111174,0.3835297001259375,-0.498474484953704,25.008366033207295,0.0,6.8220637571593405,3.552713678800501e-15,0.5967269430750424,4.373507521450631,0.0,3.966663863083595,0.20556565896431458,0.27186838976955424,34.899071026999884,0.0,-0.4498737776407981,0.18019880195081575,-0.11817193783575164,-36.9819893764037,0.0,6.862625636110908,0.15095149649284323,0.6905938785841038,3.0025603677376314,0.0,-3.337667022322654,0.16098915412107886,-0.47058581639352964,7.465440304395365,0.0,0.0,0.0,0.0,0.0,0.0,0.0,0.0,0.0,0.0,0.0,0.0,0.0,0.0,0.0,0.0,0.0,0.0,0.0,0.0,0.0,0.0,0.0,0.0,0.0,0.0,0.0,0.0,0.0,0.0,0.0,0.0,0.0,0.0,0.0,0.0
21,22,T,1.0,-17.63195753246753,2.3189239391422323,1.0,-9.687660833333334,3.723217613063345,1.0,-9.687660833333334,3.723217613063345,0.5,-1.8333325,2.408075576890715,0.0,0.0,0.0,-845.2011361893847,-1.7053025658242404e-13,-74.27935723062538,8.788544151736392,0.0,-0.9869132583333431,0.6496983374375005,0.1929064421296291,-0.8826272651149303,0.8940577847372981,2.2797424776947643,4.440892098500626e-15,0.2586368950905556,8.095063386652871,4.440892098500626e-15,5.0419326241141915,0.49576322865924677,-0.5434503630468235,111.49106296440034,0.732045135850727,-1.0712784501459995,0.4725565648545859,-0.5757941182966094,-18.33603681360715,0.6870058662989151,16.85750118894576,0.4325143444280447,1.995254782335783,10.492358140154622,0.7607541378153666,-4.44579246481846,0.28990005509413297,-0.20652748308928934,4.352150820427009,0.5037102944077323,-845.2011361893847,-1.7053025658242404e-13,-74.27935723062538,8.788544151736392,0.0,-0.9869132583333431,0.6496983374375005,0.1929064421296291,-0.8826272651149303,0.8940577847372981,2.2797424776947643,4.440892098500626e-15,0.2586368950905556,8.095063386652871,4.440892098500626e-15,5.0419326241141915,0.49576322865924677,-0.5434503630468235,111.49106296440034,0.732045135850727,-1.0712784501459995,0.4725565648545859,-0.5757941182966094,-18.33603681360715,0.6870058662989151,16.85750118894576,0.4325143444280447,1.995254782335783,10.492358140154622,0.7607541378153666,-4.44579246481846,0.28990005509413297,-0.20652748308928934,4.352150820427009,0.5037102944077323,-845.2011361893847,-1.7053025658242404e-13,-74.27935723062538,8.788544151736392,0.0,-0.9869132583333431,0.6496983374375005,0.1929064421296291,-0.8826272651149303,0.8940577847372981,2.2797424776947643,4.440892098500626e-15,0.2586368950905556,8.095063386652871,4.440892098500626e-15,5.0419326241141915,0.49576322865924677,-0.5434503630468235,111.49106296440034,0.732045135850727,-1.0712784501459995,0.4725565648545859,-0.5757941182966094,-18.33603681360715,0.6870058662989151,16.85750118894576,0.4325143444280447,1.995254782335783,10.492358140154622,0.7607541378153666,-4.44579246481846,0.28990005509413297,-0.20652748308928934,4.352150820427009,0.5037102944077323,-845.2011361893847,-1.7053025658242404e-13,-74.27935723062538,8.788544151736392,0.0,-0.9869132583333431,0.6496983374375005,0.1929064421296291,-0.8826272651149303,0.8940577847372981,2.2797424776947643,4.440892098500626e-15,0.2586368950905556,8.095063386652871,4.440892098500626e-15,5.0419326241141915,0.49576322865924677,-0.5434503630468235,111.49106296440034,0.732045135850727,-1.0712784501459995,0.4725565648545859,-0.5757941182966094,-18.33603681360715,0.6870058662989151,16.85750118894576,0.4325143444280447,1.995254782335783,10.492358140154622,0.7607541378153666,-4.44579246481846,0.28990005509413297,-0.20652748308928934,4.352150820427009,0.5037102944077323,-430.0958462943783,-1.1368683772161603e-13,-37.75561612698371,4.389209574130826,0.0,-2.0131931111111174,0.3835297001259375,-0.31823017013888916,-13.868806307140575,0.0,6.8220637571593405,3.552713678800501e-15,0.5967269430750424,4.373507521450631,0.0,3.966663863083595,0.20556565896431458,-0.32408423430574035,15.476960372722402,0.0,-0.4498737776407981,0.18019880195081575,-0.3298891813515798,-55.4413018690008,0.0,6.862625636110908,0.15095149649284323,0.9250718840015525,4.770170574665672,0.0,-3.337667022322654,0.16098915412107886,-0.25130000292434734,3.9129631422558506,0.0,0.0,0.0,0.0,0.0,0.0,0.0,0.0,0.0,0.0,0.0,0.0,0.0,0.0,0.0,0.0,0.0,0.0,0.0,0.0,0.0,0.0,0.0,0.0,0.0,0.0,0.0,0.0,0.0,0.0,0.0,0.0,0.0,0.0,0.0,0.0
22,23,G,1.0,-17.923175416666666,2.260513390283081,1.0,-9.687660833333334,3.723217613063345,1.0,-9.687660833333334,3.723217613063345,0.5,-1.8333325,2.408075576890715,0.0,0.0,0.0,-845.2011361893847,-1.7053025658242404e-13,-74.27935723062538,8.788544151736392,0.0,-1.5711076287037127,0.628175570304669,-0.2218400740740746,-41.96429226773523,0.8940577847372981,2.2797424776947643,4.440892098500626e-15,0.2586368950905556,8.095063386652871,4.440892098500626e-15,5.446283024374287,0.4839626462350958,-0.16452173807995998,49.45947967983734,0.732045135850727,-1.1311739682974826,0.4760483320759429,-0.5320211855412208,8.340429647117894,0.6870058662989151,16.713372754758986,0.42841030002103125,1.142128185003287,6.292233333332403,0.7607541378153666,-4.89302153291931,0.31039831757576375,0.1886478341602052,4.561830021360921,0.5118996608480203,-845.2011361893847,-1.7053025658242404e-13,-74.27935723062538,8.788544151736392,0.0,-1.5711076287037127,0.628175570304669,-0.2218400740740746,-41.96429226773523,0.8940577847372981,2.2797424776947643,4.440892098500626e-15,0.2586368950905556,8.095063386652871,4.440892098500626e-15,5.446283024374287,0.4839626462350958,-0.16452173807995998,49.45947967983734,0.732045135850727,-1.1311739682974826,0.4760483320759429,-0.5320211855412208,8.340429647117894,0.6870058662989151,16.713372754758986,0.42841030002103125,1.142128185003287,6.292233333332403,0.7607541378153666,-4.89302153291931,0.31039831757576375,0.1886478341602052,4.561830021360921,0.5118996608480203,-845.2011361893847,-1.7053025658242404e-13,-74.27935723062538,8.788544151736392,0.0,-1.5711076287037127,0.628175570304669,-0.2218400740740746,-41.96429226773523,0.8940577847372981,2.2797424776947643,4.440892098500626e-15,0.2586368950905556,8.095063386652871,4.440892098500626e-15,5.446283024374287,0.4839626462350958,-0.16452173807995998,49.45947967983734,0.732045135850727,-1.1311739682974826,0.4760483320759429,-0.5320211855412208,8.340429647117894,0.6870058662989151,16.713372754758986,0.42841030002103125,1.142128185003287,6.292233333332403,0.7607541378153666,-4.89302153291931,0.31039831757576375,0.1886478341602052,4.561830021360921,0.5118996608480203,-845.2011361893847,-1.7053025658242404e-13,-74.27935723062538,8.788544151736392,0.0,-1.5711076287037127,0.628175570304669,-0.2218400740740746,-41.96429226773523,0.8940577847372981,2.2797424776947643,4.440892098500626e-15,0.2586368950905556,8.095063386652871,4.440892098500626e-15,5.446283024374287,0.4839626462350958,-0.16452173807995998,49.45947967983734,0.732045135850727,-1.1311739682974826,0.4760483320759429,-0.5320211855412208,8.340429647117894,0.6870058662989151,16.713372754758986,0.42841030002103125,1.142128185003287,6.292233333332403,0.7607541378153666,-4.89302153291931,0.31039831757576375,0.1886478341602052,4.561830021360921,0.5118996608480203,-430.0958462943783,-1.1368683772161603e-13,-37.75561612698371,4.389209574130826,0.0,-2.0131931111111174,0.3835297001259375,-0.2678126296296299,-27.428279824651153,0.0,6.8220637571593405,3.552713678800501e-15,0.5967269430750424,4.373507521450631,0.0,3.966663863083595,0.20556565896431458,-0.13806511017475345,1.745441082889337,0.0,-0.4498737776407981,0.18019880195081575,-0.26787939219546114,-27.99265621176515,0.0,6.862625636110908,0.15095149649284323,0.5733064878699025,3.1337228432262623,0.0,-3.337667022322654,0.16098915412107886,0.056872652516491234,-1.2001664751715342,0.0,0.0,0.0,0.0,0.0,0.0,0.0,0.0,0.0,0.0,0.0,0.0,0.0,0.0,0.0,0.0,0.0,0.0,0.0,0.0,0.0,0.0,0.0,0.0,0.0,0.0,0.0,0.0,0.0,0.0,0.0,0.0,0.0,0.0,0.0,0.0
23,24,A,1.0,-18.846280416666666,2.095049875243719,1.0,-9.923569,3.6680267653540106,1.0,-9.923569,3.6680267653540106,0.5,-1.593495,2.487392820601279,0.0,0.0,0.0,-845.2011361893847,-1.7053025658242404e-13,-74.27935723062538,8.788544151736392,0.0,-2.2141530953703787,0.6040199258186572,-0.3832192245370378,6.036187580444015,0.8940577847372981,2.2797424776947643,4.440892098500626e-15,0.2586368950905556,8.095063386652871,4.440892098500626e-15,5.470037316428431,0.4832351105521431,-0.6079262104098941,27.452237276885235,0.732045135850727,-0.8746773667438,0.46488140380231685,-0.14297645699250383,-3.22762655569702,0.6870058662989151,17.126295573003212,0.4405693589563907,1.5320336097009923,8.671913452709273,0.7607541378153666,-4.692476696462483,0.30038719231734745,-0.6022800840175848,37.22790053119881,0.5118996608480203,-845.2011361893847,-1.7053025658242404e-13,-74.27935723062538,8.788544151736392,0.0,-2.2141530953703787,0.6040199258186572,-0.3832192245370378,6.036187580444015,0.8940577847372981,2.2797424776947643,4.440892098500626e-15,0.2586368950905556,8.095063386652871,4.440892098500626e-15,5.470037316428431,0.4832351105521431,-0.6079262104098941,27.452237276885235,0.732045135850727,-0.8746773667438,0.46488140380231685,-0.14297645699250383,-3.22762655569702,0.6870058662989151,17.126295573003212,0.4405693589563907,1.5320336097009923,8.671913452709273,0.7607541378153666,-4.692476696462483,0.30038719231734745,-0.6022800840175848,37.22790053119881,0.5118996608480203,-845.2011361893847,-1.7053025658242404e-13,-74.27935723062538,8.788544151736392,0.0,-2.2141530953703787,0.6040199258186572,-0.3832192245370378,6.036187580444015,0.8940577847372981,2.2797424776947643,4.440892098500626e-15,0.2586368950905556,8.095063386652871,4.440892098500626e-15,5.470037316428431,0.4832351105521431,-0.6079262104098941,27.452237276885235,0.732045135850727,-0.8746773667438,0.46488140380231685,-0.14297645699250383,-3.22762655569702,0.6870058662989151,17.126295573003212,0.4405693589563907,1.5320336097009923,8.671913452709273,0.7607541378153666,-4.692476696462483,0.30038719231734745,-0.6022800840175848,37.22790053119881,0.5118996608480203,-845.2011361893847,-1.7053025658242404e-13,-74.27935723062538,8.788544151736392,0.0,-2.2141530953703787,0.6040199258186572,-0.3832192245370378,6.036187580444015,0.8940577847372981,2.2797424776947643,4.440892098500626e-15,0.2586368950905556,8.095063386652871,4.440892098500626e-15,5.470037316428431,0.4832351105521431,-0.6079262104098941,27.452237276885235,0.732045135850727,-0.8746773667438,0.46488140380231685,-0.14297645699250383,-3.22762655569702,0.6870058662989151,17.126295573003212,0.4405693589563907,1.5320336097009923,8.671913452709273,0.7607541378153666,-4.692476696462483,0.30038719231734745,-0.6022800840175848,37.22790053119881,0.5118996608480203,-430.0958462943783,-1.1368683772161603e-13,-37.75561612698371,4.389209574130826,0.0,-1.83792773333334,0.39034128586346634,-0.498474484953704,9.566316055150958,0.0,6.82206375715934,3.552713678800501e-15,0.5967269430750424,4.373507521450631,0.0,4.014554877161165,0.20414275548429583,-0.3530689457614817,-3.1926767797675453,0.0,-0.5732478551293305,0.18728517479839374,-0.15988863368213066,-8.013860162801743,0.0,7.082097303964889,0.15793137301840376,0.7393607492988011,4.166426621650365,0.0,-3.3235206144455502,0.16039571591376706,-0.3802920209077902,5.149302812267922,0.0,0.0,0.0,0.0,0.0,0.0,0.0,0.0,0.0,0.0,0.0,0.0,0.0,0.0,0.0,0.0,0.0,0.0,0.0,0.0,0.0,0.0,0.0,0.0,0.0,0.0,0.0,0.0,0.0,0.0,0.0,0.0,0.0,0.0,0.0,0.0
24,25,C,1.0,-19.343329791666665,2.009939212791248,1.0,-9.498973750000001,3.7720590529688094,1.0,-9.498973750000001,3.7720590529688094,0.5,-1.593495,2.487392820601279,0.0,0.0,0.0,-845.2011361893847,-1.7053025658242404e-13,-74.27935723062538,8.788544151736392,0.0,-2.8515151592592662,0.5803733116966181,0.1929064421296291,36.515069216302756,0.8940577847372981,2.2797424776947643,4.440892098500626e-15,0.2586368950905556,8.095063386652871,4.440892098500626e-15,5.374694749826172,0.48603571267358014,0.19165507534840379,3.402256200688947,0.732045135850727,-0.9614924166630516,0.46914384190347636,0.03883728896887151,3.2664327137185465,0.6870058662989151,17.189945861961725,0.44193324112614285,2.4347195567543354,13.161997664502168,0.7607541378153666,-4.63586805541128,0.2980139090137742,-1.1958326283015408,35.753304900103885,0.5118996608480203,-845.2011361893847,-1.7053025658242404e-13,-74.27935723062538,8.788544151736392,0.0,-2.8515151592592662,0.5803733116966181,0.1929064421296291,36.515069216302756,0.8940577847372981,2.2797424776947643,4.440892098500626e-15,0.2586368950905556,8.095063386652871,4.440892098500626e-15,5.374694749826172,0.48603571267358014,0.19165507534840379,3.402256200688947,0.732045135850727,-0.9614924166630516,0.46914384190347636,0.03883728896887151,3.2664327137185465,0.6870058662989151,17.189945861961725,0.44193324112614285,2.4347195567543354,13.161997664502168,0.7607541378153666,-4.63586805541128,0.2980139090137742,-1.1958326283015408,35.753304900103885,0.5118996608480203,-845.2011361893847,-1.7053025658242404e-13,-74.27935723062538,8.788544151736392,0.0,-2.8515151592592662,0.5803733116966181,0.1929064421296291,36.515069216302756,0.8940577847372981,2.2797424776947643,4.440892098500626e-15,0.2586368950905556,8.095063386652871,4.440892098500626e-15,5.374694749826172,0.48603571267358014,0.19165507534840379,3.402256200688947,0.732045135850727,-0.9614924166630516,0.46914384190347636,0.03883728896887151,3.2664327137185465,0.6870058662989151,17.189945861961725,0.44193324112614285,2.4347195567543354,13.161997664502168,0.7607541378153666,-4.63586805541128,0.2980139090137742,-1.1958326283015408,35.753304900103885,0.5118996608480203,-845.2011361893847,-1.7053025658242404e-13,-74.27935723062538,8.788544151736392,0.0,-2.8515151592592662,0.5803733116966181,0.1929064421296291,36.515069216302756,0.8940577847372981,2.2797424776947643,4.440892098500626e-15,0.2586368950905556,8.095063386652871,4.440892098500626e-15,5.374694749826172,0.48603571267358014,0.19165507534840379,3.402256200688947,0.732045135850727,-0.9614924166630516,0.46914384190347636,0.03883728896887151,3.2664327137185465,0.6870058662989151,17.189945861961725,0.44193324112614285,2.4347195567543354,13.161997664502168,0.7607541378153666,-4.63586805541128,0.2980139090137742,-1.1958326283015408,35.753304900103885,0.5118996608480203,-430.09584629437836,-1.1368683772161603e-13,-37.75561612698371,4.389209574130826,0.0,-1.5380707777777827,0.40199504993061014,-0.31823017013888916,34.84890478780985,0.0,6.82206375715934,3.552713678800501e-15,0.5967269430750424,4.373507521450631,0.0,3.92310544415437,0.2068598354830686,0.05677143993254513,3.727807117784829,0.0,-0.7651084768074139,0.19830528475711157,-0.06711628336298874,-1.7885621555940754,0.0,6.750380130234495,0.14738174291495681,1.112175428416811,5.895170697366608,0.0,-3.21618265696029,0.15589291593656168,-0.7472824785479636,10.56680031656913,0.0,0.0,0.0,0.0,0.0,0.0,0.0,0.0,0.0,0.0,0.0,0.0,0.0,0.0,0.0,0.0,0.0,0.0,0.0,0.0,0.0,0.0,0.0,0.0,0.0,0.0,0.0,0.0,0.0,0.0,0.0,0.0,0.0,0.0,0.0,0.0
25,26,G,1.0,-19.65592212184874,1.940950527548369,1.0,-9.498973750000001,3.7720590529688094,1.0,-9.498973750000001,3.7720590529688094,0.5,-1.593495,2.487392820601279,0.0,0.0,0.0,-845.2011361893847,-1.7053025658242404e-13,-74.27935723062538,8.788544151736392,0.0,-3.352558418518525,0.5619129220619556,0.11732866435185124,-10.773316263806864,0.8940577847372981,2.2797424776947643,4.440892098500626e-15,0.2586368950905556,8.095063386652871,4.440892098500626e-15,5.589686322497383,0.47984654283398565,0.05605651487112662,-7.859697989630738,0.732045135850727,-1.2194644842211613,0.4826939145988028,-0.30770043562226573,61.67039960118446,0.6870058662989151,17.50736499562557,0.45058900688670567,2.339226259777394,13.200076218558348,0.7607541378153666,-4.264328084611841,0.28078311736565376,-0.9470379108910546,37.049895331734874,0.5118996608480203,-845.2011361893847,-1.7053025658242404e-13,-74.27935723062538,8.788544151736392,0.0,-3.352558418518525,0.5619129220619556,0.11732866435185124,-10.773316263806864,0.8940577847372981,2.2797424776947643,4.440892098500626e-15,0.2586368950905556,8.095063386652871,4.440892098500626e-15,5.589686322497383,0.47984654283398565,0.05605651487112662,-7.859697989630738,0.732045135850727,-1.2194644842211613,0.4826939145988028,-0.30770043562226573,61.67039960118446,0.6870058662989151,17.50736499562557,0.45058900688670567,2.339226259777394,13.200076218558348,0.7607541378153666,-4.264328084611841,0.28078311736565376,-0.9470379108910546,37.049895331734874,0.5118996608480203,-845.2011361893847,-1.7053025658242404e-13,-74.27935723062538,8.788544151736392,0.0,-3.352558418518525,0.5619129220619556,0.11732866435185124,-10.773316263806864,0.8940577847372981,2.2797424776947643,4.440892098500626e-15,0.2586368950905556,8.095063386652871,4.440892098500626e-15,5.589686322497383,0.47984654283398565,0.05605651487112662,-7.859697989630738,0.732045135850727,-1.2194644842211613,0.4826939145988028,-0.30770043562226573,61.67039960118446,0.6870058662989151,17.50736499562557,0.45058900688670567,2.339226259777394,13.200076218558348,0.7607541378153666,-4.264328084611841,0.28078311736565376,-0.9470379108910546,37.049895331734874,0.5118996608480203,-845.2011361893847,-1.7053025658242404e-13,-74.27935723062538,8.788544151736392,0.0,-3.352558418518525,0.5619129220619556,0.11732866435185124,-10.773316263806864,0.8940577847372981,2.2797424776947643,4.440892098500626e-15,0.2586368950905556,8.095063386652871,4.440892098500626e-15,5.589686322497383,0.47984654283398565,0.05605651487112662,-7.859697989630738,0.732045135850727,-1.2194644842211613,0.4826939145988028,-0.30770043562226573,61.67039960118446,0.6870058662989151,17.50736499562557,0.45058900688670567,2.339226259777394,13.200076218558348,0.7607541378153666,-4.264328084611841,0.28078311736565376,-0.9470379108910546,37.049895331734874,0.5118996608480203,-430.09584629437836,-1.1368683772161603e-13,-37.75561612698371,4.389209574130826,0.0,-2.072311259259261,0.38123210809800373,-0.3560190590277781,3.327902136181512,0.0,6.822063757159339,3.552713678800501e-15,0.5967269430750424,4.373507521450631,0.0,3.7334017762394858,0.21249617487674266,-0.009198217151698995,6.687097639328933,0.0,-1.4379437370882933,0.2369516650697884,-0.1947254664397866,31.61507567245268,0.0,7.108802077886121,0.15878066726415227,1.0573358049500665,6.072621310028143,0.0,-3.1581639156005146,0.1534590445140674,-0.6426160640389296,12.90007788299205,0.0,0.0,0.0,0.0,0.0,0.0,0.0,0.0,0.0,0.0,0.0,0.0,0.0,0.0,0.0,0.0,0.0,0.0,0.0,0.0,0.0,0.0,0.0,0.0,0.0,0.0,0.0,0.0,0.0,0.0,0.0,0.0,0.0,0.0,0.0,0.0
26,27,T,1.0,-19.753211407563022,1.9240081575491823,1.0,-9.498973750000001,3.7720590529688094,1.0,-9.498973750000001,3.7720590529688094,0.5,-1.593495,2.487392820601279,0.0,0.0,0.0,-845.2011361893847,-1.7053025658242404e-13,-74.27935723062538,8.788544151736392,0.0,-3.4649413814814887,0.5577943135499366,0.1929064421296291,-1.7689597489213233,0.8940577847372981,2.2797424776947643,4.440892098500626e-15,0.2586368950905556,8.095063386652871,4.440892098500626e-15,6.264676963855705,0.4602449612369546,-0.5434503630468235,22.028653456659093,0.732045135850727,-1.1087228369907143,0.4766374170742208,-0.5757941182966094,76.51331268005461,0.6870058662989151,17.085330264330846,0.43797508343174263,1.995254782335783,11.996889003441025,0.7607541378153666,-4.278200059842628,0.28185298808663567,-0.20652748308928934,23.570139641417903,0.5118996608480203,-845.2011361893847,-1.7053025658242404e-13,-74.27935723062538,8.788544151736392,0.0,-3.4649413814814887,0.5577943135499366,0.1929064421296291,-1.7689597489213233,0.8940577847372981,2.2797424776947643,4.440892098500626e-15,0.2586368950905556,8.095063386652871,4.440892098500626e-15,6.264676963855705,0.4602449612369546,-0.5434503630468235,22.028653456659093,0.732045135850727,-1.1087228369907143,0.4766374170742208,-0.5757941182966094,76.51331268005461,0.6870058662989151,17.085330264330846,0.43797508343174263,1.995254782335783,11.996889003441025,0.7607541378153666,-4.278200059842628,0.28185298808663567,-0.20652748308928934,23.570139641417903,0.5118996608480203,-845.2011361893847,-1.7053025658242404e-13,-74.27935723062538,8.788544151736392,0.0,-3.4649413814814887,0.5577943135499366,0.1929064421296291,-1.7689597489213233,0.8940577847372981,2.2797424776947643,4.440892098500626e-15,0.2586368950905556,8.095063386652871,4.440892098500626e-15,6.264676963855705,0.4602449612369546,-0.5434503630468235,22.028653456659093,0.732045135850727,-1.1087228369907143,0.4766374170742208,-0.5757941182966094,76.51331268005461,0.6870058662989151,17.085330264330846,0.43797508343174263,1.995254782335783,11.996889003441025,0.7607541378153666,-4.278200059842628,0.28185298808663567,-0.20652748308928934,23.570139641417903,0.5118996608480203,-845.2011361893847,-1.7053025658242404e-13,-74.27935723062538,8.788544151736392,0.0,-3.4649413814814887,0.5577943135499366,0.1929064421296291,-1.7689597489213233,0.8940577847372981,2.2797424776947643,4.440892098500626e-15,0.2586368950905556,8.095063386652871,4.440892098500626e-15,6.264676963855705,0.4602449612369546,-0.5434503630468235,22.028653456659093,0.732045135850727,-1.1087228369907143,0.4766374170742208,-0.5757941182966094,76.51331268005461,0.6870058662989151,17.085330264330846,0.43797508343174263,1.995254782335783,11.996889003441025,0.7607541378153666,-4.278200059842628,0.28185298808663567,-0.20652748308928934,23.570139641417903,0.5118996608480203,-430.09584629437836,-1.1368683772161603e-13,-37.75561612698371,4.389209574130826,0.0,-2.105271333333335,0.3799511342210324,-0.31823017013888916,3.650269207058352,0.0,6.82206375715934,3.552713678800501e-15,0.5967269430750424,4.373507521450631,0.0,3.677456876926816,0.21415836962150964,-0.32408423430574035,4.047879311208539,0.0,-2.2593691629316774,0.284132782469007,-0.3298891813515798,53.06489749066652,0.0,7.401002393288383,0.16807353928804636,0.9250718840015525,5.799508514395648,0.0,-3.8194913698402737,0.18120156277732957,-0.25130000292434734,5.876397085499032,0.0,0.0,0.0,0.0,0.0,0.0,0.0,0.0,0.0,0.0,0.0,0.0,0.0,0.0,0.0,0.0,0.0,0.0,0.0,0.0,0.0,0.0,0.0,0.0,0.0,0.0,0.0,0.0,0.0,0.0,0.0,0.0,0.0,0.0,0.0,0.0
27,28,G,1.0,-19.753211407563022,1.9240081575491823,1.0,-9.498973750000001,3.7720590529688094,1.0,-9.498973750000001,3.7720590529688094,0.5,-1.593495,2.487392820601279,0.0,0.0,0.0,-845.2011361893847,-1.7053025658242404e-13,-74.27935723062538,8.788544151736392,0.0,-3.110298048148157,0.5709500271830317,0.11732866435185124,-5.2656464551654825,0.9173764315478463,2.2797424776947643,4.440892098500626e-15,0.2586368950905556,8.095063386652871,4.440892098500626e-15,6.901865284779504,0.4416552405855343,0.11788814559554248,-42.563483188111206,0.732045135850727,-0.7803558668911694,0.46031405289217026,-0.27003843609422157,-30.57793804431433,0.6870058662989151,16.564341219487765,0.4224590003358667,1.7944480124017477,12.580580945929587,0.7607541378153666,-3.9542099870499143,0.2673195148334593,0.1624697728111309,-6.603911334666522,0.5118996608480203,-845.2011361893847,-1.7053025658242404e-13,-74.27935723062538,8.788544151736392,0.0,-3.110298048148157,0.5709500271830317,0.11732866435185124,-5.2656464551654825,0.9173764315478463,2.2797424776947643,4.440892098500626e-15,0.2586368950905556,8.095063386652871,4.440892098500626e-15,6.901865284779504,0.4416552405855343,0.11788814559554248,-42.563483188111206,0.732045135850727,-0.7803558668911694,0.46031405289217026,-0.27003843609422157,-30.57793804431433,0.6870058662989151,16.564341219487765,0.4224590003358667,1.7944480124017477,12.580580945929587,0.7607541378153666,-3.9542099870499143,0.2673195148334593,0.1624697728111309,-6.603911334666522,0.5118996608480203,-845.2011361893847,-1.7053025658242404e-13,-74.27935723062538,8.788544151736392,0.0,-3.110298048148157,0.5709500271830317,0.11732866435185124,-5.2656464551654825,0.9173764315478463,2.2797424776947643,4.440892098500626e-15,0.2586368950905556,8.095063386652871,4.440892098500626e-15,6.901865284779504,0.4416552405855343,0.11788814559554248,-42.563483188111206,0.732045135850727,-0.7803558668911694,0.46031405289217026,-0.27003843609422157,-30.57793804431433,0.6870058662989151,16.564341219487765,0.4224590003358667,1.7944480124017477,12.580580945929587,0.7607541378153666,-3.9542099870499143,0.2673195148334593,0.1624697728111309,-6.603911334666522,0.5118996608480203,-845.2011361893847,-1.7053025658242404e-13,-74.27935723062538,8.788544151736392,0.0,-3.110298048148157,0.5709500271830317,0.11732866435185124,-5.2656464551654825,0.9173764315478463,2.2797424776947643,4.440892098500626e-15,0.2586368950905556,8.095063386652871,4.440892098500626e-15,6.901865284779504,0.4416552405855343,0.11788814559554248,-42.563483188111206,0.732045135850727,-0.7803558668911694,0.46031405289217026,-0.27003843609422157,-30.57793804431433,0.6870058662989151,16.564341219487765,0.4224590003358667,1.7944480124017477,12.580580945929587,0.7607541378153666,-3.9542099870499143,0.2673195148334593,0.1624697728111309,-6.603911334666522,0.5118996608480203,-430.09584629437836,-1.1368683772161603e-13,-37.75561612698371,4.389209574130826,0.0,-2.493866666666669,0.3648486053373203,-0.3560190590277781,-4.689031954335534,0.0,6.82206375715934,3.552713678800501e-15,0.5967269430750424,4.373507521450631,0.0,4.321755272176172,0.19501543756152265,0.01834532129876047,-6.18391259739732,0.0,-1.856820289851354,0.26101113923495994,-0.16181581550021698,-8.82687241656645,0.0,8.300165389609592,0.19666969820023297,0.874178449780875,6.39562409337778,0.0,-4.843575906186961,0.22416164823965534,0.03470028060726568,-0.14964366431217066,0.0,0.0,0.0,0.0,0.0,0.0,0.0,0.0,0.0,0.0,0.0,0.0,0.0,0.0,0.0,0.0,0.0,0.0,0.0,0.0,0.0,0.0,0.0,0.0,0.0,0.0,0.0,0.0,0.0,0.0,0.0,0.0,0.0,0.0,0.0,0.0
28,29,C,1.0,-21.72994794117647,1.5619681003823722,1.0,-10.64634,3.4648515933755757,1.0,-10.64634,3.4648515933755757,0.0,0.0,0.0,0.0,0.0,0.0,-845.2011361893847,-1.7053025658242404e-13,-74.27935723062538,8.788544151736392,0.0,-2.7532276777777875,0.5841391849685472,-0.5903260837962974,13.050519347497056,0.9173764315478463,2.2797424776947643,4.440892098500626e-15,0.2586368950905556,8.095063386652871,4.440892098500626e-15,7.279936153558209,0.43063197106153367,1.2291903357907994,-54.46567236751201,0.732045135850727,-0.37582385306484656,0.43954345960484187,0.10971251754560084,-76.0532861435934,0.6870058662989151,15.8822461001614,0.40243128779767423,0.8683231324784264,8.646794486307844,0.7607541378153666,-3.882928111445408,0.2650293962732705,0.0,-0.9378897537183645,0.5118996608480203,-845.2011361893847,-1.7053025658242404e-13,-74.27935723062538,8.788544151736392,0.0,-2.7532276777777875,0.5841391849685472,-0.5903260837962974,13.050519347497056,0.9173764315478463,2.2797424776947643,4.440892098500626e-15,0.2586368950905556,8.095063386652871,4.440892098500626e-15,7.279936153558209,0.43063197106153367,1.2291903357907994,-54.46567236751201,0.732045135850727,-0.37582385306484656,0.43954345960484187,0.10971251754560084,-76.0532861435934,0.6870058662989151,15.8822461001614,0.40243128779767423,0.8683231324784264,8.646794486307844,0.7607541378153666,-3.882928111445408,0.2650293962732705,0.0,-0.9378897537183645,0.5118996608480203,-845.2011361893847,-1.7053025658242404e-13,-74.27935723062538,8.788544151736392,0.0,-2.7532276777777875,0.5841391849685472,-0.5903260837962974,13.050519347497056,0.9173764315478463,2.2797424776947643,4.440892098500626e-15,0.2586368950905556,8.095063386652871,4.440892098500626e-15,7.279936153558209,0.43063197106153367,1.2291903357907994,-54.46567236751201,0.732045135850727,-0.37582385306484656,0.43954345960484187,0.10971251754560084,-76.0532861435934,0.6870058662989151,15.8822461001614,0.40243128779767423,0.8683231324784264,8.646794486307844,0.7607541378153666,-3.882928111445408,0.2650293962732705,0.0,-0.9378897537183645,0.5118996608480203,-845.2011361893847,-1.7053025658242404e-13,-74.27935723062538,8.788544151736392,0.0,-2.7532276777777875,0.5841391849685472,-0.5903260837962974,13.050519347497056,0.9173764315478463,2.2797424776947643,4.440892098500626e-15,0.2586368950905556,8.095063386652871,4.440892098500626e-15,7.279936153558209,0.43063197106153367,1.2291903357907994,-54.46567236751201,0.732045135850727,-0.37582385306484656,0.43954345960484187,0.10971251754560084,-76.0532861435934,0.6870058662989151,15.8822461001614,0.40243128779767423,0.8683231324784264,8.646794486307844,0.7607541378153666,-3.882928111445408,0.2650293962732705,0.0,-0.9378897537183645,0.5118996608480203,0.0,0.0,0.0,0.0,0.0,0.0,0.0,0.0,0.0,0.0,0.0,0.0,0.0,0.0,0.0,0.0,0.0,0.0,0.0,0.0,0.0,0.0,0.0,0.0,0.0,0.0,0.0,0.0,0.0,0.0,0.0,0.0,0.0,0.0,0.0,0.0,0.0,0.0,0.0,0.0,0.0,0.0,0.0,0.0,0.0,0.0,0.0,0.0,0.0,0.0,0.0,0.0,0.0,0.0,0.0,0.0,0.0,0.0,0.0,0.0,0.0,0.0,0.0,0.0,0.0,0.0,0.0,0.0,0.0,0.0
29,30,T,1.0,-21.782446823529412,1.5357230767481,1.0,-12.68496,2.947333635349743,1.0,-11.353670000000001,3.2531223230908513,0.0,0.0,0.0,0.0,0.0,0.0,-845.2011361893847,-1.7053025658242404e-13,-74.27935723062538,8.788544151736392,0.0,-2.2674970064814906,0.6020183481267074,-1.2249834518518534,34.15096702206067,0.9173764315478463,2.2797424776947643,4.440892098500626e-15,0.2586368950905556,8.095063386652871,4.440892098500626e-15,7.425105333107275,0.4264247623172607,1.7503164686526693,-32.949191878156284,0.732045135850727,0.03196178123812954,0.41965674991349716,0.19613753891349833,-48.570290019321526,0.6870058662989151,15.557973153715126,0.39320570143255207,0.29977747819567335,5.674427595682899,0.7607541378153666,-4.076094943293223,0.27443285522135913,-0.06249999999999998,2.442897945035571,0.5118996608480203,-845.2011361893847,-1.7053025658242404e-13,-74.27935723062538,8.788544151736392,0.0,-2.2674970064814906,0.6020183481267074,-1.2249834518518534,34.15096702206067,0.9173764315478463,2.2797424776947643,4.440892098500626e-15,0.2586368950905556,8.095063386652871,4.440892098500626e-15,7.425105333107275,0.4264247623172607,1.7503164686526693,-32.949191878156284,0.732045135850727,0.03196178123812954,0.41965674991349716,0.19613753891349833,-48.570290019321526,0.6870058662989151,15.557973153715126,0.39320570143255207,0.29977747819567335,5.674427595682899,0.7607541378153666,-4.076094943293223,0.27443285522135913,-0.06249999999999998,2.442897945035571,0.5118996608480203,-845.2011361893847,-1.7053025658242404e-13,-74.27935723062538,8.788544151736392,0.0,-2.2674970064814906,0.6020183481267074,-1.2249834518518534,34.15096702206067,0.9173764315478463,2.2797424776947643,4.440892098500626e-15,0.2586368950905556,8.095063386652871,4.440892098500626e-15,7.425105333107275,0.4264247623172607,1.7503164686526693,-32.949191878156284,0.732045135850727,0.03196178123812954,0.41965674991349716,0.19613753891349833,-48.570290019321526,0.6870058662989151,15.557973153715126,0.39320570143255207,0.29977747819567335,5.674427595682899,0.7607541378153666,-4.076094943293223,0.27443285522135913,-0.06249999999999998,2.442897945035571,0.5118996608480203,-845.2011361893847,-1.7053025658242404e-13,-74.27935723062538,8.788544151736392,0.0,-2.2674970064814906,0.6020183481267074,-1.2249834518518534,34.15096702206067,0.9173764315478463,2.2797424776947643,4.440892098500626e-15,0.2586368950905556,8.095063386652871,4.440892098500626e-15,7.425105333107275,0.4264247623172607,1.7503164686526693,-32.949191878156284,0.732045135850727,0.03196178123812954,0.41965674991349716,0.19613753891349833,-48.570290019321526,0.6870058662989151,15.557973153715126,0.39320570143255207,0.29977747819567335,5.674427595682899,0.7607541378153666,-4.076094943293223,0.27443285522135913,-0.06249999999999998,2.442897945035571,0.5118996608480203,0.0,0.0,0.0,0.0,0.0,0.0,0.0,0.0,0.0,0.0,0.0,0.0,0.0,0.0,0.0,0.0,0.0,0.0,0.0,0.0,0.0,0.0,0.0,0.0,0.0,0.0,0.0,0.0,0.0,0.0,0.0,0.0,0.0,0.0,0.0,0.0,0.0,0.0,0.0,0.0,0.0,0.0,0.0,0.0,0.0,0.0,0.0,0.0,0.0,0.0,0.0,0.0,0.0,0.0,0.0,0.0,0.0,0.0,0.0,0.0,0.0,0.0,0.0,0.0,0.0,0.0,0.0,0.0,0.0,0.0
30,31,T,1.0,-21.873193263888886,1.5299983417051943,1.0,-12.68496,2.947333635349743,1.0,-11.353670000000001,3.2531223230908513,0.0,0.0,0.0,0.0,0.0,0.0,-845.2011361893847,-1.7053025658242404e-13,-74.27935723062538,8.788544151736392,0.0,-2.3863363546296394,0.5979625608451752,-0.4417509259259268,18.7020320695867,0.9173764315478463,2.2797424776947643,4.440892098500626e-15,0.2586368950905556,8.095063386652871,4.440892098500626e-15,7.740474964617715,0.41729477514438246,0.7830705175823383,-66.86229804441508,0.732045135850727,0.2799042384850235,0.40763900543154596,-0.13748631360902183,11.92437080101767,0.6870058662989151,15.027734942110015,0.3775951196929431,1.330892758625354,13.818054588164879,0.7607541378153666,-4.4663636189755795,0.2934991053362941,0.07050699026169142,8.87928747665381,0.5403443090443083,-845.2011361893847,-1.7053025658242404e-13,-74.27935723062538,8.788544151736392,0.0,-2.3863363546296394,0.5979625608451752,-0.4417509259259268,18.7020320695867,0.9173764315478463,2.2797424776947643,4.440892098500626e-15,0.2586368950905556,8.095063386652871,4.440892098500626e-15,7.740474964617715,0.41729477514438246,0.7830705175823383,-66.86229804441508,0.732045135850727,0.2799042384850235,0.40763900543154596,-0.13748631360902183,11.92437080101767,0.6870058662989151,15.027734942110015,0.3775951196929431,1.330892758625354,13.818054588164879,0.7607541378153666,-4.4663636189755795,0.2934991053362941,0.07050699026169142,8.87928747665381,0.5403443090443083,-845.2011361893847,-1.7053025658242404e-13,-74.27935723062538,8.788544151736392,0.0,-2.3863363546296394,0.5979625608451752,-0.4417509259259268,18.7020320695867,0.9173764315478463,2.2797424776947643,4.440892098500626e-15,0.2586368950905556,8.095063386652871,4.440892098500626e-15,7.740474964617715,0.41729477514438246,0.7830705175823383,-66.86229804441508,0.732045135850727,0.2799042384850235,0.40763900543154596,-0.13748631360902183,11.92437080101767,0.6870058662989151,15.027734942110015,0.3775951196929431,1.330892758625354,13.818054588164879,0.7607541378153666,-4.4663636189755795,0.2934991053362941,0.07050699026169142,8.87928747665381,0.5403443090443083,-845.2011361893847,-1.7053025658242404e-13,-74.27935723062538,8.788544151736392,0.0,-2.3863363546296394,0.5979625608451752,-0.4417509259259268,18.7020320695867,0.9173764315478463,2.2797424776947643,4.440892098500626e-15,0.2586368950905556,8.095063386652871,4.440892098500626e-15,7.740474964617715,0.41729477514438246,0.7830705175823383,-66.86229804441508,0.732045135850727,0.2799042384850235,0.40763900543154596,-0.13748631360902183,11.92437080101767,0.6870058662989151,15.027734942110015,0.3775951196929431,1.330892758625354,13.818054588164879,0.7607541378153666,-4.4663636189755795,0.2934991053362941,0.07050699026169142,8.87928747665381,0.5403443090443083,0.0,0.0,0.0,0.0,0.0,0.0,0.0,0.0,0.0,0.0,0.0,0.0,0.0,0.0,0.0,0.0,0.0,0.0,0.0,0.0,0.0,0.0,0.0,0.0,0.0,0.0,0.0,0.0,0.0,0.0,0.0,0.0,0.0,0.0,0.0,0.0,0.0,0.0,0.0,0.0,0.0,0.0,0.0,0.0,0.0,0.0,0.0,0.0,0.0,0.0,0.0,0.0,0.0,0.0,0.0,0.0,0.0,0.0,0.0,0.0,0.0,0.0,0.0,0.0,0.0,0.0,0.0,0.0,0.0,0.0
31,32,G,1.0,-21.68325767801857,1.5489150749773573,1.0,-12.68496,2.947333635349743,1.0,-11.353670000000001,3.2531223230908513,0.0,0.0,0.0,0.0,0.0,0.0,-845.2011361893847,-1.7053025658242404e-13,-74.27935723062538,8.788544151736392,0.0,-2.8020648287037124,0.5831869097358412,-0.2218400740740746,34.446642342584134,0.9173764315478463,2.2797424776947643,4.440892098500626e-15,0.2586368950905556,8.095063386652871,4.440892098500626e-15,8.201045895267603,0.40396836248785806,0.982168379506698,-54.15278596151161,0.732045135850727,0.3738140053236923,0.40336236237301126,-0.30008162474858846,58.51917089185484,0.6870058662989151,14.388681230172683,0.35873837432373434,1.4322522320580182,11.87976039741417,0.7607541378153666,-4.655811795056984,0.30299363405635815,-0.13471984352573124,9.753910088281671,0.5403443090443083,-845.2011361893847,-1.7053025658242404e-13,-74.27935723062538,8.788544151736392,0.0,-2.8020648287037124,0.5831869097358412,-0.2218400740740746,34.446642342584134,0.9173764315478463,2.2797424776947643,4.440892098500626e-15,0.2586368950905556,8.095063386652871,4.440892098500626e-15,8.201045895267603,0.40396836248785806,0.982168379506698,-54.15278596151161,0.732045135850727,0.3738140053236923,0.40336236237301126,-0.30008162474858846,58.51917089185484,0.6870058662989151,14.388681230172683,0.35873837432373434,1.4322522320580182,11.87976039741417,0.7607541378153666,-4.655811795056984,0.30299363405635815,-0.13471984352573124,9.753910088281671,0.5403443090443083,-845.2011361893847,-1.7053025658242404e-13,-74.27935723062538,8.788544151736392,0.0,-2.8020648287037124,0.5831869097358412,-0.2218400740740746,34.446642342584134,0.9173764315478463,2.2797424776947643,4.440892098500626e-15,0.2586368950905556,8.095063386652871,4.440892098500626e-15,8.201045895267603,0.40396836248785806,0.982168379506698,-54.15278596151161,0.732045135850727,0.3738140053236923,0.40336236237301126,-0.30008162474858846,58.51917089185484,0.6870058662989151,14.388681230172683,0.35873837432373434,1.4322522320580182,11.87976039741417,0.7607541378153666,-4.655811795056984,0.30299363405635815,-0.13471984352573124,9.753910088281671,0.5403443090443083,-845.2011361893847,-1.7053025658242404e-13,-74.27935723062538,8.788544151736392,0.0,-2.8020648287037124,0.5831869097358412,-0.2218400740740746,34.446642342584134,0.9173764315478463,2.2797424776947643,4.440892098500626e-15,0.2586368950905556,8.095063386652871,4.440892098500626e-15,8.201045895267603,0.40396836248785806,0.982168379506698,-54.15278596151161,0.732045135850727,0.3738140053236923,0.40336236237301126,-0.30008162474858846,58.51917089185484,0.6870058662989151,14.388681230172683,0.35873837432373434,1.4322522320580182,11.87976039741417,0.7607541378153666,-4.655811795056984,0.30299363405635815,-0.13471984352573124,9.753910088281671,0.5403443090443083,0.0,0.0,0.0,0.0,0.0,0.0,0.0,0.0,0.0,0.0,0.0,0.0,0.0,0.0,0.0,0.0,0.0,0.0,0.0,0.0,0.0,0.0,0.0,0.0,0.0,0.0,0.0,0.0,0.0,0.0,0.0,0.0,0.0,0.0,0.0,0.0,0.0,0.0,0.0,0.0,0.0,0.0,0.0,0.0,0.0,0.0,0.0,0.0,0.0,0.0,0.0,0.0,0.0,0.0,0.0,0.0,0.0,0.0,0.0,0.0,0.0,0.0,0.0,0.0,0.0,0.0,0.0,0.0,0.0,0.0
32,33,G,1.0,-21.627713749999998,1.5617375809957887,1.0,-12.68496,2.947333635349743,1.0,-11.353670000000001,3.2531223230908513,0.0,0.0,0.0,0.0,0.0,0.0,-845.2011361893847,-1.7053025658242404e-13,-74.27935723062538,8.788544151736392,0.0,-3.1747258064814905,0.5695356218716523,-0.7223879629629637,16.870225360509536,0.9173764315478463,2.2797424776947643,4.440892098500626e-15,0.2586368950905556,8.095063386652871,4.440892098500626e-15,8.207159950803314,0.4037931206072557,2.1327717744565495,270.4283761821161,0.732045135850727,0.5015525138724191,0.397838491437299,0.12789919197247268,19.308986802773553,0.6870058662989151,14.184998334266124,0.3527264344184957,0.876673629012744,3.402424915109375,0.7607541378153666,-4.723060272862299,0.3062145548788704,-0.5943792326737243,8.521959304608234,0.5403443090443083,-845.2011361893847,-1.7053025658242404e-13,-74.27935723062538,8.788544151736392,0.0,-3.1747258064814905,0.5695356218716523,-0.7223879629629637,16.870225360509536,0.9173764315478463,2.2797424776947643,4.440892098500626e-15,0.2586368950905556,8.095063386652871,4.440892098500626e-15,8.207159950803314,0.4037931206072557,2.1327717744565495,270.4283761821161,0.732045135850727,0.5015525138724191,0.397838491437299,0.12789919197247268,19.308986802773553,0.6870058662989151,14.184998334266124,0.3527264344184957,0.876673629012744,3.402424915109375,0.7607541378153666,-4.723060272862299,0.3062145548788704,-0.5943792326737243,8.521959304608234,0.5403443090443083,-845.2011361893847,-1.7053025658242404e-13,-74.27935723062538,8.788544151736392,0.0,-3.1747258064814905,0.5695356218716523,-0.7223879629629637,16.870225360509536,0.9173764315478463,2.2797424776947643,4.440892098500626e-15,0.2586368950905556,8.095063386652871,4.440892098500626e-15,8.207159950803314,0.4037931206072557,2.1327717744565495,270.4283761821161,0.732045135850727,0.5015525138724191,0.397838491437299,0.12789919197247268,19.308986802773553,0.6870058662989151,14.184998334266124,0.3527264344184957,0.876673629012744,3.402424915109375,0.7607541378153666,-4.723060272862299,0.3062145548788704,-0.5943792326737243,8.521959304608234,0.5403443090443083,-845.2011361893847,-1.7053025658242404e-13,-74.27935723062538,8.788544151736392,0.0,-3.1747258064814905,0.5695356218716523,-0.7223879629629637,16.870225360509536,0.9173764315478463,2.2797424776947643,4.440892098500626e-15,0.2586368950905556,8.095063386652871,4.440892098500626e-15,8.207159950803314,0.4037931206072557,2.1327717744565495,270.4283761821161,0.732045135850727,0.5015525138724191,0.397838491437299,0.12789919197247268,19.308986802773553,0.6870058662989151,14.184998334266124,0.3527264344184957,0.876673629012744,3.402424915109375,0.7607541378153666,-4.723060272862299,0.3062145548788704,-0.5943792326737243,8.521959304608234,0.5403443090443083,0.0,0.0,0.0,0.0,0.0,0.0,0.0,0.0,0.0,0.0,0.0,0.0,0.0,0.0,0.0,0.0,0.0,0.0,0.0,0.0,0.0,0.0,0.0,0.0,0.0,0.0,0.0,0.0,0.0,0.0,0.0,0.0,0.0,0.0,0.0,0.0,0.0,0.0,0.0,0.0,0.0,0.0,0.0,0.0,0.0,0.0,0.0,0.0,0.0,0.0,0.0,0.0,0.0,0.0,0.0,0.0,0.0,0.0,0.0,0.0,0.0,0.0,0.0,0.0,0.0,0.0,0.0,0.0,0.0,0.0
33,34,G,1.0,-20.96533239215686,1.7297565698513448,1.0,-9.024398333333334,4.000710299250622,1.0,-4.374005,5.251901630221587,0.5,1.73577,3.5543241106807635,0.5,1.73577,3.5543241106807635,-845.2011361893847,-1.7053025658242404e-13,-74.27935723062538,8.788544151736392,0.0,-2.9116997472222312,0.5790215887635827,-0.7223879629629637,32.456308857582556,0.9173764315478463,2.2797424776947643,4.440892098500626e-15,0.2586368950905556,8.095063386652871,4.440892098500626e-15,7.39160286630087,0.42741508405196427,2.1327717744565495,200.87800716716373,0.740728582529616,0.6423766522868055,0.3907120436473356,0.12789919197247268,18.09268144487558,0.6870058662989151,14.200870797762732,0.3532932517227263,0.876673629012744,1.9752396198901452,0.7607541378153666,-4.7803267249452785,0.30917440304914834,-0.5943792326737243,9.041619213946664,0.5403443090443083,-845.2011361893847,-1.7053025658242404e-13,-74.27935723062538,8.788544151736392,0.0,-2.9116997472222312,0.5790215887635827,-0.7223879629629637,32.456308857582556,0.9173764315478463,2.2797424776947643,4.440892098500626e-15,0.2586368950905556,8.095063386652871,4.440892098500626e-15,7.39160286630087,0.42741508405196427,2.1327717744565495,200.87800716716373,0.740728582529616,0.6423766522868055,0.3907120436473356,0.12789919197247268,18.09268144487558,0.6870058662989151,14.200870797762732,0.3532932517227263,0.876673629012744,1.9752396198901452,0.7607541378153666,-4.7803267249452785,0.30917440304914834,-0.5943792326737243,9.041619213946664,0.5403443090443083,-845.2011361893847,-1.7053025658242404e-13,-74.27935723062538,8.788544151736392,0.0,-2.9116997472222312,0.5790215887635827,-0.7223879629629637,32.456308857582556,0.9173764315478463,2.2797424776947643,4.440892098500626e-15,0.2586368950905556,8.095063386652871,4.440892098500626e-15,7.39160286630087,0.42741508405196427,2.1327717744565495,200.87800716716373,0.740728582529616,0.6423766522868055,0.3907120436473356,0.12789919197247268,18.09268144487558,0.6870058662989151,14.200870797762732,0.3532932517227263,0.876673629012744,1.9752396198901452,0.7607541378153666,-4.7803267249452785,0.30917440304914834,-0.5943792326737243,9.041619213946664,0.5403443090443083,-845.2011361893847,-1.7053025658242404e-13,-74.27935723062538,8.788544151736392,0.0,-2.9116997472222312,0.5790215887635827,-0.7223879629629637,32.456308857582556,0.9173764315478463,2.2797424776947643,4.440892098500626e-15,0.2586368950905556,8.095063386652871,4.440892098500626e-15,7.39160286630087,0.42741508405196427,2.1327717744565495,200.87800716716373,0.740728582529616,0.6423766522868055,0.3907120436473356,0.12789919197247268,18.09268144487558,0.6870058662989151,14.200870797762732,0.3532932517227263,0.876673629012744,1.9752396198901452,0.7607541378153666,-4.7803267249452785,0.30917440304914834,-0.5943792326737243,9.041619213946664,0.5403443090443083,-430.09584629437836,-1.1368683772161603e-13,-37.75561612698371,4.389209574130826,0.0,-4.742940444444447,0.27743967687921145,-0.41026805555555584,5.481151289946582,0.27743967687921145,6.82206375715934,3.552713678800501e-15,0.5967269430750424,4.373507521450631,3.552713678800501e-15,-2.164205294350812,0.3877216485101442,1.0972243569228457,18.494584673006234,0.3877216485101442,-0.7561655940073109,0.1977916225426191,0.05999693504752707,15.265607792063738,0.1977916225426191,7.176338436514051,0.1609285319467251,0.3405415838363266,-0.05204791824086463,0.1609285319467251,-3.5516656476093864,0.16996634194576246,-0.31802294967019545,3.83721304740307,0.16996634194576246,-430.09584629437836,-1.1368683772161603e-13,-37.75561612698371,4.389209574130826,0.0,-4.742940444444447,0.27743967687921145,-0.41026805555555584,5.481151289946582,0.27743967687921145,6.82206375715934,3.552713678800501e-15,0.5967269430750424,4.373507521450631,3.552713678800501e-15,-2.164205294350812,0.3877216485101442,1.0972243569228457,18.494584673006234,0.3877216485101442,-0.7561655940073109,0.1977916225426191,0.05999693504752707,15.265607792063738,0.1977916225426191,7.176338436514051,0.1609285319467251,0.3405415838363266,-0.05204791824086463,0.1609285319467251,-3.5516656476093864,0.16996634194576246,-0.31802294967019545,3.83721304740307,0.16996634194576246
34,35,G,1.0,-20.950613666666666,1.73661534427707,1.0,-9.024398333333334,4.000710299250622,1.0,-4.374005,5.251901630221587,0.5,1.73577,3.5543241106807635,0.5,1.73577,3.5543241106807635,-845.2011361893847,-1.7053025658242404e-13,-74.27935723062538,8.788544151736392,0.0,-2.0315385027777872,0.6112046159103598,-0.7223879629629637,-11.394877121365413,0.9173764315478463,2.2797424776947643,4.440892098500626e-15,0.2586368950905556,8.095063386652871,4.440892098500626e-15,6.556048426052945,0.45169481357035246,0.9860816568698916,144.25846908984306,0.740728582529616,0.4625047660949752,0.4000912857180282,-0.10404036882015974,64.78065037230294,0.6870058662989151,14.846065836522406,0.3727130643980139,0.5865495819580132,2.2756040960734554,0.7607541378153666,-4.680839540297616,0.3043065046083331,-0.27101155498778784,15.886663964829273,0.5403443090443083,-845.2011361893847,-1.7053025658242404e-13,-74.27935723062538,8.788544151736392,0.0,-2.0315385027777872,0.6112046159103598,-0.7223879629629637,-11.394877121365413,0.9173764315478463,2.2797424776947643,4.440892098500626e-15,0.2586368950905556,8.095063386652871,4.440892098500626e-15,6.556048426052945,0.45169481357035246,0.9860816568698916,144.25846908984306,0.740728582529616,0.4625047660949752,0.4000912857180282,-0.10404036882015974,64.78065037230294,0.6870058662989151,14.846065836522406,0.3727130643980139,0.5865495819580132,2.2756040960734554,0.7607541378153666,-4.680839540297616,0.3043065046083331,-0.27101155498778784,15.886663964829273,0.5403443090443083,-845.2011361893847,-1.7053025658242404e-13,-74.27935723062538,8.788544151736392,0.0,-2.0315385027777872,0.6112046159103598,-0.7223879629629637,-11.394877121365413,0.9173764315478463,2.2797424776947643,4.440892098500626e-15,0.2586368950905556,8.095063386652871,4.440892098500626e-15,6.556048426052945,0.45169481357035246,0.9860816568698916,144.25846908984306,0.740728582529616,0.4625047660949752,0.4000912857180282,-0.10404036882015974,64.78065037230294,0.6870058662989151,14.846065836522406,0.3727130643980139,0.5865495819580132,2.2756040960734554,0.7607541378153666,-4.680839540297616,0.3043065046083331,-0.27101155498778784,15.886663964829273,0.5403443090443083,-845.2011361893847,-1.7053025658242404e-13,-74.27935723062538,8.788544151736392,0.0,-2.0315385027777872,0.6112046159103598,-0.7223879629629637,-11.394877121365413,0.9173764315478463,2.2797424776947643,4.440892098500626e-15,0.2586368950905556,8.095063386652871,4.440892098500626e-15,6.556048426052945,0.45169481357035246,0.9860816568698916,144.25846908984306,0.740728582529616,0.4625047660949752,0.4000912857180282,-0.10404036882015974,64.78065037230294,0.6870058662989151,14.846065836522406,0.3727130643980139,0.5865495819580132,2.2756040960734554,0.7607541378153666,-4.680839540297616,0.3043065046083331,-0.27101155498778784,15.886663964829273,0.5403443090443083,-430.09584629437836,-1.1368683772161603e-13,-37.75561612698371,4.389209574130826,0.0,-5.045323152777781,0.2656877509171415,-0.41026805555555584,-9.111772612145852,0.27743967687921145,6.82206375715934,3.552713678800501e-15,0.5967269430750424,4.373507521450631,3.552713678800501e-15,-1.9247959688125151,0.38060849024822857,0.4795556399458685,15.334263660206503,0.3877216485101442,-0.8863190668383921,0.20526739099141567,-0.05465143849544199,23.50975693305557,0.21274315944021224,9.347598813470261,0.22998131440463854,0.27654563121152337,0.9139658811922146,0.29903409686255195,-4.110116609068532,0.1933932175398307,-0.13683910292587217,10.917018388325864,0.21682009313389888,-430.09584629437836,-1.1368683772161603e-13,-37.75561612698371,4.389209574130826,0.0,-4.742940444444447,0.27743967687921145,-0.41026805555555584,-9.111772612145852,0.0,6.82206375715934,3.552713678800501e-15,0.5967269430750424,4.373507521450631,0.0,-2.164205294350812,0.3877216485101442,0.4795556399458685,15.334263660206503,0.0,-0.7561655940073109,0.1977916225426191,-0.05465143849544199,23.50975693305557,0.0,7.176338436514051,0.1609285319467251,0.27654563121152337,0.9139658811922146,0.0,-3.5516656476093864,0.16996634194576246,-0.13683910292587217,10.917018388325864,0.0
35,36,A,1.0,-20.646935749999997,1.7867513542974225,1.0,-10.029826666666668,3.694968716441151,1.0,-4.374005,5.251901630221587,0.5,1.73577,3.5543241106807635,0.5,1.73577,3.5543241106807635,-845.2011361893847,-1.7053025658242404e-13,-74.27935723062538,8.788544151736392,0.0,-0.9895719990740846,0.6495371315534473,-0.3832192245370378,-21.60488216011796,0.9368001837940685,2.2797424776947643,4.440892098500626e-15,0.2586368950905556,8.095063386652871,4.440892098500626e-15,5.89567993895817,0.4708517985992306,-0.6079262104098941,183.483239806862,0.740728582529616,0.3040911444086207,0.406165592369358,-0.14297645699250383,67.18084131647855,0.6870058662989151,14.858467430399212,0.3733460062862115,1.5320336097009923,10.781692327109,0.7607541378153666,-5.324256771613374,0.3344840554285148,-0.6022800840175848,7.470143416225666,0.5943169279286217,-845.2011361893847,-1.7053025658242404e-13,-74.27935723062538,8.788544151736392,0.0,-0.9895719990740846,0.6495371315534473,-0.3832192245370378,-21.60488216011796,0.9368001837940685,2.2797424776947643,4.440892098500626e-15,0.2586368950905556,8.095063386652871,4.440892098500626e-15,5.89567993895817,0.4708517985992306,-0.6079262104098941,183.483239806862,0.740728582529616,0.3040911444086207,0.406165592369358,-0.14297645699250383,67.18084131647855,0.6870058662989151,14.858467430399212,0.3733460062862115,1.5320336097009923,10.781692327109,0.7607541378153666,-5.324256771613374,0.3344840554285148,-0.6022800840175848,7.470143416225666,0.5943169279286217,-845.2011361893847,-1.7053025658242404e-13,-74.27935723062538,8.788544151736392,0.0,-0.9895719990740846,0.6495371315534473,-0.3832192245370378,-21.60488216011796,0.9368001837940685,2.2797424776947643,4.440892098500626e-15,0.2586368950905556,8.095063386652871,4.440892098500626e-15,5.89567993895817,0.4708517985992306,-0.6079262104098941,183.483239806862,0.740728582529616,0.3040911444086207,0.406165592369358,-0.14297645699250383,67.18084131647855,0.6870058662989151,14.858467430399212,0.3733460062862115,1.5320336097009923,10.781692327109,0.7607541378153666,-5.324256771613374,0.3344840554285148,-0.6022800840175848,7.470143416225666,0.5943169279286217,-845.2011361893847,-1.7053025658242404e-13,-74.27935723062538,8.788544151736392,0.0,-0.9895719990740846,0.6495371315534473,-0.3832192245370378,-21.60488216011796,0.9368001837940685,2.2797424776947643,4.440892098500626e-15,0.2586368950905556,8.095063386652871,4.440892098500626e-15,5.89567993895817,0.4708517985992306,-0.6079262104098941,183.483239806862,0.740728582529616,0.3040911444086207,0.406165592369358,-0.14297645699250383,67.18084131647855,0.6870058662989151,14.858467430399212,0.3733460062862115,1.5320336097009923,10.781692327109,0.7607541378153666,-5.324256771613374,0.3344840554285148,-0.6022800840175848,7.470143416225666,0.5943169279286217,-430.09584629437836,-1.1368683772161603e-13,-37.75561612698371,4.389209574130826,0.0,-4.052724472222226,0.3042645143446266,-0.498474484953704,1.3090342737392353,0.38141804119959694,6.822063757159339,3.552713678800501e-15,0.5967269430750424,4.373507521450631,3.552713678800501e-15,-1.2577573907700144,0.36078991817819256,-0.3530689457614817,-86.16929722577481,0.3877216485101442,-0.3029899232646633,0.17176207214024927,-0.15988863368213066,12.813858296196978,0.21274315944021224,9.2005753741787,0.22530551518803485,0.7393607492988011,4.777755666642567,0.29903409686255195,-5.096365845877681,0.23476612182332154,-0.3802920209077902,1.1340425277539632,0.31751193039030323,-430.09584629437836,-1.1368683772161603e-13,-37.75561612698371,4.389209574130826,0.0,-4.742940444444447,0.27743967687921145,-0.498474484953704,1.3090342737392353,0.0,6.82206375715934,3.552713678800501e-15,0.5967269430750424,4.373507521450631,0.0,-2.164205294350812,0.3877216485101442,-0.3530689457614817,-86.16929722577481,0.0,-0.7561655940073109,0.1977916225426191,-0.15988863368213066,12.813858296196978,0.0,7.176338436514051,0.1609285319467251,0.7393607492988011,4.777755666642567,0.0,-3.5516656476093864,0.16996634194576246,-0.3802920209077902,1.1340425277539632,0.0
36,37,C,1.0,-20.277512,1.8436476870253125,1.0,-10.671765833333335,3.5213497828521323,1.0,-4.374005,5.251901630221587,0.5,1.73577,3.5543241106807635,0.5,1.73577,3.5543241106807635,-845.2011361893847,-1.7053025658242404e-13,-74.27935723062538,8.788544151736392,0.0,-0.556046532407418,0.6652859027848298,0.1929064421296291,-2.97522938105881,0.9368001837940685,2.2797424776947643,4.440892098500626e-15,0.2586368950905556,8.095063386652871,4.440892098500626e-15,5.25117134744662,0.48951865780778614,-0.5434503630468235,-74.942470448306,0.740728582529616,0.3401084276836426,0.4040955693474185,0.3820870446756652,21.95181410776145,0.6870058662989151,15.332268284149958,0.3874152541327377,1.9330329544716176,11.391666302393553,0.7607541378153666,-5.6520529636845165,0.3494718363376778,-1.0274058323836186,1.6910739561815005,0.5943169279286217,-845.2011361893847,-1.7053025658242404e-13,-74.27935723062538,8.788544151736392,0.0,-0.556046532407418,0.6652859027848298,0.1929064421296291,-2.97522938105881,0.9368001837940685,2.2797424776947643,4.440892098500626e-15,0.2586368950905556,8.095063386652871,4.440892098500626e-15,5.25117134744662,0.48951865780778614,-0.5434503630468235,-74.942470448306,0.740728582529616,0.3401084276836426,0.4040955693474185,0.3820870446756652,21.95181410776145,0.6870058662989151,15.332268284149958,0.3874152541327377,1.9330329544716176,11.391666302393553,0.7607541378153666,-5.6520529636845165,0.3494718363376778,-1.0274058323836186,1.6910739561815005,0.5943169279286217,-845.2011361893847,-1.7053025658242404e-13,-74.27935723062538,8.788544151736392,0.0,-0.556046532407418,0.6652859027848298,0.1929064421296291,-2.97522938105881,0.9368001837940685,2.2797424776947643,4.440892098500626e-15,0.2586368950905556,8.095063386652871,4.440892098500626e-15,5.25117134744662,0.48951865780778614,-0.5434503630468235,-74.942470448306,0.740728582529616,0.3401084276836426,0.4040955693474185,0.3820870446756652,21.95181410776145,0.6870058662989151,15.332268284149958,0.3874152541327377,1.9330329544716176,11.391666302393553,0.7607541378153666,-5.6520529636845165,0.3494718363376778,-1.0274058323836186,1.6910739561815005,0.5943169279286217,-845.2011361893847,-1.7053025658242404e-13,-74.27935723062538,8.788544151736392,0.0,-0.556046532407418,0.6652859027848298,0.1929064421296291,-2.97522938105881,0.9368001837940685,2.2797424776947643,4.440892098500626e-15,0.2586368950905556,8.095063386652871,4.440892098500626e-15,5.25117134744662,0.48951865780778614,-0.5434503630468235,-74.942470448306,0.740728582529616,0.3401084276836426,0.4040955693474185,0.3820870446756652,21.95181410776145,0.6870058662989151,15.332268284149958,0.3874152541327377,1.9330329544716176,11.391666302393553,0.7607541378153666,-5.6520529636845165,0.3494718363376778,-1.0274058323836186,1.6910739561815005,0.5943169279286217,-430.09584629437836,-1.1368683772161603e-13,-37.75561612698371,4.389209574130826,0.0,-4.3923541527777825,0.2910650067325361,-0.31823017013888916,9.016588159796719,0.38141804119959694,6.82206375715934,3.552713678800501e-15,0.5967269430750424,4.373507521450631,3.552713678800501e-15,-1.0104655931003559,0.35344256155479103,-0.32408423430574035,-53.99320433646775,0.3877216485101442,-0.17011930457706875,0.1641302359905834,0.1023609405071182,7.292947932466849,0.21274315944021224,9.506663716707404,0.23504006934554583,0.8958554026966045,4.949458115342026,0.29903409686255195,-5.251634710835653,0.2412796111608606,-0.6206216855183896,-5.647347880420675,0.31751193039030323,-430.09584629437836,-1.1368683772161603e-13,-37.75561612698371,4.389209574130826,0.0,-4.742940444444447,0.27743967687921145,-0.31823017013888916,9.016588159796719,0.0,6.82206375715934,3.552713678800501e-15,0.5967269430750424,4.373507521450631,0.0,-2.164205294350812,0.3877216485101442,-0.32408423430574035,-53.99320433646775,0.0,-0.7561655940073109,0.1977916225426191,0.1023609405071182,7.292947932466849,0.0,7.176338436514051,0.1609285319467251,0.8958554026966045,4.949458115342026,0.0,-3.5516656476093864,0.16996634194576246,-0.6206216855183896,-5.647347880420675,0.0
37,38,A,1.0,-20.428869999999996,1.8470885383954085,1.0,-10.671765833333335,3.5213497828521323,1.0,-4.374005,5.251901630221587,0.5,1.73577,3.5543241106807635,0.5,1.73577,3.5543241106807635,-845.2011361893847,-1.7053025658242404e-13,-74.27935723062538,8.788544151736392,0.0,-0.33681038425927,0.6729322626120835,0.11732866435185124,7.4215077850788855,0.9368001837940685,2.2797424776947643,4.440892098500626e-15,0.2586368950905556,8.095063386652871,4.440892098500626e-15,3.997723753670298,0.5259041587926951,-0.5958760685891755,-198.4728511552575,0.7579502746295299,0.28694537410553317,0.4061629326484425,0.32946414320513995,7.5141890920496515,0.6870058662989151,15.813770209319504,0.4013639870313487,1.8898639685407417,9.39044528252435,0.7607541378153666,-6.551289943530626,0.39148288461750536,-1.0207511459295695,12.4059327979035,0.6057700568844963,-845.2011361893847,-1.7053025658242404e-13,-74.27935723062538,8.788544151736392,0.0,-0.33681038425927,0.6729322626120835,0.11732866435185124,7.4215077850788855,0.9368001837940685,2.2797424776947643,4.440892098500626e-15,0.2586368950905556,8.095063386652871,4.440892098500626e-15,3.997723753670298,0.5259041587926951,-0.5958760685891755,-198.4728511552575,0.7579502746295299,0.28694537410553317,0.4061629326484425,0.32946414320513995,7.5141890920496515,0.6870058662989151,15.813770209319504,0.4013639870313487,1.8898639685407417,9.39044528252435,0.7607541378153666,-6.551289943530626,0.39148288461750536,-1.0207511459295695,12.4059327979035,0.6057700568844963,-845.2011361893847,-1.7053025658242404e-13,-74.27935723062538,8.788544151736392,0.0,-0.33681038425927,0.6729322626120835,0.11732866435185124,7.4215077850788855,0.9368001837940685,2.2797424776947643,4.440892098500626e-15,0.2586368950905556,8.095063386652871,4.440892098500626e-15,3.997723753670298,0.5259041587926951,-0.5958760685891755,-198.4728511552575,0.7579502746295299,0.28694537410553317,0.4061629326484425,0.32946414320513995,7.5141890920496515,0.6870058662989151,15.813770209319504,0.4013639870313487,1.8898639685407417,9.39044528252435,0.7607541378153666,-6.551289943530626,0.39148288461750536,-1.0207511459295695,12.4059327979035,0.6057700568844963,-845.2011361893847,-1.7053025658242404e-13,-74.27935723062538,8.788544151736392,0.0,-0.33681038425927,0.6729322626120835,0.11732866435185124,7.4215077850788855,0.9368001837940685,2.2797424776947643,4.440892098500626e-15,0.2586368950905556,8.095063386652871,4.440892098500626e-15,3.997723753670298,0.5259041587926951,-0.5958760685891755,-198.4728511552575,0.7579502746295299,0.28694537410553317,0.4061629326484425,0.32946414320513995,7.5141890920496515,0.6870058662989151,15.813770209319504,0.4013639870313487,1.8898639685407417,9.39044528252435,0.7607541378153666,-6.551289943530626,0.39148288461750536,-1.0207511459295695,12.4059327979035,0.6057700568844963,-430.0958462943783,-1.1368683772161603e-13,-37.75561612698371,4.389209574130826,0.0,-4.094677277777782,0.3026340432521906,-0.3560190590277781,7.635573629343992,0.38141804119959694,6.82206375715934,3.552713678800501e-15,0.5967269430750424,4.373507521450631,3.552713678800501e-15,-1.321152407003039,0.36267346545634604,-0.34575236035106743,-37.842806811717885,0.39959708106256586,-0.23203347753662115,0.16768646857259886,0.08204217910187828,7.222109501062486,0.21274315944021224,9.159715424805091,0.22400604266724375,0.87738886711454,4.3390794569928275,0.29903409686255195,-5.595167571492385,0.25569072716655555,-0.618550617706524,6.0512823046268975,0.31751193039030323,-430.09584629437836,-1.1368683772161603e-13,-37.75561612698371,4.389209574130826,0.0,-4.742940444444447,0.27743967687921145,-0.3560190590277781,7.635573629343992,0.0,6.82206375715934,3.552713678800501e-15,0.5967269430750424,4.373507521450631,0.0,-2.164205294350812,0.3877216485101442,-0.34575236035106743,-37.842806811717885,0.0,-0.7561655940073109,0.1977916225426191,0.08204217910187828,7.222109501062486,0.0,7.176338436514051,0.1609285319467251,0.87738886711454,4.3390794569928275,0.0,-3.5516656476093864,0.16996634194576246,-0.618550617706524,6.0512823046268975,0.0
38,39,C,1.0,-18.926565,2.119733739130549,1.0,-8.822574,3.955264428256765,1.0,-3.8116658333333335,5.278508797056901,1.0,-1.8252025,5.688581415131555,0.5,1.73577,3.5543241106807635,-845.2011361893847,-1.7053025658242404e-13,-74.27935723062538,8.788544151736392,0.0,-0.12339556944445418,0.680477995709709,0.1929064421296291,0.7910804567403575,0.9368001837940685,2.2797424776947643,4.440892098500626e-15,0.2586368950905556,8.095063386652871,4.440892098500626e-15,3.014486720583905,0.5544575280168229,-0.5434503630468235,75.65081171036039,0.7579502746295299,0.11128037030511251,0.4156025009108327,0.3820870446756652,-21.34115780951034,0.6870058662989151,16.699496748135232,0.4277158504245719,1.9330329544716176,9.501778678501763,0.7607541378153666,-7.0473377187094215,0.41447782380198794,-1.0274058323836186,11.656973471466753,0.6057700568844963,-845.2011361893847,-1.7053025658242404e-13,-74.27935723062538,8.788544151736392,0.0,-0.12339556944445418,0.680477995709709,0.1929064421296291,0.7910804567403575,0.9368001837940685,2.2797424776947643,4.440892098500626e-15,0.2586368950905556,8.095063386652871,4.440892098500626e-15,3.014486720583905,0.5544575280168229,-0.5434503630468235,75.65081171036039,0.7579502746295299,0.11128037030511251,0.4156025009108327,0.3820870446756652,-21.34115780951034,0.6870058662989151,16.699496748135232,0.4277158504245719,1.9330329544716176,9.501778678501763,0.7607541378153666,-7.0473377187094215,0.41447782380198794,-1.0274058323836186,11.656973471466753,0.6057700568844963,-845.2011361893847,-1.7053025658242404e-13,-74.27935723062538,8.788544151736392,0.0,-0.12339556944445418,0.680477995709709,0.1929064421296291,0.7910804567403575,0.9368001837940685,2.2797424776947643,4.440892098500626e-15,0.2586368950905556,8.095063386652871,4.440892098500626e-15,3.014486720583905,0.5544575280168229,-0.5434503630468235,75.65081171036039,0.7579502746295299,0.11128037030511251,0.4156025009108327,0.3820870446756652,-21.34115780951034,0.6870058662989151,16.699496748135232,0.4277158504245719,1.9330329544716176,9.501778678501763,0.7607541378153666,-7.0473377187094215,0.41447782380198794,-1.0274058323836186,11.656973471466753,0.6057700568844963,-845.2011361893847,-1.7053025658242404e-13,-74.27935723062538,8.788544151736392,0.0,-0.12339556944445418,0.680477995709709,0.1929064421296291,0.7910804567403575,0.9368001837940685,2.2797424776947643,4.440892098500626e-15,0.2586368950905556,8.095063386652871,4.440892098500626e-15,3.014486720583905,0.5544575280168229,-0.5434503630468235,75.65081171036039,0.7579502746295299,0.11128037030511251,0.4156025009108327,0.3820870446756652,-21.34115780951034,0.6870058662989151,16.699496748135232,0.4277158504245719,1.9330329544716176,9.501778678501763,0.7607541378153666,-7.0473377187094215,0.41447782380198794,-1.0274058323836186,11.656973471466753,0.6057700568844963,-845.2011361893847,-1.7053025658242404e-13,-74.27935723062538,8.788544151736392,0.0,0.9148504166666545,0.7143444102853145,0.1929064421296291,0.7910804567403575,0.7814148938036529,2.2797424776947635,4.440892098500626e-15,0.2586368950905556,8.095063386652871,4.440892098500626e-15,1.433801515837171,0.6019514191013527,-0.5434503630468235,75.65081171036039,0.6545524494800086,-0.8565139571948133,0.45593156547508523,0.3820870446756652,-21.34115780951034,0.5006533272124347,20.056813783803868,0.5232437561143044,1.9330329544716176,9.501778678501763,0.5970334147747283,-8.794667844146971,0.494632340358918,-1.0274058323836186,11.656973471466753,0.5594284030676128,-430.09584629437836,-1.1368683772161603e-13,-37.75561612698371,4.389209574130826,0.0,-4.742940444444447,0.27743967687921145,-0.31823017013888916,7.041344818738846,0.0,6.82206375715934,3.552713678800501e-15,0.5967269430750424,4.373507521450631,0.0,-2.164205294350812,0.3877216485101442,-0.32408423430574035,-28.580749893209727,0.0,-0.7561655940073109,0.1977916225426191,0.1023609405071182,-7.517279083907494,0.0,7.176338436514051,0.1609285319467251,0.8958554026966045,4.538490740318303,0.0,-3.5516656476093864,0.16996634194576246,-0.6206216855183896,5.77589363692542,0.0
39,40,A,1.0,-18.926565,2.119733739130549,1.0,-8.822574,3.955264428256765,1.0,-3.8116658333333335,5.278508797056901,1.0,-1.8252025,5.688581415131555,0.5,1.73577,3.5543241106807635,-845.2011361893847,-1.7053025658242404e-13,-74.27935723062538,8.788544151736392,0.0,-0.5719032037037115,0.6640402318424053,0.11732866435185124,-2.3623764137194687,0.9368001837940685,2.2797424776947643,4.440892098500626e-15,0.2586368950905556,8.095063386652871,4.440892098500626e-15,2.4032650268097604,0.5721740880095554,-0.5958760685891755,219.1909303513293,0.7579502746295299,0.28270989628466314,0.4059754514644849,0.32946414320513995,-22.02233153754151,0.6870058662989151,16.834453229602317,0.4311309211439296,1.8898639685407417,10.077044529748559,0.7607541378153666,-7.3803408991274955,0.4301895535756567,-1.0207511459295695,14.477420745028713,0.6057700568844963,-845.2011361893847,-1.7053025658242404e-13,-74.27935723062538,8.788544151736392,0.0,-0.6568488232323308,0.6604708820646312,0.11732866435185124,-2.3623764137194687,0.0,2.2797424776947643,4.440892098500626e-15,0.2586368950905556,8.095063386652871,0.0,1.9330585075694815,0.585901075810455,-0.5958760685891755,219.1909303513293,0.0,0.09414207813459752,0.41564845185613064,0.32946414320513995,-22.02233153754151,0.0,17.57874944574681,0.4538862052742122,1.8898639685407417,10.077044529748559,0.0,-7.793621416914258,0.4496869642814497,-1.0207511459295695,14.477420745028713,0.0,-845.2011361893847,-1.7053025658242404e-13,-74.27935723062538,8.788544151736392,0.0,-0.6568488232323308,0.6604708820646312,0.11732866435185124,-2.3623764137194687,0.0,2.2797424776947643,4.440892098500626e-15,0.2586368950905556,8.095063386652871,0.0,1.9330585075694815,0.585901075810455,-0.5958760685891755,219.1909303513293,0.0,0.09414207813459752,0.41564845185613064,0.32946414320513995,-22.02233153754151,0.0,17.57874944574681,0.4538862052742122,1.8898639685407417,10.077044529748559,0.0,-7.793621416914258,0.4496869642814497,-1.0207511459295695,14.477420745028713,0.0,-845.2011361893847,-1.7053025658242404e-13,-74.27935723062538,8.788544151736392,0.0,-0.6568488232323308,0.6604708820646312,0.11732866435185124,-2.3623764137194687,0.0,2.2797424776947643,4.440892098500626e-15,0.2586368950905556,8.095063386652871,0.0,1.9330585075694815,0.585901075810455,-0.5958760685891755,219.1909303513293,0.0,0.09414207813459752,0.41564845185613064,0.32946414320513995,-22.02233153754151,0.0,17.57874944574681,0.4538862052742122,1.8898639685407417,10.077044529748559,0.0,-7.793621416914258,0.4496869642814497,-1.0207511459295695,14.477420745028713,0.0,-845.2011361893847,-1.7053025658242404e-13,-74.27935723062538,8.788544151736392,0.0,0.9148504166666545,0.7143444102853145,0.11732866435185124,-2.3623764137194687,0.0,2.2797424776947635,4.440892098500626e-15,0.2586368950905556,8.095063386652871,0.0,1.433801515837171,0.6019514191013527,-0.5958760685891755,219.1909303513293,0.0,-0.8565139571948133,0.45593156547508523,0.32946414320513995,-22.02233153754151,0.0,20.056813783803868,0.5232437561143044,1.8898639685407417,10.077044529748559,0.0,-8.794667844146971,0.494632340358918,-1.0207511459295695,14.477420745028713,0.0,-430.09584629437836,-1.1368683772161603e-13,-37.75561612698371,4.389209574130826,0.0,-4.742940444444447,0.27743967687921145,-0.3560190590277781,11.441340312875381,0.0,6.82206375715934,3.552713678800501e-15,0.5967269430750424,4.373507521450631,0.0,-2.164205294350812,0.3877216485101442,-0.34575236035106743,16.138135470527985,0.0,-0.7561655940073109,0.1977916225426191,0.08204217910187828,-7.146943453774895,0.0,7.176338436514051,0.1609285319467251,0.87738886711454,4.969081094182964,0.0,-3.5516656476093864,0.16996634194576246,-0.618550617706524,6.87019180372398,0.0
40,41,C,1.0,-18.25548269230769,2.239982550799855,1.0,-8.822574,3.955264428256765,1.0,-3.8116658333333335,5.278508797056901,1.0,-1.8252025,5.688581415131555,0.5,1.73577,3.5543241106807635,-845.2011361893847,-1.7053025658242404e-13,-75.55537008923915,8.939248678842809,0.0,-1.0099954141414216,0.6476223766064961,0.3536191489898984,15.246548824327428,0.9368001837940685,2.2797424776947643,4.440892098500626e-15,0.032779693049038494,9.533969706038054,4.440892098500626e-15,1.3071410205308047,0.603976254267235,-0.3983183343808285,42.94687518187419,0.7579502746295299,0.05895334176284939,0.41709702590279746,0.1948257070409555,-22.876539649623417,0.6870058662989151,17.57576090022642,0.45289661140433124,1.8710879615035356,12.020413241282348,0.7607541378153666,-7.520475130623916,0.4363266675781954,-1.014968766020939,18.47198300277442,0.6057700568844963,-845.2011361893847,-1.7053025658242404e-13,-75.55537008923915,8.939248678842809,0.0,-1.147244816666674,0.6420543063273538,0.3536191489898984,15.246548824327428,0.0,2.2797424776947635,4.440892098500626e-15,0.032779693049038494,9.533969706038054,0.0,0.6803014487386022,0.6222561574739927,-0.3983183343808285,42.94687518187419,0.0,-0.17084691365440413,0.42884948377743903,0.1948257070409555,-22.876539649623417,0.0,18.468617505047774,0.4801039929736823,1.8710879615035356,12.020413241282348,0.0,-7.989097123338997,0.45838753075482164,-1.014968766020939,18.47198300277442,0.0,-845.2011361893847,-1.7053025658242404e-13,-75.55537008923915,8.939248678842809,0.0,-1.147244816666674,0.6420543063273538,0.3536191489898984,15.246548824327428,0.0,2.2797424776947635,4.440892098500626e-15,0.032779693049038494,9.533969706038054,0.0,0.6803014487386022,0.6222561574739927,-0.3983183343808285,42.94687518187419,0.0,-0.17084691365440413,0.42884948377743903,0.1948257070409555,-22.876539649623417,0.0,18.468617505047774,0.4801039929736823,1.8710879615035356,12.020413241282348,0.0,-7.989097123338997,0.45838753075482164,-1.014968766020939,18.47198300277442,0.0,-845.2011361893847,-1.7053025658242404e-13,-75.55537008923915,8.939248678842809,0.0,-1.147244816666674,0.6420543063273538,0.3536191489898984,15.246548824327428,0.0,2.2797424776947635,4.440892098500626e-15,0.032779693049038494,9.533969706038054,0.0,0.6803014487386022,0.6222561574739927,-0.3983183343808285,42.94687518187419,0.0,-0.17084691365440413,0.42884948377743903,0.1948257070409555,-22.876539649623417,0.0,18.468617505047774,0.4801039929736823,1.8710879615035356,12.020413241282348,0.0,-7.989097123338997,0.45838753075482164,-1.014968766020939,18.47198300277442,0.0,-845.2011361893847,-1.7053025658242404e-13,-75.55537008923915,8.939248678842809,0.0,0.9148504166666545,0.7143444102853145,0.3536191489898984,15.246548824327428,0.0,2.2797424776947635,4.440892098500626e-15,0.032779693049038494,9.533969706038054,0.0,1.433801515837171,0.6019514191013527,-0.3983183343808285,42.94687518187419,0.0,-0.8565139571948133,0.45593156547508523,0.1948257070409555,-22.876539649623417,0.0,20.056813783803868,0.5232437561143044,1.8710879615035356,12.020413241282348,0.0,-8.794667844146971,0.494632340358918,-1.014968766020939,18.47198300277442,0.0,-430.09584629437836,-1.1368683772161603e-13,-38.4685310681941,4.472088186811316,0.0,-4.742940444444447,0.27743967687921145,-0.23011776136363665,4.102323691418899,0.0,6.82206375715934,3.552713678800501e-15,0.5396155820033136,3.9549291916029077,0.0,-2.164205294350812,0.3877216485101442,-0.2466235701425807,28.303332546379103,0.0,-0.7561655940073109,0.1977916225426191,0.03732063023289966,-10.386377059395919,0.0,7.176338436514051,0.1609285319467251,0.9129822370334673,6.7445803888738824,0.0,-3.5516656476093864,0.16996634194576246,-0.6127594040940116,8.147379721485434,0.0
41,42,A,1.0,-18.783088636363637,2.190968191313381,1.0,-6.62705125,4.467064307804909,1.0,-3.0406625,5.428818908252364,1.0,-1.8252025,5.688581415131555,0.5,1.73577,3.5543241106807635,-845.2011361893847,-1.7053025658242404e-13,-75.29575427682278,8.908188855160144,0.0,-1.2152611777777862,0.639648855042492,0.3419619111111104,13.278286455779988,0.9368001837940685,2.2797424776947635,4.440892098500626e-15,-0.19397680428769687,10.4243141829263,4.440892098500626e-15,0.7522733007433825,0.6200242133810109,1.0862708773482295,-295.20905751683034,0.7579502746295299,-0.36885772184065385,0.4386194937775064,0.21495269069096629,-10.285574668059379,0.6870058662989151,18.409864692733763,0.4769120491218345,0.7708606624264502,6.694873989578207,0.7607541378153666,-7.575350888408947,0.43863733997713006,-0.41254092255683783,9.78836441650668,0.6057700568844963,-845.2011361893847,-1.7053025658242404e-13,-75.29575427682278,8.908188855160144,0.0,-1.3905678209876622,0.6325761634474445,0.3419619111111104,13.278286455779988,0.0,2.2797424776947635,4.440892098500626e-15,-0.19397680428769687,10.4243141829263,0.0,-0.005867081224333659,0.6421183235122723,1.0862708773482295,-295.20905751683034,0.0,-0.6717259015935471,0.45406916562429805,0.21495269069096629,-10.285574668059379,0.0,19.49460578614719,0.5098108550563916,0.7708606624264502,6.694873989578207,0.0,-8.10213929784626,0.4634061515510409,-0.41254092255683783,9.78836441650668,0.0,-845.2011361893847,-1.7053025658242404e-13,-75.29575427682278,8.908188855160144,0.0,-1.3905678209876622,0.6325761634474445,0.3419619111111104,13.278286455779988,0.0,2.2797424776947635,4.440892098500626e-15,-0.19397680428769687,10.4243141829263,0.0,-0.005867081224333659,0.6421183235122723,1.0862708773482295,-295.20905751683034,0.0,-0.6717259015935471,0.45406916562429805,0.21495269069096629,-10.285574668059379,0.0,19.49460578614719,0.5098108550563916,0.7708606624264502,6.694873989578207,0.0,-8.10213929784626,0.4634061515510409,-0.41254092255683783,9.78836441650668,0.0,-845.2011361893847,-1.7053025658242404e-13,-75.29575427682278,8.908188855160144,0.0,-1.3905678209876622,0.6325761634474445,0.3419619111111104,13.278286455779988,0.0,2.2797424776947635,4.440892098500626e-15,-0.19397680428769687,10.4243141829263,0.0,-0.005867081224333659,0.6421183235122723,1.0862708773482295,-295.20905751683034,0.0,-0.6717259015935471,0.45406916562429805,0.21495269069096629,-10.285574668059379,0.0,19.49460578614719,0.5098108550563916,0.7708606624264502,6.694873989578207,0.0,-8.10213929784626,0.4634061515510409,-0.41254092255683783,9.78836441650668,0.0,-845.2011361893847,-1.7053025658242404e-13,-75.29575427682278,8.908188855160144,0.0,0.9148504166666545,0.7143444102853145,0.3419619111111104,13.278286455779988,0.0,2.2797424776947635,4.440892098500626e-15,-0.19397680428769687,10.4243141829263,0.0,1.433801515837171,0.6019514191013527,1.0862708773482295,-295.20905751683034,0.0,-0.8565139571948133,0.45593156547508523,0.21495269069096629,-10.285574668059379,0.0,20.056813783803868,0.5232437561143044,0.7708606624264502,6.694873989578207,0.0,-8.794667844146971,0.494632340358918,-0.41254092255683783,9.78836441650668,0.0,-430.09584629437836,-1.1368683772161603e-13,-38.41821057030675,4.466238270063584,0.0,-4.742940444444447,0.27743967687921145,0.02520984444444414,-0.2816857516437491,0.0,6.82206375715934,3.552713678800501e-15,0.45204838938500275,3.313135185160103,0.0,-2.164205294350812,0.3877216485101442,0.5255969346481892,31.547353204546575,0.0,-0.7561655940073109,0.1977916225426191,0.14925089987317589,-8.442791326513454,0.0,7.176338436514051,0.1609285319467251,0.5660961867203561,5.441218485792634,0.0,-3.5516656476093864,0.16996634194576246,-0.22394813080808262,3.565403599744618,0.0
42,43,G,1.0,-17.295858333333335,2.423914003601679,1.0,-6.62705125,4.467064307804909,1.0,-3.0406625,5.428818908252364,1.0,-1.8252025,5.688581415131555,0.5,1.73577,3.5543241106807635,-845.2011361893847,-1.7053025658242404e-13,-72.85492570348626,8.618951935274794,0.0,-1.0141720740740827,0.6468415475339399,0.18252251543209785,25.44039481036076,0.9368001837940685,2.2797424776947635,4.440892098500626e-15,-0.4219323620180563,10.583242869818635,4.440892098500626e-15,0.4201837463773226,0.6295976393117729,1.075320401920865,-458.42875303188254,0.7579502746295299,-0.8027450963807914,0.45901673139522564,-0.4350922687769441,21.5021076865683,0.6870058662989151,18.058052110969474,0.4661881482531429,0.8001762236313595,5.181344259647444,0.7607541378153666,-7.357281859529718,0.42811580020863516,-0.17568210912109075,0.5547743679217362,0.6057700568844963,-845.2011361893847,-1.7053025658242404e-13,-72.85492570348626,8.618951935274794,0.0,-1.186255909722231,0.6397838560509423,0.18252251543209785,25.44039481036076,0.0,2.2797424776947635,4.440892098500626e-15,-0.4219323620180563,10.583242869818635,0.0,-0.47423537763211554,0.6556501914507872,1.075320401920865,-458.42875303188254,0.0,-1.1977077204203135,0.47894726692508116,-0.4350922687769441,21.5021076865683,0.0,19.234409268339043,0.5018588173209331,0.8001762236313595,5.181344259647444,0.0,-7.922660191536792,0.454665520758223,-0.17568210912109075,0.5547743679217362,0.0,-845.2011361893847,-1.7053025658242404e-13,-72.85492570348626,8.618951935274794,0.0,-1.186255909722231,0.6397838560509423,0.18252251543209785,25.44039481036076,0.0,2.2797424776947635,4.440892098500626e-15,-0.4219323620180563,10.583242869818635,0.0,-0.47423537763211554,0.6556501914507872,1.075320401920865,-458.42875303188254,0.0,-1.1977077204203135,0.47894726692508116,-0.4350922687769441,21.5021076865683,0.0,19.234409268339043,0.5018588173209331,0.8001762236313595,5.181344259647444,0.0,-7.922660191536792,0.454665520758223,-0.17568210912109075,0.5547743679217362,0.0,-845.2011361893847,-1.7053025658242404e-13,-72.85492570348626,8.618951935274794,0.0,-1.186255909722231,0.6397838560509423,0.18252251543209785,25.44039481036076,0.0,2.2797424776947635,4.440892098500626e-15,-0.4219323620180563,10.583242869818635,0.0,-0.47423537763211554,0.6556501914507872,1.075320401920865,-458.42875303188254,0.0,-1.1977077204203135,0.47894726692508116,-0.4350922687769441,21.5021076865683,0.0,19.234409268339043,0.5018588173209331,0.8001762236313595,5.181344259647444,0.0,-7.922660191536792,0.454665520758223,-0.17568210912109075,0.5547743679217362,0.0,-845.2011361893847,-1.7053025658242404e-13,-72.85492570348626,8.618951935274794,0.0,0.9148504166666545,0.7143444102853145,0.18252251543209785,25.44039481036076,0.0,2.2797424776947635,4.440892098500626e-15,-0.4219323620180563,10.583242869818635,0.0,1.433801515837171,0.6019514191013527,1.075320401920865,-458.42875303188254,0.0,-0.8565139571948133,0.45593156547508523,-0.4350922687769441,21.5021076865683,0.0,20.056813783803868,0.5232437561143044,0.8001762236313595,5.181344259647444,0.0,-8.794667844146971,0.494632340358918,-0.17568210912109075,0.5547743679217362,0.0,-430.09584629437836,-1.1368683772161603e-13,-37.28338888718242,4.334311666621383,0.0,-4.742940444444447,0.27743967687921145,-0.14104005401234604,2.9053082206247614,0.0,6.82206375715934,3.552713678800501e-15,0.3238734213712491,2.3737202765905234,0.0,-2.164205294350812,0.3877216485101442,0.5192022063712326,26.197278500732786,0.0,-0.7561655940073109,0.1977916225426191,-0.18982392828161737,5.800546085439479,0.0,7.176338436514051,0.1609285319467251,0.5898759600125533,4.297400414689623,0.0,-3.5516656476093864,0.16996634194576246,-0.19006006497627376,1.3004786136103528,0.0
43,44,T,1.0,-15.934389285714285,2.7194243417712993,1.0,-6.62705125,4.467064307804909,1.0,-3.0406625,5.428818908252364,1.0,-1.8252025,5.688581415131555,0.5,1.73577,3.5543241106807635,-845.2011361893847,-1.7053025658242404e-13,-69.41697969720309,8.211614077247742,0.0,-0.4860708055555656,0.665863331726901,0.644911663194444,19.479677919778922,0.9368001837940685,2.2797424776947635,4.440892098500626e-15,-0.7068768091810056,10.781903728434056,4.440892098500626e-15,0.17126407730676846,0.6367813212291902,0.3252187476289399,-663.6553920069491,0.7579502746295299,-0.5205753338742003,0.4431757032113387,-1.067056128800469,61.617644366582184,0.6870058662989151,17.925661465493416,0.46201942123583295,1.1941366019450166,7.340182410653643,0.7607541378153666,-7.465316461911481,0.4327336026041796,0.013067131026705703,-2.9401162923974304,0.6057700568844963,-845.2011361893847,-1.7053025658242404e-13,-69.41697969720309,8.211614077247742,0.0,-0.6072950079365174,0.660514796345327,0.644911663194444,19.479677919778922,0.0,2.2797424776947635,4.440892098500626e-15,-0.7068768091810056,10.781903728434056,0.0,-0.8864891599998114,0.6675819068048376,0.3252187476289399,-663.6553920069491,0.0,-0.9316512238469981,0.4636904540763326,-1.067056128800469,61.617644366582184,0.0,19.25115669599063,0.5021903677394062,1.1941366019450166,7.340182410653643,0.0,-8.12689664168839,0.4637358264316434,0.013067131026705703,-2.9401162923974304,0.0,-845.2011361893847,-1.7053025658242404e-13,-69.41697969720309,8.211614077247742,0.0,-0.6072950079365174,0.660514796345327,0.644911663194444,19.479677919778922,0.0,2.2797424776947635,4.440892098500626e-15,-0.7068768091810056,10.781903728434056,0.0,-0.8864891599998114,0.6675819068048376,0.3252187476289399,-663.6553920069491,0.0,-0.9316512238469981,0.4636904540763326,-1.067056128800469,61.617644366582184,0.0,19.25115669599063,0.5021903677394062,1.1941366019450166,7.340182410653643,0.0,-8.12689664168839,0.4637358264316434,0.013067131026705703,-2.9401162923974304,0.0,-845.2011361893847,-1.7053025658242404e-13,-69.41697969720309,8.211614077247742,0.0,-0.6072950079365174,0.660514796345327,0.644911663194444,19.479677919778922,0.0,2.2797424776947635,4.440892098500626e-15,-0.7068768091810056,10.781903728434056,0.0,-0.8864891599998114,0.6675819068048376,0.3252187476289399,-663.6553920069491,0.0,-0.9316512238469981,0.4636904540763326,-1.067056128800469,61.617644366582184,0.0,19.25115669599063,0.5021903677394062,1.1941366019450166,7.340182410653643,0.0,-8.12689664168839,0.4637358264316434,0.013067131026705703,-2.9401162923974304,0.0,-845.2011361893847,-1.7053025658242404e-13,-69.41697969720309,8.211614077247742,0.0,0.9148504166666545,0.7143444102853145,0.644911663194444,19.479677919778922,0.0,2.2797424776947635,4.440892098500626e-15,-0.7068768091810056,10.781903728434056,0.0,1.433801515837171,0.6019514191013527,0.3252187476289399,-663.6553920069491,0.0,-0.8565139571948133,0.45593156547508523,-1.067056128800469,61.617644366582184,0.0,20.056813783803868,0.5232437561143044,1.1941366019450166,7.340182410653643,0.0,-8.794667844146971,0.494632340358918,0.013067131026705703,-2.9401162923974304,0.0,-430.09584629437836,-1.1368683772161603e-13,-35.67140663847074,4.1469136409719605,0.0,-4.742940444444447,0.27743967687921145,-0.028952588541666865,0.5244689734739617,0.0,6.82206375715934,3.552713678800501e-15,0.16365471135405701,1.1994516408785494,0.0,-2.164205294350812,0.3877216485101442,0.09716624222359965,13.133821050878694,0.0,-0.7561655940073109,0.1977916225426191,-0.5235976729363085,29.931411485975424,0.0,7.176338436514051,0.1609285319467251,0.5802718264613762,4.203037682683214,0.0,-3.5516656476093864,0.16996634194576246,-0.17826472990179126,0.783900063823723,0.0
44,45,G,1.0,-15.934389285714285,2.7194243417712993,1.0,-6.62705125,4.467064307804909,1.0,-3.0406625,5.428818908252364,1.0,-1.8252025,5.688581415131555,0.5,1.73577,3.5543241106807635,-845.2011361893847,-1.7053025658242404e-13,-63.870280085068615,7.554572124646182,0.0,0.14066638888887795,0.6885377637486223,0.5769653333333328,2.302897250028037,0.9368001837940685,2.2797424776947635,4.440892098500626e-15,-0.9861400520570813,10.877140537746163,4.440892098500626e-15,0.3640322410177617,0.6311368299565441,1.6728025958171742,90.51568726543621,0.7579502746295299,-0.13557574680357745,0.42209310171227277,-0.5662543390491526,37.01920282597665,0.6870058662989151,17.408096497416217,0.44650240108287886,0.5230382574360612,2.042747944231289,0.7607541378153666,-7.958711499398774,0.45561791001656193,0.23757508876884123,-3.473759699354254,0.6057700568844963,-845.2011361893847,-1.7053025658242404e-13,-63.870280085068615,7.554572124646182,0.0,0.1036943518518414,0.6860768778070728,0.5769653333333328,2.302897250028037,0.0,2.2797424776947635,4.440892098500626e-15,-0.9861400520570813,10.877140537746163,0.0,-0.8378851752214159,0.666130097916025,1.6728025958171742,90.51568726543621,0.0,-0.5509976872600711,0.4425132108049212,-0.5662543390491526,37.01920282597665,0.0,18.8682467716501,0.49078233531155513,0.5230382574360612,2.042747944231289,0.0,-8.812787548719717,0.49560122238400006,0.23757508876884123,-3.473759699354254,0.0,-845.2011361893847,-1.7053025658242404e-13,-63.870280085068615,7.554572124646182,0.0,0.1036943518518414,0.6860768778070728,0.5769653333333328,2.302897250028037,0.0,2.2797424776947635,4.440892098500626e-15,-0.9861400520570813,10.877140537746163,0.0,-0.8378851752214159,0.666130097916025,1.6728025958171742,90.51568726543621,0.0,-0.5509976872600711,0.4425132108049212,-0.5662543390491526,37.01920282597665,0.0,18.8682467716501,0.49078233531155513,0.5230382574360612,2.042747944231289,0.0,-8.812787548719717,0.49560122238400006,0.23757508876884123,-3.473759699354254,0.0,-845.2011361893847,-1.7053025658242404e-13,-63.870280085068615,7.554572124646182,0.0,0.1036943518518414,0.6860768778070728,0.5769653333333328,2.302897250028037,0.0,2.2797424776947635,4.440892098500626e-15,-0.9861400520570813,10.877140537746163,0.0,-0.8378851752214159,0.666130097916025,1.6728025958171742,90.51568726543621,0.0,-0.5509976872600711,0.4425132108049212,-0.5662543390491526,37.01920282597665,0.0,18.8682467716501,0.49078233531155513,0.5230382574360612,2.042747944231289,0.0,-8.812787548719717,0.49560122238400006,0.23757508876884123,-3.473759699354254,0.0,-845.2011361893847,-1.7053025658242404e-13,-63.870280085068615,7.554572124646182,0.0,0.9148504166666545,0.7143444102853145,0.5769653333333328,2.302897250028037,0.0,2.2797424776947635,4.440892098500626e-15,-0.9861400520570813,10.877140537746163,0.0,1.433801515837171,0.6019514191013527,1.6728025958171742,90.51568726543621,0.0,-0.8565139571948133,0.45593156547508523,-0.5662543390491526,37.01920282597665,0.0,20.056813783803868,0.5232437561143044,0.5230382574360612,2.042747944231289,0.0,-8.794667844146971,0.494632340358918,0.23757508876884123,-3.473759699354254,0.0,-430.09584629437836,-1.1368683772161603e-13,-33.0356163738134,3.840494701174378,0.0,-4.742940444444447,0.27743967687921145,0.10697473015872991,-4.526594353931937,0.0,6.82206375715934,3.552713678800501e-15,0.0012061787843824184,0.008840277863986603,0.0,-2.164205294350812,0.3877216485101442,0.8261881085046159,71.4964823057759,0.0,-0.7561655940073109,0.1977916225426191,-0.2933499080156155,25.739455969089658,0.0,7.176338436514051,0.1609285319467251,0.13520059797652936,0.006415575972226607,0.0,-3.5516656476093864,0.16996634194576246,0.039013934444478156,-0.6152874197822192,0.0
45,46,G,1.0,-17.9525825,2.281414141470652,1.0,-6.750685000000001,4.346765567134279,1.0,-2.256095,5.510152272929542,1.0,-2.256095,5.510152272929542,0.0,0.0,0.0,-845.2011361893847,-1.7053025658242404e-13,-55.17880436709675,6.526942982423135,0.0,0.5230983425925819,0.7026959674248583,0.23525925925925825,2.844530545341301,0.9368001837940685,2.2797424776947635,4.440892098500626e-15,-1.2414303924429353,10.377547613501033,4.440892098500626e-15,0.9821916113144187,0.6131665170381518,2.6445073769325447,153.7273441771423,0.7579502746295299,0.24344174642310365,0.40391639100181376,0.0,0.0,0.6870058662989151,18.07131952448809,0.4653963508818949,-0.3965206755244718,-4.491094958329963,0.7607541378153666,-8.284049838632173,0.4701738199769566,0.0,0.0,0.6057700568844963,-845.2011361893847,-1.7053025658242404e-13,-55.17880436709675,6.526942982423135,0.0,0.5552182888888795,0.7025745450302461,0.23525925925925825,2.844530545341301,0.0,2.2797424776947626,4.440892098500626e-15,-1.2414303924429353,10.377547613501033,0.0,-0.3364774141132629,0.6515643760058505,2.6445073769325447,153.7273441771423,0.0,-0.17926108347935257,0.42478517977090013,0.0,0.0,0.0,19.956144458983125,0.5223110619161097,-0.3965206755244718,-4.491094958329963,0.0,-9.374008765663984,0.5210649768099613,0.0,0.0,0.0,-845.2011361893847,-1.7053025658242404e-13,-55.17880436709675,6.526942982423135,0.0,0.5552182888888795,0.7025745450302461,0.23525925925925825,2.844530545341301,0.0,2.2797424776947626,4.440892098500626e-15,-1.2414303924429353,10.377547613501033,0.0,-0.3364774141132629,0.6515643760058505,2.6445073769325447,153.7273441771423,0.0,-0.17926108347935257,0.42478517977090013,0.0,0.0,0.0,19.956144458983125,0.5223110619161097,-0.3965206755244718,-4.491094958329963,0.0,-9.374008765663984,0.5210649768099613,0.0,0.0,0.0,-845.2011361893847,-1.7053025658242404e-13,-55.17880436709675,6.526942982423135,0.0,0.5552182888888795,0.7025745450302461,0.23525925925925825,2.844530545341301,0.0,2.2797424776947626,4.440892098500626e-15,-1.2414303924429353,10.377547613501033,0.0,-0.3364774141132629,0.6515643760058505,2.6445073769325447,153.7273441771423,0.0,-0.17926108347935257,0.42478517977090013,0.0,0.0,0.0,19.956144458983125,0.5223110619161097,-0.3965206755244718,-4.491094958329963,0.0,-9.374008765663984,0.5210649768099613,0.0,0.0,0.0,-845.2011361893847,-1.7053025658242404e-13,-55.17880436709675,6.526942982423135,0.0,1.1047819222222102,0.7217259864457239,0.23525925925925825,2.844530545341301,0.0,2.2797424776947626,4.440892098500626e-15,-1.2414303924429353,10.377547613501033,0.0,1.707943817996406,0.593806299536106,2.6445073769325447,153.7273441771423,0.0,-0.7528537602158618,0.44997752050713397,0.0,0.0,0.0,20.461277076634968,0.536106937365385,-0.3965206755244718,-4.491094958329963,0.0,-9.189185260879851,0.5111822455060873,0.0,0.0,0.0,0.0,0.0,0.0,0.0,0.0,0.0,0.0,0.0,0.0,0.0,0.0,0.0,0.0,0.0,0.0,0.0,0.0,0.0,0.0,0.0,0.0,0.0,0.0,0.0,0.0,0.0,0.0,0.0,0.0,0.0,0.0,0.0,0.0,0.0,0.0
46,47,G,1.0,-17.325209,2.4339414929239993,1.0,-6.750685000000001,4.346765567134279,1.0,-2.256095,5.510152272929542,1.0,-2.256095,5.510152272929542,0.0,0.0,0.0,-845.2011361893847,-1.7053025658242404e-13,-45.89487806013868,5.430684649411326,0.0,1.1566753555555453,0.7264243471674596,-0.0866222222222228,8.122197051094851,0.9368001837940685,2.2797424776947626,4.440892098500626e-15,-1.4959604686232102,9.491561003436722,4.440892098500626e-15,1.6132605410265768,0.59476873805408,1.6592687877479069,195.25257315512755,0.7579502746295299,0.5472673714965375,0.3877263041150928,-0.3193122067012234,-0.45371524178876665,0.6870058662989151,17.47932328935754,0.4464196213199181,-0.054943109375071214,-1.348692322351332,0.7607541378153666,-8.473617231766843,0.4789074336849456,0.12393333935442137,-6.147509088136417,0.6057700568844963,-845.2011361893847,-1.7053025658242404e-13,-45.89487806013868,5.430684649411326,0.0,1.3552195416666568,0.7322046641098446,-0.0866222222222228,8.122197051094851,0.0,2.2797424776947626,4.440892098500626e-15,-1.4959604686232102,9.491561003436722,0.0,0.12269149167001425,0.6381666170176854,1.6592687877479069,195.25257315512755,0.0,0.09484524038682574,0.4097647683547706,-0.3193122067012234,-0.45371524178876665,0.0,19.6873553986937,0.5128188277221923,-0.054943109375071214,-1.348692322351332,0.0,-9.883457738840274,0.5447047831531988,0.12393333935442137,-6.147509088136417,0.0,-845.2011361893847,-1.7053025658242404e-13,-45.89487806013868,5.430684649411326,0.0,1.3552195416666568,0.7322046641098446,-0.0866222222222228,8.122197051094851,0.0,2.2797424776947626,4.440892098500626e-15,-1.4959604686232102,9.491561003436722,0.0,0.12269149167001425,0.6381666170176854,1.6592687877479069,195.25257315512755,0.0,0.09484524038682574,0.4097647683547706,-0.3193122067012234,-0.45371524178876665,0.0,19.6873553986937,0.5128188277221923,-0.054943109375071214,-1.348692322351332,0.0,-9.883457738840274,0.5447047831531988,0.12393333935442137,-6.147509088136417,0.0,-845.2011361893847,-1.7053025658242404e-13,-45.89487806013868,5.430684649411326,0.0,1.3552195416666568,0.7322046641098446,-0.0866222222222228,8.122197051094851,0.0,2.2797424776947626,4.440892098500626e-15,-1.4959604686232102,9.491561003436722,0.0,0.12269149167001425,0.6381666170176854,1.6592687877479069,195.25257315512755,0.0,0.09484524038682574,0.4097647683547706,-0.3193122067012234,-0.45371524178876665,0.0,19.6873553986937,0.5128188277221923,-0.054943109375071214,-1.348692322351332,0.0,-9.883457738840274,0.5447047831531988,0.12393333935442137,-6.147509088136417,0.0,-845.2011361893847,-1.7053025658242404e-13,-45.89487806013868,5.430684649411326,0.0,1.54087053472221,0.7386743136673731,-0.0866222222222228,8.122197051094851,0.0,2.2797424776947626,4.440892098500626e-15,-1.4959604686232102,9.491561003436722,0.0,1.9994526084661097,0.5851451993191936,1.6592687877479069,195.25257315512755,0.0,-0.5322867283318939,0.4373085688308088,-0.3193122067012234,-0.45371524178876665,0.0,19.982341827403513,0.5208753180130491,-0.054943109375071214,-1.348692322351332,0.0,-9.501735905249596,0.5242936654298069,0.12393333935442137,-6.147509088136417,0.0,0.0,0.0,0.0,0.0,0.0,0.0,0.0,0.0,0.0,0.0,0.0,0.0,0.0,0.0,0.0,0.0,0.0,0.0,0.0,0.0,0.0,0.0,0.0,0.0,0.0,0.0,0.0,0.0,0.0,0.0,0.0,0.0,0.0,0.0,0.0
47,48,A,1.0,-16.87602375,2.5280798827681714,1.0,-5.7662625,4.616864101398812,1.0,-2.256095,5.510152272929542,1.0,-2.256095,5.510152272929542,0.0,0.0,0.0,-845.2011361893847,-1.7053025658242404e-13,-38.69513732494876,4.579657051174781,0.0,0.4327299722222113,0.7003765082706526,0.1638888888888887,6.0158229717797695,0.9368001837940685,2.2797424776947626,4.440892098500626e-15,-1.460300399357296,8.011705513253865,4.440892098500626e-15,1.8999182468576221,0.586459464354337,0.0066758791005679385,2.7248353528386815,0.7579502746295299,0.3816736301717961,0.3970841068776511,-0.5606928701745616,-21.294310347729912,0.6870058662989151,17.43157456644472,0.4438362530565466,0.06543459686989869,0.24195553304363301,0.7607541378153666,-7.885143977379403,0.45225062159399965,0.1549166741930267,-7.68438636017052,0.6057700568844963,-845.2011361893847,-1.7053025658242404e-13,-38.69513732494876,4.579657051174781,0.0,0.45614042592591586,0.6994009845615634,0.1638888888888887,6.0158229717797695,0.0,2.2797424776947617,4.440892098500626e-15,-1.460300399357296,8.011705513253865,0.0,0.008045416325887011,0.6415535450725631,0.0066758791005679385,2.7248353528386815,0.0,-0.2767537917494001,0.42958799345140763,-0.5606928701745616,-21.294310347729912,0.0,20.359701137921995,0.5315074055051218,0.06543459686989869,0.24195553304363301,0.0,-9.568773568681499,0.5310948168546885,0.1549166741930267,-7.68438636017052,0.0,-845.2011361893847,-1.7053025658242404e-13,-38.69513732494876,4.579657051174781,0.0,0.45614042592591586,0.6994009845615634,0.1638888888888887,6.0158229717797695,0.0,2.2797424776947617,4.440892098500626e-15,-1.460300399357296,8.011705513253865,0.0,0.008045416325887011,0.6415535450725631,0.0066758791005679385,2.7248353528386815,0.0,-0.2767537917494001,0.42958799345140763,-0.5606928701745616,-21.294310347729912,0.0,20.359701137921995,0.5315074055051218,0.06543459686989869,0.24195553304363301,0.0,-9.568773568681499,0.5310948168546885,0.1549166741930267,-7.68438636017052,0.0,-845.2011361893847,-1.7053025658242404e-13,-38.69513732494876,4.579657051174781,0.0,0.45614042592591586,0.6994009845615634,0.1638888888888887,6.0158229717797695,0.0,2.2797424776947617,4.440892098500626e-15,-1.460300399357296,8.011705513253865,0.0,0.008045416325887011,0.6415535450725631,0.0066758791005679385,2.7248353528386815,0.0,-0.2767537917494001,0.42958799345140763,-0.5606928701745616,-21.294310347729912,0.0,20.359701137921995,0.5315074055051218,0.06543459686989869,0.24195553304363301,0.0,-9.568773568681499,0.5310948168546885,0.1549166741930267,-7.68438636017052,0.0,-845.2011361893847,-1.7053025658242404e-13,-38.69513732494876,4.579657051174781,0.0,1.1742919722222105,0.7244274536219466,0.1638888888888887,6.0158229717797695,0.0,2.2797424776947617,4.440892098500626e-15,-1.460300399357296,8.011705513253865,0.0,1.8980651230525474,0.5881575516070703,0.0066758791005679385,2.7248353528386815,0.0,-0.7913886430427034,0.4521908910376987,-0.5606928701745616,-21.294310347729912,0.0,20.05489331029472,0.5231826791283976,0.06543459686989869,0.24195553304363301,0.0,-9.22255472954307,0.512582086217205,0.1549166741930267,-7.68438636017052,0.0,0.0,0.0,0.0,0.0,0.0,0.0,0.0,0.0,0.0,0.0,0.0,0.0,0.0,0.0,0.0,0.0,0.0,0.0,0.0,0.0,0.0,0.0,0.0,0.0,0.0,0.0,0.0,0.0,0.0,0.0,0.0,0.0,0.0,0.0,0.0
48,49,T,1.0,-16.922765,2.6031781326893233,1.0,-2.256095,5.510152272929542,1.0,-2.256095,5.510152272929542,1.0,-2.256095,5.510152272929542,0.0,0.0,0.0,-845.2011361893847,-1.7053025658242404e-13,-33.80099285535187,4.000423980067256,0.0,1.5379641296296183,0.7420025110698617,0.5466666666666667,2.5104071259749854,0.9368001837940685,2.2797424776947617,4.440892098500626e-15,-1.1893320911902916,4.703826374647889,4.440892098500626e-15,2.550376102172544,0.5675639473561207,-0.16698449224711184,14.30566999716913,0.7579502746295299,-0.008485812282841544,0.4148327472923432,-0.3636828866431659,16.638089029692118,0.6870058662989151,15.886278244988636,0.3972265213070145,-0.15269858532717864,-1.2841603500999021,0.7607541378153666,-7.460242979965964,0.43235646547654816,0.23570226039551587,-6.749960787856283,0.6057700568844963,-845.2011361893847,-1.7053025658242404e-13,-33.80099285535187,4.000423980067256,0.0,2.125696888888878,0.7613522269058327,0.5466666666666667,2.5104071259749854,0.0,2.2797424776947626,4.440892098500626e-15,-1.1893320911902916,4.703826374647889,0.0,0.03779578403240258,0.6407573099343516,-0.16698449224711184,14.30566999716913,0.0,-1.1912066663919547,0.472462897360324,-0.3636828866431659,16.638089029692118,0.0,19.505819941476503,0.5054283841051113,-0.15269858532717864,-1.2841603500999021,0.0,-9.77323686821239,0.5406756803088557,0.23570226039551587,-6.749960787856283,0.0,-845.2011361893847,-1.7053025658242404e-13,-33.80099285535187,4.000423980067256,0.0,2.125696888888878,0.7613522269058327,0.5466666666666667,2.5104071259749854,0.0,2.2797424776947626,4.440892098500626e-15,-1.1893320911902916,4.703826374647889,0.0,0.03779578403240258,0.6407573099343516,-0.16698449224711184,14.30566999716913,0.0,-1.1912066663919547,0.472462897360324,-0.3636828866431659,16.638089029692118,0.0,19.505819941476503,0.5054283841051113,-0.15269858532717864,-1.2841603500999021,0.0,-9.77323686821239,0.5406756803088557,0.23570226039551587,-6.749960787856283,0.0,-845.2011361893847,-1.7053025658242404e-13,-33.80099285535187,4.000423980067256,0.0,2.125696888888878,0.7613522269058327,0.5466666666666667,2.5104071259749854,0.0,2.2797424776947626,4.440892098500626e-15,-1.1893320911902916,4.703826374647889,0.0,0.03779578403240258,0.6407573099343516,-0.16698449224711184,14.30566999716913,0.0,-1.1912066663919547,0.472462897360324,-0.3636828866431659,16.638089029692118,0.0,19.505819941476503,0.5054283841051113,-0.15269858532717864,-1.2841603500999021,0.0,-9.77323686821239,0.5406756803088557,0.23570226039551587,-6.749960787856283,0.0,-845.2011361893847,-1.7053025658242404e-13,-33.80099285535187,4.000423980067256,0.0,2.112992888888878,0.7609095121827596,0.5466666666666667,2.5104071259749854,0.0,2.2797424776947626,4.440892098500626e-15,-1.1893320911902916,4.703826374647889,0.0,1.8677451349286067,0.5890583973595909,-0.16698449224711184,14.30566999716913,0.0,-0.9920045662657826,0.4637138888996439,-0.3636828866431659,16.638089029692118,0.0,19.440796151728165,0.5036524938274688,-0.15269858532717864,-1.2841603500999021,0.0,-9.339903885023224,0.517504853400414,0.23570226039551587,-6.749960787856283,0.0,0.0,0.0,0.0,0.0,0.0,0.0,0.0,0.0,0.0,0.0,0.0,0.0,0.0,0.0,0.0,0.0,0.0,0.0,0.0,0.0,0.0,0.0,0.0,0.0,0.0,0.0,0.0,0.0,0.0,0.0,0.0,0.0,0.0,0.0,0.0
49,50,G,1.0,-11.4166725,3.5052020460729914,1.0,-2.256095,5.510152272929542,1.0,-2.256095,5.510152272929542,1.0,-2.256095,5.510152272929542,0.0,0.0,0.0,-845.2011361893847,-1.7053025658242404e-13,-32.027475258749746,3.7905241598791326,0.0,1.3921604166666541,0.7381075309142872,-0.5522222222222217,2.3059460626876955,0.9368001837940685,2.2797424776947626,4.440892098500626e-15,-1.0952655907634345,2.0144274062530787,4.440892098500626e-15,5.823815685766001,0.472370783719416,1.7449456283473168,32.26126469826656,0.7579502746295299,0.7356431404304551,0.37858932914139315,-0.8222869366685623,62.05341526671049,0.6870058662989151,14.449353007569535,0.3551292647497734,-0.08825166240744081,-0.7229710537848029,0.7607541378153666,-5.6371744232635255,0.3477380393730579,0.5303300858899107,-12.3311461880704,0.6057700568844963,-845.2011361893847,-1.7053025658242404e-13,-32.027475258749746,3.7905241598791326,0.0,2.4218222222222106,0.7729119824306547,-0.5522222222222217,2.3059460626876955,0.0,2.2797424776947626,4.440892098500626e-15,-1.0952655907634345,2.0144274062530787,0.0,4.072094633079175,0.5235643452391734,1.7449456283473168,32.26126469826656,0.0,-0.8856696150744745,0.45760621112640454,-0.8222869366685623,62.05341526671049,0.0,20.251511163126168,0.5294357337887259,-0.08825166240744081,-0.7229710537848029,0.0,-8.440093643053938,0.4797580429341828,0.5303300858899107,-12.3311461880704,0.0,-845.2011361893847,-1.7053025658242404e-13,-32.027475258749746,3.7905241598791326,0.0,2.4218222222222106,0.7729119824306547,-0.5522222222222217,2.3059460626876955,0.0,2.2797424776947626,4.440892098500626e-15,-1.0952655907634345,2.0144274062530787,0.0,4.072094633079175,0.5235643452391734,1.7449456283473168,32.26126469826656,0.0,-0.8856696150744745,0.45760621112640454,-0.8222869366685623,62.05341526671049,0.0,20.251511163126168,0.5294357337887259,-0.08825166240744081,-0.7229710537848029,0.0,-8.440093643053938,0.4797580429341828,0.5303300858899107,-12.3311461880704,0.0,-845.2011361893847,-1.7053025658242404e-13,-32.027475258749746,3.7905241598791326,0.0,2.4218222222222106,0.7729119824306547,-0.5522222222222217,2.3059460626876955,0.0,2.2797424776947626,4.440892098500626e-15,-1.0952655907634345,2.0144274062530787,0.0,4.072094633079175,0.5235643452391734,1.7449456283473168,32.26126469826656,0.0,-0.8856696150744745,0.45760621112640454,-0.8222869366685623,62.05341526671049,0.0,20.251511163126168,0.5294357337887259,-0.08825166240744081,-0.7229710537848029,0.0,-8.440093643053938,0.4797580429341828,0.5303300858899107,-12.3311461880704,0.0,-845.2011361893847,-1.7053025658242404e-13,-32.027475258749746,3.7905241598791326,0.0,2.4218222222222106,0.7729119824306547,-0.5522222222222217,2.3059460626876955,0.0,2.2797424776947626,4.440892098500626e-15,-1.0952655907634345,2.0144274062530787,0.0,4.072094633079175,0.5235643452391734,1.7449456283473168,32.26126469826656,0.0,-0.8856696150744745,0.45760621112640454,-0.8222869366685623,62.05341526671049,0.0,20.251511163126168,0.5294357337887259,-0.08825166240744081,-0.7229710537848029,0.0,-8.440093643053938,0.4797580429341828,0.5303300858899107,-12.3311461880704,0.0,0.0,0.0,0.0,0.0,0.0,0.0,0.0,0.0,0.0,0.0,0.0,0.0,0.0,0.0,0.0,0.0,0.0,0.0,0.0,0.0,0.0,0.0,0.0,0.0,0.0,0.0,0.0,0.0,0.0,0.0,0.0,0.0,0.0,0.0,0.0
50,51,G,0.0,0.0,0.0,0.0,0.0,0.0,0.0,0.0,0.0,0.0,0.0,0.0,0.0,0.0,0.0,-845.2011361893847,-1.7053025658242404e-13,-32.05908537036659,3.794265288107696,0.0,0.36249861111109816,0.7033030793979196,-0.8888888888888886,2.179878874351143,0.9368001837940685,2.2797424776947626,4.440892098500626e-15,-1.0952655907634345,2.0144274062530787,4.440892098500626e-15,7.575536738452827,0.4211772221996587,2.402623786980219,32.06015701906756,0.7579502746295299,2.3569558959353847,0.2995724471563817,0.0,0.0,0.6870058662989151,8.6471948520129,0.18082279571082102,0.0,0.0,0.7607541378153666,-2.8342552034731145,0.21571803581193305,0.0,0.0,0.6057700568844963,0.0,0.0,0.0,0.0,0.0,0.0,0.0,0.0,0.0,0.0,0.0,0.0,0.0,0.0,0.0,0.0,0.0,0.0,0.0,0.0,0.0,0.0,0.0,0.0,0.0,0.0,0.0,0.0,0.0,0.0,0.0,0.0,0.0,0.0,0.0,0.0,0.0,0.0,0.0,0.0,0.0,0.0,0.0,0.0,0.0,0.0,0.0,0.0,0.0,0.0,0.0,0.0,0.0,0.0,0.0,0.0,0.0,0.0,0.0,0.0,0.0,0.0,0.0,0.0,0.0,0.0,0.0,0.0,0.0,0.0,0.0,0.0,0.0,0.0,0.0,0.0,0.0,0.0,0.0,0.0,0.0,0.0,0.0,0.0,0.0,0.0,0.0,0.0,0.0,0.0,0.0,0.0,0.0,0.0,0.0,0.0,0.0,0.0,0.0,0.0,0.0,0.0,0.0,0.0,0.0,0.0,0.0,0.0,0.0,0.0,0.0,0.0,0.0,0.0,0.0,0.0,0.0,0.0,0.0,0.0,0.0,0.0,0.0,0.0,0.0,0.0,0.0,0.0,0.0,0.0,0.0,0.0,0.0,0.0,0.0,0.0,0.0,0.0,0.0,0.0,0.0,0.0,0.0,0.0,0.0,0.0,0.0,0.0,0.0,0.0,0.0,0.0,0.0,0.0,0.0,0.0,0.0,0.0,0.0,0.0,0.0,0.0,0.0,0.0,0.0,0.0,0.0,0.0,0.0,0.0,0.0,0.0,0.0,0.0,0.0
