,Position,Nucleotide,binding_0.5,fimo_score_0.5,fimo_log_score_0.5,binding_0.1,fimo_score_0.1,fimo_log_score_0.1,binding_0.05,fimo_score_0.05,fimo_log_score_0.05,binding_0.01,fimo_score_0.01,fimo_log_score_0.01,binding_0.001,fimo_score_0.001,fimo_log_score_0.001,3d,normal_3d,3d_x_nucleotide,normal_3d_x_nucleotide,best_3d,3dc,normal_3dc,3dc_x_nucleotide,normal_3dc_x_nucleotide,best_3dc,local,normal_local,local_x_nucleotide,normal_local_x_nucleotide,best_local,pair,normal_pair,pair_x_nucleotide,normal_pair_x_nucleotide,best_pair,s3dc,normal_s3dc,s3dc_x_nucleotide,normal_s3dc_x_nucleotide,best_s3dc,s3dc_di,normal_s3dc_di,s3dc_di_x_nucleotide,normal_s3dc_di_x_nucleotide,best_s3dc_di,s3dc_dd,normal_s3dc_dd,s3dc_dd_x_nucleotide,normal_s3dc_dd_x_nucleotide,best_s3dc_dd,3d_weighted_0.5,normal_3d_weighted_0.5,3d_x_nucleotide_weighted_0.5,normal_3d_x_nucleotide_weighted_0.5,best_3d_weighted_0.5,3dc_weighted_0.5,normal_3dc_weighted_0.5,3dc_x_nucleotide_weighted_0.5,normal_3dc_x_nucleotide_weighted_0.5,best_3dc_weighted_0.5,local_weighted_0.5,normal_local_weighted_0.5,local_x_nucleotide_weighted_0.5,normal_local_x_nucleotide_weighted_0.5,best_local_weighted_0.5,pair_weighted_0.5,normal_pair_weighted_0.5,pair_x_nucleotide_weighted_0.5,normal_pair_x_nucleotide_weighted_0.5,best_pair_weighted_0.5,s3dc_weighted_0.5,normal_s3dc_weighted_0.5,s3dc_x_nucleotide_weighted_0.5,normal_s3dc_x_nucleotide_weighted_0.5,best_s3dc_weighted_0.5,s3dc_di_weighted_0.5,normal_s3dc_di_weighted_0.5,s3dc_di_x_nucleotide_weighted_0.5,normal_s3dc_di_x_nucleotide_weighted_0.5,best_s3dc_di_weighted_0.5,s3dc_dd_weighted_0.5,normal_s3dc_dd_weighted_0.5,s3dc_dd_x_nucleotide_weighted_0.5,normal_s3dc_dd_x_nucleotide_weighted_0.5,best_s3dc_dd_weighted_0.5,3d_weighted_0.1,normal_3d_weighted_0.1,3d_x_nucleotide_weighted_0.1,normal_3d_x_nucleotide_weighted_0.1,best_3d_weighted_0.1,3dc_weighted_0.1,normal_3dc_weighted_0.1,3dc_x_nucleotide_weighted_0.1,normal_3dc_x_nucleotide_weighted_0.1,best_3dc_weighted_0.1,local_weighted_0.1,normal_local_weighted_0.1,local_x_nucleotide_weighted_0.1,normal_local_x_nucleotide_weighted_0.1,best_local_weighted_0.1,pair_weighted_0.1,normal_pair_weighted_0.1,pair_x_nucleotide_weighted_0.1,normal_pair_x_nucleotide_weighted_0.1,best_pair_weighted_0.1,s3dc_weighted_0.1,normal_s3dc_weighted_0.1,s3dc_x_nucleotide_weighted_0.1,normal_s3dc_x_nucleotide_weighted_0.1,best_s3dc_weighted_0.1,s3dc_di_weighted_0.1,normal_s3dc_di_weighted_0.1,s3dc_di_x_nucleotide_weighted_0.1,normal_s3dc_di_x_nucleotide_weighted_0.1,best_s3dc_di_weighted_0.1,s3dc_dd_weighted_0.1,normal_s3dc_dd_weighted_0.1,s3dc_dd_x_nucleotide_weighted_0.1,normal_s3dc_dd_x_nucleotide_weighted_0.1,best_s3dc_dd_weighted_0.1,3d_weighted_0.05,normal_3d_weighted_0.05,3d_x_nucleotide_weighted_0.05,normal_3d_x_nucleotide_weighted_0.05,best_3d_weighted_0.05,3dc_weighted_0.05,normal_3dc_weighted_0.05,3dc_x_nucleotide_weighted_0.05,normal_3dc_x_nucleotide_weighted_0.05,best_3dc_weighted_0.05,local_weighted_0.05,normal_local_weighted_0.05,local_x_nucleotide_weighted_0.05,normal_local_x_nucleotide_weighted_0.05,best_local_weighted_0.05,pair_weighted_0.05,normal_pair_weighted_0.05,pair_x_nucleotide_weighted_0.05,normal_pair_x_nucleotide_weighted_0.05,best_pair_weighted_0.05,s3dc_weighted_0.05,normal_s3dc_weighted_0.05,s3dc_x_nucleotide_weighted_0.05,normal_s3dc_x_nucleotide_weighted_0.05,best_s3dc_weighted_0.05,s3dc_di_weighted_0.05,normal_s3dc_di_weighted_0.05,s3dc_di_x_nucleotide_weighted_0.05,normal_s3dc_di_x_nucleotide_weighted_0.05,best_s3dc_di_weighted_0.05,s3dc_dd_weighted_0.05,normal_s3dc_dd_weighted_0.05,s3dc_dd_x_nucleotide_weighted_0.05,normal_s3dc_dd_x_nucleotide_weighted_0.05,best_s3dc_dd_weighted_0.05,3d_weighted_0.01,normal_3d_weighted_0.01,3d_x_nucleotide_weighted_0.01,normal_3d_x_nucleotide_weighted_0.01,best_3d_weighted_0.01,3dc_weighted_0.01,normal_3dc_weighted_0.01,3dc_x_nucleotide_weighted_0.01,normal_3dc_x_nucleotide_weighted_0.01,best_3dc_weighted_0.01,local_weighted_0.01,normal_local_weighted_0.01,local_x_nucleotide_weighted_0.01,normal_local_x_nucleotide_weighted_0.01,best_local_weighted_0.01,pair_weighted_0.01,normal_pair_weighted_0.01,pair_x_nucleotide_weighted_0.01,normal_pair_x_nucleotide_weighted_0.01,best_pair_weighted_0.01,s3dc_weighted_0.01,normal_s3dc_weighted_0.01,s3dc_x_nucleotide_weighted_0.01,normal_s3dc_x_nucleotide_weighted_0.01,best_s3dc_weighted_0.01,s3dc_di_weighted_0.01,normal_s3dc_di_weighted_0.01,s3dc_di_x_nucleotide_weighted_0.01,normal_s3dc_di_x_nucleotide_weighted_0.01,best_s3dc_di_weighted_0.01,s3dc_dd_weighted_0.01,normal_s3dc_dd_weighted_0.01,s3dc_dd_x_nucleotide_weighted_0.01,normal_s3dc_dd_x_nucleotide_weighted_0.01,best_s3dc_dd_weighted_0.01,3d_weighted_0.001,normal_3d_weighted_0.001,3d_x_nucleotide_weighted_0.001,normal_3d_x_nucleotide_weighted_0.001,best_3d_weighted_0.001,3dc_weighted_0.001,normal_3dc_weighted_0.001,3dc_x_nucleotide_weighted_0.001,normal_3dc_x_nucleotide_weighted_0.001,best_3dc_weighted_0.001,local_weighted_0.001,normal_local_weighted_0.001,local_x_nucleotide_weighted_0.001,normal_local_x_nucleotide_weighted_0.001,best_local_weighted_0.001,pair_weighted_0.001,normal_pair_weighted_0.001,pair_x_nucleotide_weighted_0.001,normal_pair_x_nucleotide_weighted_0.001,best_pair_weighted_0.001,s3dc_weighted_0.001,normal_s3dc_weighted_0.001,s3dc_x_nucleotide_weighted_0.001,normal_s3dc_x_nucleotide_weighted_0.001,best_s3dc_weighted_0.001,s3dc_di_weighted_0.001,normal_s3dc_di_weighted_0.001,s3dc_di_x_nucleotide_weighted_0.001,normal_s3dc_di_x_nucleotide_weighted_0.001,best_s3dc_di_weighted_0.001,s3dc_dd_weighted_0.001,normal_s3dc_dd_weighted_0.001,s3dc_dd_x_nucleotide_weighted_0.001,normal_s3dc_dd_x_nucleotide_weighted_0.001,best_s3dc_dd_weighted_0.001
0,1,G,0.0,4.17887,0.6080366056300117,0.0,4.17887,0.6080366056300117,0.0,4.17887,0.6080366056300117,0.0,0.0,0.0,0.0,0.0,0.0,14.990556399371997,5.684341886080802e-14,0.4161122385352094,0.17570468427493502,0.0,5.665288888888888,0.016559918562239373,0.0,60.84341908470255,0.016559918562239373,11.364385036623917,2.6645352591003757e-15,0.293162287819126,25.688644426135305,2.6645352591003757e-15,0.38031417616131424,0.013068291392995507,0.06057750807636775,4.147756993140547,0.013068291392995507,1.1210572730816057,0.035957190495728736,0.0,0.0,0.035957190495728736,2.978051269450032,0.03902678600972928,0.05043639910415038,0.8670167422920272,0.03902678600972928,0.2886751345948129,0.030945381692555722,0.0,0.0,0.030945381692555722,14.990556399371997,5.684341886080802e-14,0.4161122385352094,0.17570468427493502,0.0,5.665288888888888,0.016559918562239373,0.0,60.84341908470255,0.016559918562239373,11.364385036623917,2.6645352591003757e-15,0.293162287819126,25.688644426135305,2.6645352591003757e-15,0.38031417616131424,0.013068291392995507,0.06057750807636775,4.147756993140547,0.013068291392995507,1.1210572730816057,0.035957190495728736,0.0,0.0,0.035957190495728736,2.978051269450032,0.03902678600972928,0.05043639910415038,0.8670167422920272,0.03902678600972928,0.2886751345948129,0.030945381692555722,0.0,0.0,0.030945381692555722,14.990556399371997,5.684341886080802e-14,0.4161122385352094,0.17570468427493502,0.0,5.665288888888888,0.016559918562239373,0.0,60.84341908470255,0.016559918562239373,11.364385036623917,2.6645352591003757e-15,0.293162287819126,25.688644426135305,2.6645352591003757e-15,0.38031417616131424,0.013068291392995507,0.06057750807636775,4.147756993140547,0.013068291392995507,1.1210572730816057,0.035957190495728736,0.0,0.0,0.035957190495728736,2.978051269450032,0.03902678600972928,0.05043639910415038,0.8670167422920272,0.03902678600972928,0.2886751345948129,0.030945381692555722,0.0,0.0,0.030945381692555722,14.990556399371997,5.684341886080802e-14,0.4161122385352094,0.17570468427493502,0.0,5.665288888888888,0.016559918562239373,0.0,60.84341908470255,0.016559918562239373,11.364385036623917,2.6645352591003757e-15,0.293162287819126,25.688644426135305,2.6645352591003757e-15,0.38031417616131424,0.013068291392995507,0.06057750807636775,4.147756993140547,0.013068291392995507,1.1210572730816057,0.035957190495728736,0.0,0.0,0.035957190495728736,2.978051269450032,0.03902678600972928,0.05043639910415038,0.8670167422920272,0.03902678600972928,0.2886751345948129,0.030945381692555722,0.0,0.0,0.030945381692555722,0.0,0.0,0.0,0.0,0.0,0.0,0.0,0.0,0.0,0.0,0.0,0.0,0.0,0.0,0.0,0.0,0.0,0.0,0.0,0.0,0.0,0.0,0.0,0.0,0.0,0.0,0.0,0.0,0.0,0.0,0.0,0.0,0.0,0.0,0.0,0.0,0.0,0.0,0.0,0.0,0.0,0.0,0.0,0.0,0.0,0.0,0.0,0.0,0.0,0.0,0.0,0.0,0.0,0.0,0.0,0.0,0.0,0.0,0.0,0.0,0.0,0.0,0.0,0.0,0.0,0.0,0.0,0.0,0.0,0.0
1,2,A,0.0,0.0853849999999996,0.19185340326221567,0.0,4.17887,0.6080366056300117,0.0,4.17887,0.6080366056300117,0.0,0.0,0.0,0.0,0.0,0.0,14.990556399371997,5.684341886080802e-14,0.31208417890140794,0.1821884456835523,0.0,5.7468458333333325,0.014509637961321098,0.17499999999999982,61.43033600427143,0.012459357360402767,11.364385036623917,2.6645352591003757e-15,0.11853403106866356,22.901929000520816,2.6645352591003757e-15,0.41872118421794147,0.013664385831323012,0.05168100618713159,0.8850100142322723,0.013068291392995507,0.1632883358175078,0.08792718820715678,0.0,0.0,0.055727275298844386,2.730154269878584,0.04210299894613556,0.1436911038455162,1.6610902776301373,0.045179211882541814,0.300705821680623,0.04279755706540221,0.0,0.0,0.054649732438248694,14.990556399371997,5.684341886080802e-14,0.31208417890140794,0.1821884456835523,0.0,5.7468458333333325,0.014509637961321098,0.17499999999999982,61.43033600427143,0.012459357360402767,11.364385036623917,2.6645352591003757e-15,0.11853403106866356,22.901929000520816,2.6645352591003757e-15,0.41872118421794147,0.013664385831323012,0.05168100618713159,0.8850100142322723,0.013068291392995507,0.1632883358175078,0.08792718820715678,0.0,0.0,0.055727275298844386,2.730154269878584,0.04210299894613556,0.1436911038455162,1.6610902776301373,0.045179211882541814,0.300705821680623,0.04279755706540221,0.0,0.0,0.054649732438248694,14.990556399371997,5.684341886080802e-14,0.31208417890140794,0.1821884456835523,0.0,5.7468458333333325,0.014509637961321098,0.17499999999999982,61.43033600427143,0.012459357360402767,11.364385036623917,2.6645352591003757e-15,0.11853403106866356,22.901929000520816,2.6645352591003757e-15,0.41872118421794147,0.013664385831323012,0.05168100618713159,0.8850100142322723,0.013068291392995507,0.1632883358175078,0.08792718820715678,0.0,0.0,0.055727275298844386,2.730154269878584,0.04210299894613556,0.1436911038455162,1.6610902776301373,0.045179211882541814,0.300705821680623,0.04279755706540221,0.0,0.0,0.054649732438248694,14.990556399371997,5.684341886080802e-14,0.31208417890140794,0.1821884456835523,0.0,5.7468458333333325,0.014509637961321098,0.17499999999999982,61.43033600427143,0.012459357360402767,11.364385036623917,2.6645352591003757e-15,0.11853403106866356,22.901929000520816,2.6645352591003757e-15,0.41872118421794147,0.013664385831323012,0.05168100618713159,0.8850100142322723,0.013068291392995507,0.1632883358175078,0.08792718820715678,0.0,0.0,0.055727275298844386,2.730154269878584,0.04210299894613556,0.1436911038455162,1.6610902776301373,0.045179211882541814,0.300705821680623,0.04279755706540221,0.0,0.0,0.054649732438248694,0.0,0.0,0.0,0.0,0.0,0.0,0.0,0.0,0.0,0.0,0.0,0.0,0.0,0.0,0.0,0.0,0.0,0.0,0.0,0.0,0.0,0.0,0.0,0.0,0.0,0.0,0.0,0.0,0.0,0.0,0.0,0.0,0.0,0.0,0.0,0.0,0.0,0.0,0.0,0.0,0.0,0.0,0.0,0.0,0.0,0.0,0.0,0.0,0.0,0.0,0.0,0.0,0.0,0.0,0.0,0.0,0.0,0.0,0.0,0.0,0.0,0.0,0.0,0.0,0.0,0.0,0.0,0.0,0.0,0.0
2,3,G,0.0,0.8956816666666656,0.05906680196413672,0.0,4.17887,0.6080366056300117,0.0,4.17887,0.6080366056300117,0.0,0.0,0.0,0.0,0.0,0.0,14.990556399371997,5.684341886080802e-14,0.20805611926761003,0.1895142078028762,0.0,6.043734259259259,0.006413695391290886,1.061111111111111,49.24313009681534,0.009778189748769706,11.364385036623915,2.6645352591003757e-15,0.5302303499564537,20.11521357490633,2.6645352591003757e-15,0.4406952098458239,0.015397558617971374,0.0033736421944661754,55.565735242249914,0.018863904191268266,0.5723716753787844,0.1323746349027569,0.08333333333333334,14.282890024225601,0.055727275298844386,2.0264847558923016,0.022290253402921373,0.13062338352771086,4.185251244203867,0.045179211882541814,1.079663685393015,0.019083078305396073,0.0,0.22275082049499306,0.028345879214616232,14.990556399371997,5.684341886080802e-14,0.20805611926761003,0.1895142078028762,0.0,6.043734259259259,0.006413695391290886,1.061111111111111,49.24313009681534,0.009778189748769706,11.364385036623915,2.6645352591003757e-15,0.5302303499564537,20.11521357490633,2.6645352591003757e-15,0.4406952098458239,0.015397558617971374,0.0033736421944661754,55.565735242249914,0.018863904191268266,0.5723716753787844,0.1323746349027569,0.08333333333333334,14.282890024225601,0.055727275298844386,2.0264847558923016,0.022290253402921373,0.13062338352771086,4.185251244203867,0.045179211882541814,1.079663685393015,0.019083078305396073,0.0,0.22275082049499306,0.028345879214616232,14.990556399371997,5.684341886080802e-14,0.20805611926761003,0.1895142078028762,0.0,6.043734259259259,0.006413695391290886,1.061111111111111,49.24313009681534,0.009778189748769706,11.364385036623915,2.6645352591003757e-15,0.5302303499564537,20.11521357490633,2.6645352591003757e-15,0.4406952098458239,0.015397558617971374,0.0033736421944661754,55.565735242249914,0.018863904191268266,0.5723716753787844,0.1323746349027569,0.08333333333333334,14.282890024225601,0.055727275298844386,2.0264847558923016,0.022290253402921373,0.13062338352771086,4.185251244203867,0.045179211882541814,1.079663685393015,0.019083078305396073,0.0,0.22275082049499306,0.028345879214616232,14.990556399371997,5.684341886080802e-14,0.20805611926761003,0.1895142078028762,0.0,6.043734259259259,0.006413695391290886,1.061111111111111,49.24313009681534,0.009778189748769706,11.364385036623915,2.6645352591003757e-15,0.5302303499564537,20.11521357490633,2.6645352591003757e-15,0.4406952098458239,0.015397558617971374,0.0033736421944661754,55.565735242249914,0.018863904191268266,0.5723716753787844,0.1323746349027569,0.08333333333333334,14.282890024225601,0.055727275298844386,2.0264847558923016,0.022290253402921373,0.13062338352771086,4.185251244203867,0.045179211882541814,1.079663685393015,0.019083078305396073,0.0,0.22275082049499306,0.028345879214616232,0.0,0.0,0.0,0.0,0.0,0.0,0.0,0.0,0.0,0.0,0.0,0.0,0.0,0.0,0.0,0.0,0.0,0.0,0.0,0.0,0.0,0.0,0.0,0.0,0.0,0.0,0.0,0.0,0.0,0.0,0.0,0.0,0.0,0.0,0.0,0.0,0.0,0.0,0.0,0.0,0.0,0.0,0.0,0.0,0.0,0.0,0.0,0.0,0.0,0.0,0.0,0.0,0.0,0.0,0.0,0.0,0.0,0.0,0.0,0.0,0.0,0.0,0.0,0.0,0.0,0.0,0.0,0.0,0.0,0.0
3,4,C,0.0,1.5145737500000003,0.061513642203136154,0.0,4.142272500000001,0.5881064569777452,0.0,4.142272500000001,0.5881064569777452,0.0,0.0,0.0,0.0,0.0,0.0,14.990556399371997,5.684341886080802e-14,0.15604208945070042,0.19480141981657795,0.0,6.449467361111111,0.009078976205165346,1.0824666666666667,18.81214455689357,0.009778189748769706,11.364385036623917,2.6645352591003757e-15,0.7360785094003481,18.721855862099087,2.6645352591003757e-15,0.45195267765827163,0.015896519504732365,0.047267905988126246,43.69687987663882,0.018863904191268266,0.15548704289301873,0.11947941009045676,0.10446426717064838,16.215546687510873,0.055727275298844386,1.861548664138959,0.02061497599540546,0.534285938868237,7.145616056530925,0.01558914377285775,1.378506674494615,0.011296121876328252,0.15088834764831838,247.16900968735254,0.023368328604247562,14.990556399371997,5.684341886080802e-14,0.15604208945070042,0.19480141981657795,0.0,6.449467361111111,0.009078976205165346,1.0824666666666667,18.81214455689357,0.009778189748769706,11.364385036623917,2.6645352591003757e-15,0.7360785094003481,18.721855862099087,2.6645352591003757e-15,0.45195267765827163,0.015896519504732365,0.047267905988126246,43.69687987663882,0.018863904191268266,0.15548704289301873,0.11947941009045676,0.10446426717064838,16.215546687510873,0.055727275298844386,1.861548664138959,0.02061497599540546,0.534285938868237,7.145616056530925,0.01558914377285775,1.378506674494615,0.011296121876328252,0.15088834764831838,247.16900968735254,0.023368328604247562,14.990556399371997,5.684341886080802e-14,0.15604208945070042,0.19480141981657795,0.0,6.449467361111111,0.009078976205165346,1.0824666666666667,18.81214455689357,0.009778189748769706,11.364385036623917,2.6645352591003757e-15,0.7360785094003481,18.721855862099087,2.6645352591003757e-15,0.45195267765827163,0.015896519504732365,0.047267905988126246,43.69687987663882,0.018863904191268266,0.15548704289301873,0.11947941009045676,0.10446426717064838,16.215546687510873,0.055727275298844386,1.861548664138959,0.02061497599540546,0.534285938868237,7.145616056530925,0.01558914377285775,1.378506674494615,0.011296121876328252,0.15088834764831838,247.16900968735254,0.023368328604247562,14.990556399371997,5.684341886080802e-14,0.15604208945070042,0.19480141981657795,0.0,6.449467361111111,0.009078976205165346,1.0824666666666667,18.81214455689357,0.009778189748769706,11.364385036623917,2.6645352591003757e-15,0.7360785094003481,18.721855862099087,2.6645352591003757e-15,0.45195267765827163,0.015896519504732365,0.047267905988126246,43.69687987663882,0.018863904191268266,0.15548704289301873,0.11947941009045676,0.10446426717064838,16.215546687510873,0.055727275298844386,1.861548664138959,0.02061497599540546,0.534285938868237,7.145616056530925,0.01558914377285775,1.378506674494615,0.011296121876328252,0.15088834764831838,247.16900968735254,0.023368328604247562,0.0,0.0,0.0,0.0,0.0,0.0,0.0,0.0,0.0,0.0,0.0,0.0,0.0,0.0,0.0,0.0,0.0,0.0,0.0,0.0,0.0,0.0,0.0,0.0,0.0,0.0,0.0,0.0,0.0,0.0,0.0,0.0,0.0,0.0,0.0,0.0,0.0,0.0,0.0,0.0,0.0,0.0,0.0,0.0,0.0,0.0,0.0,0.0,0.0,0.0,0.0,0.0,0.0,0.0,0.0,0.0,0.0,0.0,0.0,0.0,0.0,0.0,0.0,0.0,0.0,0.0,0.0,0.0,0.0,0.0
4,5,A,0.0,1.5145737500000003,0.061513642203136154,0.0,4.142272500000001,0.5881064569777452,0.0,4.142272500000001,0.5881064569777452,0.0,0.0,0.0,0.0,0.0,0.0,14.99055639937194,5.684341886080802e-14,0.12483367156056602,0.20128419712298218,0.0,6.3440183333333335,0.0054520862627020494,1.037813611111111,17.867337313562462,0.009778189748769706,11.364385036623917,2.6645352591003757e-15,0.8595874050666851,16.7679279498216,2.6645352591003757e-15,0.5878213941692514,0.019754440797037587,0.020090743980317627,37.62046993820025,0.018863904191268266,0.03356816812828106,0.10685881587305462,0.09340718396566872,11.913969361562172,0.05637643900344608,1.6015193201289515,0.012714448935463446,0.5405736645402877,6.394796182213742,0.01558914377285775,1.5499189603251717,0.0026123017441819496,0.2849433317958563,250.4035747600363,0.023368328604247562,14.99055639937194,5.684341886080802e-14,0.12483367156056602,0.20128419712298218,0.0,6.3440183333333335,0.0054520862627020494,1.037813611111111,17.867337313562462,0.009778189748769706,11.364385036623917,2.6645352591003757e-15,0.8595874050666851,16.7679279498216,2.6645352591003757e-15,0.5878213941692514,0.019754440797037587,0.020090743980317627,37.62046993820025,0.018863904191268266,0.03356816812828106,0.10685881587305462,0.09340718396566872,11.913969361562172,0.05637643900344608,1.6015193201289515,0.012714448935463446,0.5405736645402877,6.394796182213742,0.01558914377285775,1.5499189603251717,0.0026123017441819496,0.2849433317958563,250.4035747600363,0.023368328604247562,14.99055639937194,5.684341886080802e-14,0.12483367156056602,0.20128419712298218,0.0,6.3440183333333335,0.0054520862627020494,1.037813611111111,17.867337313562462,0.009778189748769706,11.364385036623917,2.6645352591003757e-15,0.8595874050666851,16.7679279498216,2.6645352591003757e-15,0.5878213941692514,0.019754440797037587,0.020090743980317627,37.62046993820025,0.018863904191268266,0.03356816812828106,0.10685881587305462,0.09340718396566872,11.913969361562172,0.05637643900344608,1.6015193201289515,0.012714448935463446,0.5405736645402877,6.394796182213742,0.01558914377285775,1.5499189603251717,0.0026123017441819496,0.2849433317958563,250.4035747600363,0.023368328604247562,14.99055639937194,5.684341886080802e-14,0.12483367156056602,0.20128419712298218,0.0,6.3440183333333335,0.0054520862627020494,1.037813611111111,17.867337313562462,0.009778189748769706,11.364385036623917,2.6645352591003757e-15,0.8595874050666851,16.7679279498216,2.6645352591003757e-15,0.5878213941692514,0.019754440797037587,0.020090743980317627,37.62046993820025,0.018863904191268266,0.03356816812828106,0.10685881587305462,0.09340718396566872,11.913969361562172,0.05637643900344608,1.6015193201289515,0.012714448935463446,0.5405736645402877,6.394796182213742,0.01558914377285775,1.5499189603251717,0.0026123017441819496,0.2849433317958563,250.4035747600363,0.023368328604247562,0.0,0.0,0.0,0.0,0.0,0.0,0.0,0.0,0.0,0.0,0.0,0.0,0.0,0.0,0.0,0.0,0.0,0.0,0.0,0.0,0.0,0.0,0.0,0.0,0.0,0.0,0.0,0.0,0.0,0.0,0.0,0.0,0.0,0.0,0.0,0.0,0.0,0.0,0.0,0.0,0.0,0.0,0.0,0.0,0.0,0.0,0.0,0.0,0.0,0.0,0.0,0.0,0.0,0.0,0.0,0.0,0.0,0.0,0.0,0.0,0.0,0.0,0.0,0.0,0.0,0.0,0.0,0.0,0.0,0.0
5,6,C,0.0,1.777637499999999,0.14701692609244033,0.0,4.151755,0.5934561723059193,0.0,4.151755,0.5934561723059193,0.0,0.0,0.0,0.0,0.0,0.0,14.99055639937194,5.684341886080802e-14,0.7518979758054911,0.10702544660994562,0.0,6.278348611111111,0.0041105365917133985,0.8531780092592594,4.896399104617236,0.009778189748769706,11.364385036623919,2.6645352591003757e-15,0.9867847634801875,14.309549889656395,2.6645352591003757e-15,0.6922322433187493,0.02236940621010411,0.08777336267547498,26.01583699758844,0.018863904191268266,0.19065657265939484,0.09700335897837489,0.10181007729148134,95.78587184945455,0.05637643900344608,1.4845198160065491,0.00899545767151716,0.356681001388782,4.04042321970258,0.01558914377285775,1.6040929483234747,0.0008874637455509593,0.23242767483591098,39.64810826091282,0.023368328604247562,14.99055639937194,5.684341886080802e-14,0.7518979758054911,0.10702544660994562,0.0,6.278348611111111,0.0041105365917133985,0.8531780092592594,4.896399104617236,0.009778189748769706,11.364385036623919,2.6645352591003757e-15,0.9867847634801875,14.309549889656395,2.6645352591003757e-15,0.6922322433187493,0.02236940621010411,0.08777336267547498,26.01583699758844,0.018863904191268266,0.19065657265939484,0.09700335897837489,0.10181007729148134,95.78587184945455,0.05637643900344608,1.4845198160065491,0.00899545767151716,0.356681001388782,4.04042321970258,0.01558914377285775,1.6040929483234747,0.0008874637455509593,0.23242767483591098,39.64810826091282,0.023368328604247562,14.99055639937194,5.684341886080802e-14,0.7518979758054911,0.10702544660994562,0.0,6.278348611111111,0.0041105365917133985,0.8531780092592594,4.896399104617236,0.009778189748769706,11.364385036623919,2.6645352591003757e-15,0.9867847634801875,14.309549889656395,2.6645352591003757e-15,0.6922322433187493,0.02236940621010411,0.08777336267547498,26.01583699758844,0.018863904191268266,0.19065657265939484,0.09700335897837489,0.10181007729148134,95.78587184945455,0.05637643900344608,1.4845198160065491,0.00899545767151716,0.356681001388782,4.04042321970258,0.01558914377285775,1.6040929483234747,0.0008874637455509593,0.23242767483591098,39.64810826091282,0.023368328604247562,14.99055639937194,5.684341886080802e-14,0.7518979758054911,0.10702544660994562,0.0,6.278348611111111,0.0041105365917133985,0.8531780092592594,4.896399104617236,0.009778189748769706,11.364385036623919,2.6645352591003757e-15,0.9867847634801875,14.309549889656395,2.6645352591003757e-15,0.6922322433187493,0.02236940621010411,0.08777336267547498,26.01583699758844,0.018863904191268266,0.19065657265939484,0.09700335897837489,0.10181007729148134,95.78587184945455,0.05637643900344608,1.4845198160065491,0.00899545767151716,0.356681001388782,4.04042321970258,0.01558914377285775,1.6040929483234747,0.0008874637455509593,0.23242767483591098,39.64810826091282,0.023368328604247562,0.0,0.0,0.0,0.0,0.0,0.0,0.0,0.0,0.0,0.0,0.0,0.0,0.0,0.0,0.0,0.0,0.0,0.0,0.0,0.0,0.0,0.0,0.0,0.0,0.0,0.0,0.0,0.0,0.0,0.0,0.0,0.0,0.0,0.0,0.0,0.0,0.0,0.0,0.0,0.0,0.0,0.0,0.0,0.0,0.0,0.0,0.0,0.0,0.0,0.0,0.0,0.0,0.0,0.0,0.0,0.0,0.0,0.0,0.0,0.0,0.0,0.0,0.0,0.0,0.0,0.0,0.0,0.0,0.0,0.0
6,7,A,0.0,1.777637499999999,0.14701692609244033,0.0,4.151755,0.5934561723059193,0.0,4.151755,0.5934561723059193,0.0,0.0,0.0,0.0,0.0,0.0,14.990556399371826,5.684341886080802e-14,1.7449603105409395,0.008041220124659354,0.0,6.045816666666667,0.002668811450286579,0.16093333333333348,27.72813119727535,0.009778189748769706,11.364385036623919,2.6645352591003757e-15,1.0774331622852833,11.880225069362229,2.6645352591003757e-15,0.7220336303768189,0.02335321181498254,0.04490691611659614,11.341688709949068,0.018863904191268266,0.30553498782745603,0.09155468666970723,0.061759223535520186,39.599914142967165,0.05637643900344608,1.4310974943679877,0.005637131526059824,0.30765064712355394,1.8147336636145734,0.01558914377285775,1.4522827208825941,0.0030477180077467803,0.06836477008475345,3.2445396681980068,0.023368328604247562,14.990556399371826,5.684341886080802e-14,1.7449603105409395,0.008041220124659354,0.0,6.045816666666667,0.002668811450286579,0.16093333333333348,27.72813119727535,0.009778189748769706,11.364385036623919,2.6645352591003757e-15,1.0774331622852833,11.880225069362229,2.6645352591003757e-15,0.7220336303768189,0.02335321181498254,0.04490691611659614,11.341688709949068,0.018863904191268266,0.30553498782745603,0.09155468666970723,0.061759223535520186,39.599914142967165,0.05637643900344608,1.4310974943679877,0.005637131526059824,0.30765064712355394,1.8147336636145734,0.01558914377285775,1.4522827208825941,0.0030477180077467803,0.06836477008475345,3.2445396681980068,0.023368328604247562,14.990556399371826,5.684341886080802e-14,1.7449603105409395,0.008041220124659354,0.0,6.045816666666667,0.002668811450286579,0.16093333333333348,27.72813119727535,0.009778189748769706,11.364385036623919,2.6645352591003757e-15,1.0774331622852833,11.880225069362229,2.6645352591003757e-15,0.7220336303768189,0.02335321181498254,0.04490691611659614,11.341688709949068,0.018863904191268266,0.30553498782745603,0.09155468666970723,0.061759223535520186,39.599914142967165,0.05637643900344608,1.4310974943679877,0.005637131526059824,0.30765064712355394,1.8147336636145734,0.01558914377285775,1.4522827208825941,0.0030477180077467803,0.06836477008475345,3.2445396681980068,0.023368328604247562,14.990556399371826,5.684341886080802e-14,1.7449603105409395,0.008041220124659354,0.0,6.045816666666667,0.002668811450286579,0.16093333333333348,27.72813119727535,0.009778189748769706,11.364385036623919,2.6645352591003757e-15,1.0774331622852833,11.880225069362229,2.6645352591003757e-15,0.7220336303768189,0.02335321181498254,0.04490691611659614,11.341688709949068,0.018863904191268266,0.30553498782745603,0.09155468666970723,0.061759223535520186,39.599914142967165,0.05637643900344608,1.4310974943679877,0.005637131526059824,0.30765064712355394,1.8147336636145734,0.01558914377285775,1.4522827208825941,0.0030477180077467803,0.06836477008475345,3.2445396681980068,0.023368328604247562,0.0,0.0,0.0,0.0,0.0,0.0,0.0,0.0,0.0,0.0,0.0,0.0,0.0,0.0,0.0,0.0,0.0,0.0,0.0,0.0,0.0,0.0,0.0,0.0,0.0,0.0,0.0,0.0,0.0,0.0,0.0,0.0,0.0,0.0,0.0,0.0,0.0,0.0,0.0,0.0,0.0,0.0,0.0,0.0,0.0,0.0,0.0,0.0,0.0,0.0,0.0,0.0,0.0,0.0,0.0,0.0,0.0,0.0,0.0,0.0,0.0,0.0,0.0,0.0,0.0,0.0,0.0,0.0,0.0,0.0
7,8,G,0.0,1.8286813392857137,0.14403515220731622,0.0,3.2103537500000003,0.43569593630710424,0.0,4.151755,0.5934561723059193,0.0,0.0,0.0,0.0,0.0,0.0,14.990556399371826,5.684341886080802e-14,1.8478125350130483,0.02542508058310844,0.0,5.926028472222222,0.005326300262371186,0.008333333333333304,30.00391181904166,0.009778189748769706,11.364385036623919,2.6645352591003757e-15,1.1117758904121469,8.20641652199339,2.6645352591003757e-15,0.7589937987995312,0.024727890249675366,0.06934900158002061,153.36678765993642,0.02754753369028551,0.44905293873054825,0.08743958152586875,0.0011753156705841886,1.6069591182281986,0.05637643900344608,1.6068667794856548,0.01167592957536484,0.40401487106125616,1.9859573310314222,0.01558914377285775,1.4009250503019335,0.003613879068288167,0.027250023704065256,64.75447571786731,0.023368328604247562,14.990556399371826,5.684341886080802e-14,1.8478125350130483,0.02542508058310844,0.0,5.926028472222222,0.005326300262371186,0.008333333333333304,30.00391181904166,0.009778189748769706,11.364385036623919,2.6645352591003757e-15,1.1117758904121469,8.20641652199339,2.6645352591003757e-15,0.7589937987995312,0.024727890249675366,0.06934900158002061,153.36678765993642,0.02754753369028551,0.44905293873054825,0.08743958152586875,0.0011753156705841886,1.6069591182281986,0.05637643900344608,1.6068667794856548,0.01167592957536484,0.40401487106125616,1.9859573310314222,0.01558914377285775,1.4009250503019335,0.003613879068288167,0.027250023704065256,64.75447571786731,0.023368328604247562,14.990556399371826,5.684341886080802e-14,1.8478125350130483,0.02542508058310844,0.0,5.926028472222222,0.005326300262371186,0.008333333333333304,30.00391181904166,0.009778189748769706,11.364385036623919,2.6645352591003757e-15,1.1117758904121469,8.20641652199339,2.6645352591003757e-15,0.7589937987995312,0.024727890249675366,0.06934900158002061,153.36678765993642,0.02754753369028551,0.44905293873054825,0.08743958152586875,0.0011753156705841886,1.6069591182281986,0.05637643900344608,1.6068667794856548,0.01167592957536484,0.40401487106125616,1.9859573310314222,0.01558914377285775,1.4009250503019335,0.003613879068288167,0.027250023704065256,64.75447571786731,0.023368328604247562,14.990556399371826,5.684341886080802e-14,1.8478125350130483,0.02542508058310844,0.0,5.926028472222222,0.005326300262371186,0.008333333333333304,30.00391181904166,0.009778189748769706,11.364385036623919,2.6645352591003757e-15,1.1117758904121469,8.20641652199339,2.6645352591003757e-15,0.7589937987995312,0.024727890249675366,0.06934900158002061,153.36678765993642,0.02754753369028551,0.44905293873054825,0.08743958152586875,0.0011753156705841886,1.6069591182281986,0.05637643900344608,1.6068667794856548,0.01167592957536484,0.40401487106125616,1.9859573310314222,0.01558914377285775,1.4009250503019335,0.003613879068288167,0.027250023704065256,64.75447571786731,0.023368328604247562,0.0,0.0,0.0,0.0,0.0,0.0,0.0,0.0,0.0,0.0,0.0,0.0,0.0,0.0,0.0,0.0,0.0,0.0,0.0,0.0,0.0,0.0,0.0,0.0,0.0,0.0,0.0,0.0,0.0,0.0,0.0,0.0,0.0,0.0,0.0,0.0,0.0,0.0,0.0,0.0,0.0,0.0,0.0,0.0,0.0,0.0,0.0,0.0,0.0,0.0,0.0,0.0,0.0,0.0,0.0,0.0,0.0,0.0,0.0,0.0,0.0,0.0,0.0,0.0,0.0,0.0,0.0,0.0,0.0,0.0
8,9,A,0.0,2.640745624999999,0.2551885450503937,0.0,3.2103537500000003,0.43569593630710424,0.0,4.151755,0.5934561723059193,0.0,0.0,0.0,0.0,0.0,0.0,14.990556399371826,5.684341886080802e-14,1.6425000311227222,0.010150610874137378,0.0,5.991724382716049,0.00019255806140772158,0.10617283950617273,35.040389962489485,0.009778189748769706,11.364385036623919,2.6645352591003757e-15,1.1549345838820857,4.672282163007464,2.6645352591003757e-15,0.7262429749640147,0.0239849004717142,0.06233776530778001,39.447757645197576,0.02754753369028551,0.6202887290882708,0.08053500308325487,0.0010447250405192787,14.82899005566869,0.05637643900344608,1.7964185880151824,0.01818862108800437,0.4503767832508027,2.4624871314543446,0.026567392301077797,1.3898830973136755,0.0037977524795760054,0.02422224329250245,57.5595339714376,0.023368328604247562,14.990556399371826,5.684341886080802e-14,1.6425000311227222,0.010150610874137378,0.0,5.991724382716049,0.00019255806140772158,0.10617283950617273,35.040389962489485,0.009778189748769706,11.364385036623919,2.6645352591003757e-15,1.1549345838820857,4.672282163007464,2.6645352591003757e-15,0.7262429749640147,0.0239849004717142,0.06233776530778001,39.447757645197576,0.02754753369028551,0.6202887290882708,0.08053500308325487,0.0010447250405192787,14.82899005566869,0.05637643900344608,1.7964185880151824,0.01818862108800437,0.4503767832508027,2.4624871314543446,0.026567392301077797,1.3898830973136755,0.0037977524795760054,0.02422224329250245,57.5595339714376,0.023368328604247562,14.990556399371826,5.684341886080802e-14,1.6425000311227222,0.010150610874137378,0.0,5.991724382716049,0.00019255806140772158,0.10617283950617273,35.040389962489485,0.009778189748769706,11.364385036623919,2.6645352591003757e-15,1.1549345838820857,4.672282163007464,2.6645352591003757e-15,0.7262429749640147,0.0239849004717142,0.06233776530778001,39.447757645197576,0.02754753369028551,0.6202887290882708,0.08053500308325487,0.0010447250405192787,14.82899005566869,0.05637643900344608,1.7964185880151824,0.01818862108800437,0.4503767832508027,2.4624871314543446,0.026567392301077797,1.3898830973136755,0.0037977524795760054,0.02422224329250245,57.5595339714376,0.023368328604247562,14.990556399371826,5.684341886080802e-14,1.6425000311227222,0.010150610874137378,0.0,5.991724382716049,0.00019255806140772158,0.10617283950617273,35.040389962489485,0.009778189748769706,11.364385036623919,2.6645352591003757e-15,1.1549345838820857,4.672282163007464,2.6645352591003757e-15,0.7262429749640147,0.0239849004717142,0.06233776530778001,39.447757645197576,0.02754753369028551,0.6202887290882708,0.08053500308325487,0.0010447250405192787,14.82899005566869,0.05637643900344608,1.7964185880151824,0.01818862108800437,0.4503767832508027,2.4624871314543446,0.026567392301077797,1.3898830973136755,0.0037977524795760054,0.02422224329250245,57.5595339714376,0.023368328604247562,0.0,0.0,0.0,0.0,0.0,0.0,0.0,0.0,0.0,0.0,0.0,0.0,0.0,0.0,0.0,0.0,0.0,0.0,0.0,0.0,0.0,0.0,0.0,0.0,0.0,0.0,0.0,0.0,0.0,0.0,0.0,0.0,0.0,0.0,0.0,0.0,0.0,0.0,0.0,0.0,0.0,0.0,0.0,0.0,0.0,0.0,0.0,0.0,0.0,0.0,0.0,0.0,0.0,0.0,0.0,0.0,0.0,0.0,0.0,0.0,0.0,0.0,0.0,0.0,0.0,0.0,0.0,0.0,0.0,0.0
9,10,G,0.0,2.877590555555554,0.2640797583493715,0.0,3.2103537500000003,0.43569593630710424,0.0,4.151755,0.5934561723059193,0.0,0.0,0.0,0.0,0.0,0.0,14.990556399371826,5.684341886080802e-14,1.47825002801045,0.0012958050628997242,0.0,6.169080833333334,0.007559196972560245,0.7364756944444443,22.249176640531104,0.009778189748769706,11.364385036623915,2.6645352591003757e-15,1.1217803892714353,2.7907029227328555,2.6645352591003757e-15,0.69144952276021,0.023145832347092887,0.036303405076111434,38.36711619058224,0.02754753369028551,0.6648635144016,0.07874471648187845,0.06676974863780322,15.17055635005596,0.05637643900344608,1.6801936261647317,0.014191398748567896,0.25639336166872706,0.7293845400004564,0.026567392301077797,1.250894787582308,0.010139989385077125,0.24360397339536685,39.87150586938557,0.023368328604247562,14.990556399371826,5.684341886080802e-14,1.47825002801045,0.0012958050628997242,0.0,6.169080833333334,0.007559196972560245,0.7364756944444443,22.249176640531104,0.009778189748769706,11.364385036623915,2.6645352591003757e-15,1.1217803892714353,2.7907029227328555,2.6645352591003757e-15,0.69144952276021,0.023145832347092887,0.036303405076111434,38.36711619058224,0.02754753369028551,0.6648635144016,0.07874471648187845,0.06676974863780322,15.17055635005596,0.05637643900344608,1.6801936261647317,0.014191398748567896,0.25639336166872706,0.7293845400004564,0.026567392301077797,1.250894787582308,0.010139989385077125,0.24360397339536685,39.87150586938557,0.023368328604247562,14.990556399371826,5.684341886080802e-14,1.47825002801045,0.0012958050628997242,0.0,6.169080833333334,0.007559196972560245,0.7364756944444443,22.249176640531104,0.009778189748769706,11.364385036623915,2.6645352591003757e-15,1.1217803892714353,2.7907029227328555,2.6645352591003757e-15,0.69144952276021,0.023145832347092887,0.036303405076111434,38.36711619058224,0.02754753369028551,0.6648635144016,0.07874471648187845,0.06676974863780322,15.17055635005596,0.05637643900344608,1.6801936261647317,0.014191398748567896,0.25639336166872706,0.7293845400004564,0.026567392301077797,1.250894787582308,0.010139989385077125,0.24360397339536685,39.87150586938557,0.023368328604247562,14.990556399371826,5.684341886080802e-14,1.47825002801045,0.0012958050628997242,0.0,6.169080833333334,0.007559196972560245,0.7364756944444443,22.249176640531104,0.009778189748769706,11.364385036623915,2.6645352591003757e-15,1.1217803892714353,2.7907029227328555,2.6645352591003757e-15,0.69144952276021,0.023145832347092887,0.036303405076111434,38.36711619058224,0.02754753369028551,0.6648635144016,0.07874471648187845,0.06676974863780322,15.17055635005596,0.05637643900344608,1.6801936261647317,0.014191398748567896,0.25639336166872706,0.7293845400004564,0.026567392301077797,1.250894787582308,0.010139989385077125,0.24360397339536685,39.87150586938557,0.023368328604247562,0.0,0.0,0.0,0.0,0.0,0.0,0.0,0.0,0.0,0.0,0.0,0.0,0.0,0.0,0.0,0.0,0.0,0.0,0.0,0.0,0.0,0.0,0.0,0.0,0.0,0.0,0.0,0.0,0.0,0.0,0.0,0.0,0.0,0.0,0.0,0.0,0.0,0.0,0.0,0.0,0.0,0.0,0.0,0.0,0.0,0.0,0.0,0.0,0.0,0.0,0.0,0.0,0.0,0.0,0.0,0.0,0.0,0.0,0.0,0.0,0.0,0.0,0.0,0.0,0.0,0.0,0.0,0.0,0.0,0.0
10,11,T,0.0,3.0963355555555543,0.31394310687987104,0.0,3.2103537500000003,0.43569593630710424,0.0,4.151755,0.5934561723059193,0.0,0.0,0.0,0.0,0.0,0.0,14.990556399371712,5.684341886080802e-14,1.343863661827676,0.004927694779823355,0.0,6.205382828282827,0.009479683116832782,0.9047637626262626,10.332447083342592,0.009778189748769706,11.364385036623917,2.6645352591003757e-15,1.0198003538831226,1.6241113228322388,2.6645352591003757e-15,0.7640069146877491,0.02527076002205514,0.11423793334326249,79.62818491952416,0.02754753369028551,0.557086362463157,0.08463996773097734,0.09161917571623662,49.715839271857504,0.05637643900344608,1.4642467679334974,0.00784957716910184,0.15830292472655794,2.5803214367864173,0.026567392301077797,1.1371770796202803,0.015062861028671076,0.32298820664662403,66.28559691981441,0.023368328604247562,14.990556399371712,5.684341886080802e-14,1.343863661827676,0.004927694779823355,0.0,6.205382828282827,0.009479683116832782,0.9047637626262626,10.332447083342592,0.009778189748769706,11.364385036623917,2.6645352591003757e-15,1.0198003538831226,1.6241113228322388,2.6645352591003757e-15,0.7640069146877491,0.02527076002205514,0.11423793334326249,79.62818491952416,0.02754753369028551,0.557086362463157,0.08463996773097734,0.09161917571623662,49.715839271857504,0.05637643900344608,1.4642467679334974,0.00784957716910184,0.15830292472655794,2.5803214367864173,0.026567392301077797,1.1371770796202803,0.015062861028671076,0.32298820664662403,66.28559691981441,0.023368328604247562,14.990556399371712,5.684341886080802e-14,1.343863661827676,0.004927694779823355,0.0,6.205382828282827,0.009479683116832782,0.9047637626262626,10.332447083342592,0.009778189748769706,11.364385036623917,2.6645352591003757e-15,1.0198003538831226,1.6241113228322388,2.6645352591003757e-15,0.7640069146877491,0.02527076002205514,0.11423793334326249,79.62818491952416,0.02754753369028551,0.557086362463157,0.08463996773097734,0.09161917571623662,49.715839271857504,0.05637643900344608,1.4642467679334974,0.00784957716910184,0.15830292472655794,2.5803214367864173,0.026567392301077797,1.1371770796202803,0.015062861028671076,0.32298820664662403,66.28559691981441,0.023368328604247562,14.990556399371712,5.684341886080802e-14,1.343863661827676,0.004927694779823355,0.0,6.205382828282827,0.009479683116832782,0.9047637626262626,10.332447083342592,0.009778189748769706,11.364385036623917,2.6645352591003757e-15,1.0198003538831226,1.6241113228322388,2.6645352591003757e-15,0.7640069146877491,0.02527076002205514,0.11423793334326249,79.62818491952416,0.02754753369028551,0.557086362463157,0.08463996773097734,0.09161917571623662,49.715839271857504,0.05637643900344608,1.4642467679334974,0.00784957716910184,0.15830292472655794,2.5803214367864173,0.026567392301077797,1.1371770796202803,0.015062861028671076,0.32298820664662403,66.28559691981441,0.023368328604247562,0.0,0.0,0.0,0.0,0.0,0.0,0.0,0.0,0.0,0.0,0.0,0.0,0.0,0.0,0.0,0.0,0.0,0.0,0.0,0.0,0.0,0.0,0.0,0.0,0.0,0.0,0.0,0.0,0.0,0.0,0.0,0.0,0.0,0.0,0.0,0.0,0.0,0.0,0.0,0.0,0.0,0.0,0.0,0.0,0.0,0.0,0.0,0.0,0.0,0.0,0.0,0.0,0.0,0.0,0.0,0.0,0.0,0.0,0.0,0.0,0.0,0.0,0.0,0.0,0.0,0.0,0.0,0.0,0.0,0.0
11,12,G,0.0,3.5448222272727268,0.4078328448325328,0.0,3.5001915,0.5029822749334287,0.0,4.223232083333333,0.6132805072650951,0.5,2.07317,2.3287583331801502,0.0,0.0,0.0,14.990556399371712,5.684341886080802e-14,1.2318750233420346,0.01012500347473999,0.0,6.108637962962963,0.005485518356529551,0.8293667824074074,17.415066312581075,0.009778189748769706,11.364385036623917,2.6645352591003757e-15,0.9348169910595292,0.6519516562483916,2.6645352591003757e-15,0.7546382111969767,0.024707189355789805,0.08119750299802153,11.75462818789761,0.02754753369028551,0.48555027882321383,0.0877426935122761,0.05359319490621238,46.2455162868985,0.05637643900344608,1.2559019837828442,0.0012667076749567352,0.04609111283999767,1.3753397887518064,0.026567392301077797,1.1510587073525016,0.015109696358971025,0.09306921159659953,55.066439987159555,0.023368328604247562,14.990556399371712,5.684341886080802e-14,1.2318750233420346,0.01012500347473999,0.0,6.108637962962963,0.005485518356529551,0.8293667824074074,17.415066312581075,0.009778189748769706,11.364385036623917,2.6645352591003757e-15,0.9348169910595292,0.6519516562483916,2.6645352591003757e-15,0.7546382111969767,0.024707189355789805,0.08119750299802153,11.75462818789761,0.02754753369028551,0.48555027882321383,0.0877426935122761,0.05359319490621238,46.2455162868985,0.05637643900344608,1.2559019837828442,0.0012667076749567352,0.04609111283999767,1.3753397887518064,0.026567392301077797,1.1510587073525016,0.015109696358971025,0.09306921159659953,55.066439987159555,0.023368328604247562,14.990556399371712,5.684341886080802e-14,1.2318750233420346,0.01012500347473999,0.0,6.108637962962963,0.005485518356529551,0.8293667824074074,17.415066312581075,0.009778189748769706,11.364385036623917,2.6645352591003757e-15,0.9348169910595292,0.6519516562483916,2.6645352591003757e-15,0.7546382111969767,0.024707189355789805,0.08119750299802153,11.75462818789761,0.02754753369028551,0.48555027882321383,0.0877426935122761,0.05359319490621238,46.2455162868985,0.05637643900344608,1.2559019837828442,0.0012667076749567352,0.04609111283999767,1.3753397887518064,0.026567392301077797,1.1510587073525016,0.015109696358971025,0.09306921159659953,55.066439987159555,0.023368328604247562,14.990556399371712,5.684341886080802e-14,1.2318750233420346,0.01012500347473999,0.0,6.108637962962963,0.005485518356529551,0.8293667824074074,17.415066312581075,0.009778189748769706,11.364385036623917,2.6645352591003757e-15,0.9348169910595292,0.6519516562483916,2.6645352591003757e-15,0.7546382111969767,0.024707189355789805,0.08119750299802153,11.75462818789761,0.02754753369028551,0.48555027882321383,0.0877426935122761,0.05359319490621238,46.2455162868985,0.05637643900344608,1.2559019837828442,0.0012667076749567352,0.04609111283999767,1.3753397887518064,0.026567392301077797,1.1510587073525016,0.015109696358971025,0.09306921159659953,55.066439987159555,0.023368328604247562,430.09584629437836,1.1368683772161603e-13,37.75561612698371,4.389209574130826,0.0,2.8895200000000036,0.3494717714382934,0.3560190590277781,3.4793657523471224,0.3494717714382934,6.82206375715934,3.552713678800501e-15,0.5967269430750424,4.373507521450631,3.552713678800501e-15,3.727208792695744,0.21268017636440834,0.01834532129876047,13.26330737063323,0.21268017636440834,0.16699660980186393,0.14476693771292587,0.16181581550021698,57.960114272881185,0.14476693771292587,5.765267296841002,0.1160521138650405,0.874178449780875,5.567877952448995,0.1160521138650405,3.4083990617081765,0.16395634515763793,0.03470028060726568,55.057304948913234,0.16395634515763793,0.0,0.0,0.0,0.0,0.0,0.0,0.0,0.0,0.0,0.0,0.0,0.0,0.0,0.0,0.0,0.0,0.0,0.0,0.0,0.0,0.0,0.0,0.0,0.0,0.0,0.0,0.0,0.0,0.0,0.0,0.0,0.0,0.0,0.0,0.0
12,13,C,0.0,3.605464318181819,0.40136264428696955,0.0,2.990495,0.3954172073434694,0.0,3.48575625,0.43480684849918094,0.5,2.07317,2.3287583331801502,0.0,0.0,0.0,14.990556399371712,5.684341886080802e-14,1.2318750233420346,0.01012500347473999,0.0,6.10634537037037,0.005433857850976165,0.8293667824074074,21.089942679133777,0.009778189748769706,11.364385036623917,2.6645352591003757e-15,0.9348169910595292,0.6519516562483916,2.6645352591003757e-15,0.7284498098420227,0.02370253103881803,0.09199158456384075,18.913630590743228,0.02754753369028551,0.5399068305747851,0.08733957220062297,0.05565475572354947,45.172670734871346,0.05637643900344608,1.1077212262845944,0.0018361995963056543,0.04535580718065635,0.7574234891362073,0.026567392301077797,1.2603481570856605,0.012843021804099575,0.05029611588277283,2.2422717587489607,0.023368328604247562,14.990556399371712,5.684341886080802e-14,1.2318750233420346,0.01012500347473999,0.0,6.10634537037037,0.005433857850976165,0.8293667824074074,21.089942679133777,0.009778189748769706,11.364385036623917,2.6645352591003757e-15,0.9348169910595292,0.6519516562483916,2.6645352591003757e-15,0.7284498098420227,0.02370253103881803,0.09199158456384075,18.913630590743228,0.02754753369028551,0.5399068305747851,0.08733957220062297,0.05565475572354947,45.172670734871346,0.05637643900344608,1.1077212262845944,0.0018361995963056543,0.04535580718065635,0.7574234891362073,0.026567392301077797,1.2603481570856605,0.012843021804099575,0.05029611588277283,2.2422717587489607,0.023368328604247562,14.990556399371712,5.684341886080802e-14,1.2318750233420346,0.01012500347473999,0.0,6.10634537037037,0.005433857850976165,0.8293667824074074,21.089942679133777,0.009778189748769706,11.364385036623917,2.6645352591003757e-15,0.9348169910595292,0.6519516562483916,2.6645352591003757e-15,0.7284498098420227,0.02370253103881803,0.09199158456384075,18.913630590743228,0.02754753369028551,0.5399068305747851,0.08733957220062297,0.05565475572354947,45.172670734871346,0.05637643900344608,1.1077212262845944,0.0018361995963056543,0.04535580718065635,0.7574234891362073,0.026567392301077797,1.2603481570856605,0.012843021804099575,0.05029611588277283,2.2422717587489607,0.023368328604247562,14.990556399371712,5.684341886080802e-14,1.2318750233420346,0.01012500347473999,0.0,6.10634537037037,0.005433857850976165,0.8293667824074074,21.089942679133777,0.009778189748769706,11.364385036623917,2.6645352591003757e-15,0.9348169910595292,0.6519516562483916,2.6645352591003757e-15,0.7284498098420227,0.02370253103881803,0.09199158456384075,18.913630590743228,0.02754753369028551,0.5399068305747851,0.08733957220062297,0.05565475572354947,45.172670734871346,0.05637643900344608,1.1077212262845944,0.0018361995963056543,0.04535580718065635,0.7574234891362073,0.026567392301077797,1.2603481570856605,0.012843021804099575,0.05029611588277283,2.2422717587489607,0.023368328604247562,430.09584629437836,1.1368683772161603e-13,37.75561612698371,4.389209574130826,0.0,2.963437777777786,0.34659900051659226,0.31823017013888916,3.945469610244071,0.3494717714382934,6.82206375715934,3.552713678800501e-15,0.5967269430750424,4.373507521450631,3.552713678800501e-15,4.053780700942046,0.20297730592680652,0.02392195393303287,10.578030590047053,0.21268017636440834,0.18059562069243362,0.14398583633822415,0.16920084286936832,43.43063299084381,0.14476693771292587,7.087116647863734,0.158091003648616,0.7289813978580609,5.075247280052986,0.2001298934321915,3.5806357530473822,0.17118163049011326,0.2455490074389478,4.374326326389885,0.17840691582258855,0.0,0.0,0.0,0.0,0.0,0.0,0.0,0.0,0.0,0.0,0.0,0.0,0.0,0.0,0.0,0.0,0.0,0.0,0.0,0.0,0.0,0.0,0.0,0.0,0.0,0.0,0.0,0.0,0.0,0.0,0.0,0.0,0.0,0.0,0.0
13,14,A,0.0,4.473572222222223,0.540378750975526,0.0,2.990495,0.3954172073434694,0.0,3.48575625,0.43480684849918094,0.5,2.07317,2.3287583331801502,0.0,0.0,0.0,14.990556399371712,5.684341886080802e-14,1.2318750233420346,0.01012500347473999,0.0,6.044141435185185,0.002388227482097882,0.8293667824074074,58.70895509556907,0.03450996611956003,11.364385036623917,2.6645352591003757e-15,0.9348169910595292,0.6519516562483916,2.6645352591003757e-15,0.6470671515232198,0.02120643549287521,0.09562865211295934,65.25389619121069,0.02754753369028551,0.5836204746832298,0.08694631204073056,0.16537978500138342,44.740402258637886,0.05637643900344608,1.082295833820087,0.004250893151239998,0.13508623431166167,2.191398822768096,0.026567392301077797,1.4014919294608268,0.006442308908825023,0.2163500894834785,1.9398768371909352,0.023368328604247562,14.990556399371712,5.684341886080802e-14,1.2318750233420346,0.01012500347473999,0.0,6.044141435185185,0.002388227482097882,0.8293667824074074,58.70895509556907,0.03450996611956003,11.364385036623917,2.6645352591003757e-15,0.9348169910595292,0.6519516562483916,2.6645352591003757e-15,0.6470671515232198,0.02120643549287521,0.09562865211295934,65.25389619121069,0.02754753369028551,0.5836204746832298,0.08694631204073056,0.16537978500138342,44.740402258637886,0.05637643900344608,1.082295833820087,0.004250893151239998,0.13508623431166167,2.191398822768096,0.026567392301077797,1.4014919294608268,0.006442308908825023,0.2163500894834785,1.9398768371909352,0.023368328604247562,14.990556399371712,5.684341886080802e-14,1.2318750233420346,0.01012500347473999,0.0,6.044141435185185,0.002388227482097882,0.8293667824074074,58.70895509556907,0.03450996611956003,11.364385036623917,2.6645352591003757e-15,0.9348169910595292,0.6519516562483916,2.6645352591003757e-15,0.6470671515232198,0.02120643549287521,0.09562865211295934,65.25389619121069,0.02754753369028551,0.5836204746832298,0.08694631204073056,0.16537978500138342,44.740402258637886,0.05637643900344608,1.082295833820087,0.004250893151239998,0.13508623431166167,2.191398822768096,0.026567392301077797,1.4014919294608268,0.006442308908825023,0.2163500894834785,1.9398768371909352,0.023368328604247562,14.990556399371712,5.684341886080802e-14,1.2318750233420346,0.01012500347473999,0.0,6.044141435185185,0.002388227482097882,0.8293667824074074,58.70895509556907,0.03450996611956003,11.364385036623917,2.6645352591003757e-15,0.9348169910595292,0.6519516562483916,2.6645352591003757e-15,0.6470671515232198,0.02120643549287521,0.09562865211295934,65.25389619121069,0.02754753369028551,0.5836204746832298,0.08694631204073056,0.16537978500138342,44.740402258637886,0.05637643900344608,1.082295833820087,0.004250893151239998,0.13508623431166167,2.191398822768096,0.026567392301077797,1.4014919294608268,0.006442308908825023,0.2163500894834785,1.9398768371909352,0.023368328604247562,430.09584629437836,1.1368683772161603e-13,37.75561612698371,4.389209574130826,0.0,1.954074962962973,0.38582729215387124,0.3560190590277781,85.30689352888696,0.4642838754284291,6.822063757159339,3.552713678800501e-15,0.5967269430750424,4.373507521450631,3.552713678800501e-15,4.199925949927704,0.19863514305188645,0.34575236035106743,66.81098182459878,0.21268017636440834,0.5381961818066971,0.12344593883184311,0.08204217910187828,41.72224707560433,0.14476693771292587,6.6164491943356945,0.1431223257215342,0.87738886711454,5.930707929480508,0.2001298934321915,3.517170129044793,0.16851926372809034,0.618550617706524,13.66482039519069,0.17840691582258855,0.0,0.0,0.0,0.0,0.0,0.0,0.0,0.0,0.0,0.0,0.0,0.0,0.0,0.0,0.0,0.0,0.0,0.0,0.0,0.0,0.0,0.0,0.0,0.0,0.0,0.0,0.0,0.0,0.0,0.0,0.0,0.0,0.0,0.0,0.0
14,15,C,0.0,4.845975,0.5837628387736373,0.0,2.990495,0.3954172073434694,0.0,3.48575625,0.43480684849918094,0.5,2.07317,2.3287583331801502,0.0,0.0,0.0,14.990556399371712,5.684341886080802e-14,1.2318750233420346,0.01012500347473999,0.0,5.926200694444443,0.0014100903553424526,0.6220630787037034,34.479878862588166,0.03450996611956003,11.364385036623917,2.6645352591003757e-15,0.9348169910595292,0.6519516562483916,2.6645352591003757e-15,0.6133858951052851,0.019817833231969867,0.03353699336961796,23.378864199965065,0.02754753369028551,0.7108944857115321,0.07949305982706781,0.16337707460454592,21.87460795898324,0.05637643900344608,0.8941664749342007,0.00982217401902069,0.2907788163403763,1.5140929132455612,0.026567392301077797,1.2941904264012647,0.008390491184503274,0.1635414227703877,1.6757034244686118,0.023368328604247562,14.990556399371712,5.684341886080802e-14,1.2318750233420346,0.01012500347473999,0.0,5.926200694444443,0.0014100903553424526,0.6220630787037034,34.479878862588166,0.03450996611956003,11.364385036623917,2.6645352591003757e-15,0.9348169910595292,0.6519516562483916,2.6645352591003757e-15,0.6133858951052851,0.019817833231969867,0.03353699336961796,23.378864199965065,0.02754753369028551,0.7108944857115321,0.07949305982706781,0.16337707460454592,21.87460795898324,0.05637643900344608,0.8941664749342007,0.00982217401902069,0.2907788163403763,1.5140929132455612,0.026567392301077797,1.2941904264012647,0.008390491184503274,0.1635414227703877,1.6757034244686118,0.023368328604247562,14.990556399371712,5.684341886080802e-14,1.2318750233420346,0.01012500347473999,0.0,5.926200694444443,0.0014100903553424526,0.6220630787037034,34.479878862588166,0.03450996611956003,11.364385036623917,2.6645352591003757e-15,0.9348169910595292,0.6519516562483916,2.6645352591003757e-15,0.6133858951052851,0.019817833231969867,0.03353699336961796,23.378864199965065,0.02754753369028551,0.7108944857115321,0.07949305982706781,0.16337707460454592,21.87460795898324,0.05637643900344608,0.8941664749342007,0.00982217401902069,0.2907788163403763,1.5140929132455612,0.026567392301077797,1.2941904264012647,0.008390491184503274,0.1635414227703877,1.6757034244686118,0.023368328604247562,14.990556399371712,5.684341886080802e-14,1.2318750233420346,0.01012500347473999,0.0,5.926200694444443,0.0014100903553424526,0.6220630787037034,34.479878862588166,0.03450996611956003,11.364385036623917,2.6645352591003757e-15,0.9348169910595292,0.6519516562483916,2.6645352591003757e-15,0.6133858951052851,0.019817833231969867,0.03353699336961796,23.378864199965065,0.02754753369028551,0.7108944857115321,0.07949305982706781,0.16337707460454592,21.87460795898324,0.05637643900344608,0.8941664749342007,0.00982217401902069,0.2907788163403763,1.5140929132455612,0.026567392301077797,1.2941904264012647,0.008390491184503274,0.1635414227703877,1.6757034244686118,0.023368328604247562,430.09584629437836,1.1368683772161603e-13,37.75561612698371,4.389209574130826,0.0,1.9671540000000083,0.3853189830783901,0.6061945812500004,42.29887708917349,0.4642838754284291,6.82206375715934,3.552713678800501e-15,0.5967269430750424,4.373507521450631,3.552713678800501e-15,4.111267356161984,0.20126930363571705,0.25618374347222583,34.868647853900846,0.21268017636440834,0.45487391500464147,0.12823181169172015,0.032816976922782994,19.549842769077866,0.14476693771292587,6.5934372575221705,0.14239047509524166,0.794408150196821,5.475883506861586,0.2001298934321915,3.0967548485638443,0.15088294979295352,0.3750726780794417,8.630526870207786,0.17840691582258855,0.0,0.0,0.0,0.0,0.0,0.0,0.0,0.0,0.0,0.0,0.0,0.0,0.0,0.0,0.0,0.0,0.0,0.0,0.0,0.0,0.0,0.0,0.0,0.0,0.0,0.0,0.0,0.0,0.0,0.0,0.0,0.0,0.0,0.0,0.0
15,16,T,0.0,4.790784659090911,0.5584480388721639,0.0,2.823149999999999,0.39743909755517826,0.0,3.3685499999999995,0.41910033163965665,0.5,2.07317,2.3287583331801502,0.0,0.0,0.0,14.990556399371712,5.684341886080802e-14,1.2318750233420346,0.01012500347473999,0.0,5.69749699074074,0.009991476604975846,0.17037037037037006,7.156238951305972,0.03450996611956003,11.364385036623917,2.6645352591003757e-15,0.9348169910595292,0.6519516562483916,2.6645352591003757e-15,0.6727104924558223,0.021280670823141917,0.046232667720013776,57.76855146392342,0.02754753369028551,0.7599000824153617,0.07246596179685927,0.02382164457828989,25.79874540583944,0.03120368003569296,0.7572792076450838,0.015044617956535583,0.24506178032019527,1.5040942921592033,0.026567392301077797,1.3433304358361786,0.0031538870467443525,0.0,1.5708561146782707,0.023368328604247562,14.990556399371712,5.684341886080802e-14,1.2318750233420346,0.01012500347473999,0.0,5.69749699074074,0.009991476604975846,0.17037037037037006,7.156238951305972,0.03450996611956003,11.364385036623917,2.6645352591003757e-15,0.9348169910595292,0.6519516562483916,2.6645352591003757e-15,0.6727104924558223,0.021280670823141917,0.046232667720013776,57.76855146392342,0.02754753369028551,0.7599000824153617,0.07246596179685927,0.02382164457828989,25.79874540583944,0.03120368003569296,0.7572792076450838,0.015044617956535583,0.24506178032019527,1.5040942921592033,0.026567392301077797,1.3433304358361786,0.0031538870467443525,0.0,1.5708561146782707,0.023368328604247562,14.990556399371712,5.684341886080802e-14,1.2318750233420346,0.01012500347473999,0.0,5.69749699074074,0.009991476604975846,0.17037037037037006,7.156238951305972,0.03450996611956003,11.364385036623917,2.6645352591003757e-15,0.9348169910595292,0.6519516562483916,2.6645352591003757e-15,0.6727104924558223,0.021280670823141917,0.046232667720013776,57.76855146392342,0.02754753369028551,0.7599000824153617,0.07246596179685927,0.02382164457828989,25.79874540583944,0.03120368003569296,0.7572792076450838,0.015044617956535583,0.24506178032019527,1.5040942921592033,0.026567392301077797,1.3433304358361786,0.0031538870467443525,0.0,1.5708561146782707,0.023368328604247562,14.990556399371712,5.684341886080802e-14,1.2318750233420346,0.01012500347473999,0.0,5.69749699074074,0.009991476604975846,0.17037037037037006,7.156238951305972,0.03450996611956003,11.364385036623917,2.6645352591003757e-15,0.9348169910595292,0.6519516562483916,2.6645352591003757e-15,0.6727104924558223,0.021280670823141917,0.046232667720013776,57.76855146392342,0.02754753369028551,0.7599000824153617,0.07246596179685927,0.02382164457828989,25.79874540583944,0.03120368003569296,0.7572792076450838,0.015044617956535583,0.24506178032019527,1.5040942921592033,0.026567392301077797,1.3433304358361786,0.0031538870467443525,0.0,1.5708561146782707,0.023368328604247562,430.0958462943783,1.1368683772161603e-13,37.75561612698371,4.389209574130826,0.0,1.9170584000000068,0.387265919083661,0.6976769111111117,6.305234612444674,0.4642838754284291,6.82206375715934,3.552713678800501e-15,0.5967269430750424,4.373507521450631,3.552713678800501e-15,3.8956455812650796,0.20767570324487297,0.3651705651088,44.95326066225228,0.2333013016814966,0.16848447519868692,0.1640363344939869,0.3232297083948356,20.142954474967635,0.30725442570305395,6.575117685411172,0.1418078561513653,0.479824939108005,3.688952067831065,0.2001298934321915,3.0364852455497924,0.14835465529736358,0.0695966499771123,1.082770131511636,0.17840691582258855,0.0,0.0,0.0,0.0,0.0,0.0,0.0,0.0,0.0,0.0,0.0,0.0,0.0,0.0,0.0,0.0,0.0,0.0,0.0,0.0,0.0,0.0,0.0,0.0,0.0,0.0,0.0,0.0,0.0,0.0,0.0,0.0,0.0,0.0,0.0
16,17,C,0.0,4.886548884615386,0.613375645838162,0.0,3.161568333333332,0.4326625867455658,0.0,3.6181436666666675,0.48459537758895865,0.5,1.8333325,2.408075576890715,0.0,0.0,0.0,14.990556399371712,5.684341886080802e-14,1.2318750233420346,0.01012500347473999,0.0,5.616478472222221,0.012847725867998205,0.37767407407407394,32.68407259984139,0.03450996611956003,11.364385036623917,2.6645352591003757e-15,0.9348169910595292,0.6519516562483916,2.6645352591003757e-15,0.6851248146198472,0.021298608797616858,0.11793443617587424,55.30536719849912,0.02754753369028551,0.8556651723220936,0.06867317301499443,0.009833555521407134,30.590625112851065,0.03120368003569296,0.6884224201848079,0.016695769875956362,0.1228559242033389,1.133301083925926,0.026567392301077797,1.406441839903311,0.0009840874280016843,0.05029611588277283,36.19813205031738,0.023368328604247562,14.990556399371712,5.684341886080802e-14,1.2318750233420346,0.01012500347473999,0.0,5.616478472222221,0.012847725867998205,0.37767407407407394,32.68407259984139,0.03450996611956003,11.364385036623917,2.6645352591003757e-15,0.9348169910595292,0.6519516562483916,2.6645352591003757e-15,0.6851248146198472,0.021298608797616858,0.11793443617587424,55.30536719849912,0.02754753369028551,0.8556651723220936,0.06867317301499443,0.009833555521407134,30.590625112851065,0.03120368003569296,0.6884224201848079,0.016695769875956362,0.1228559242033389,1.133301083925926,0.026567392301077797,1.406441839903311,0.0009840874280016843,0.05029611588277283,36.19813205031738,0.023368328604247562,14.990556399371712,5.684341886080802e-14,1.2318750233420346,0.01012500347473999,0.0,5.616478472222221,0.012847725867998205,0.37767407407407394,32.68407259984139,0.03450996611956003,11.364385036623917,2.6645352591003757e-15,0.9348169910595292,0.6519516562483916,2.6645352591003757e-15,0.6851248146198472,0.021298608797616858,0.11793443617587424,55.30536719849912,0.02754753369028551,0.8556651723220936,0.06867317301499443,0.009833555521407134,30.590625112851065,0.03120368003569296,0.6884224201848079,0.016695769875956362,0.1228559242033389,1.133301083925926,0.026567392301077797,1.406441839903311,0.0009840874280016843,0.05029611588277283,36.19813205031738,0.023368328604247562,14.990556399371712,5.684341886080802e-14,1.2318750233420346,0.01012500347473999,0.0,5.616478472222221,0.012847725867998205,0.37767407407407394,32.68407259984139,0.03450996611956003,11.364385036623917,2.6645352591003757e-15,0.9348169910595292,0.6519516562483916,2.6645352591003757e-15,0.6851248146198472,0.021298608797616858,0.11793443617587424,55.30536719849912,0.02754753369028551,0.8556651723220936,0.06867317301499443,0.009833555521407134,30.590625112851065,0.03120368003569296,0.6884224201848079,0.016695769875956362,0.1228559242033389,1.133301083925926,0.026567392301077797,1.406441839903311,0.0009840874280016843,0.05029611588277283,36.19813205031738,0.023368328604247562,430.0958462943783,1.1368683772161603e-13,37.75561612698371,4.389209574130826,0.0,2.0131931111111174,0.3835297001259375,0.40971250000000037,30.633246528491153,0.4642838754284291,6.8220637571593405,3.552713678800501e-15,0.5967269430750424,4.373507521450631,3.552713678800501e-15,3.966663863083595,0.20556565896431458,0.1576792625396782,54.16433877273078,0.2333013016814966,0.4498737776407981,0.18019880195081575,0.45541931457978024,4.416314842464074,0.30725442570305395,6.862625636110908,0.15095149649284323,0.6454284674418119,4.626215160453358,0.2001298934321915,3.337667022322654,0.16098915412107886,0.3151456574160601,5.446746002834346,0.22416164823965534,0.0,0.0,0.0,0.0,0.0,0.0,0.0,0.0,0.0,0.0,0.0,0.0,0.0,0.0,0.0,0.0,0.0,0.0,0.0,0.0,0.0,0.0,0.0,0.0,0.0,0.0,0.0,0.0,0.0,0.0,0.0,0.0,0.0,0.0,0.0
17,18,A,0.0,5.220414658119658,0.6715205438296868,0.0,3.0369091666666663,0.4136660117244957,0.0,3.470721,0.4627256517495886,0.5,1.8333325,2.408075576890715,0.0,0.0,0.0,14.990556399371712,5.684341886080802e-14,1.2318750233420346,0.01012500347473999,0.0,5.473012037037035,0.017663902013794197,0.31378518518518517,24.650917575389325,0.03450996611956003,11.364385036623917,2.6645352591003757e-15,0.9348169910595292,0.6519516562483916,2.6645352591003757e-15,0.6852939738447503,0.021433140367780268,0.06689177359847248,87.80077919660243,0.02754753369028551,0.7120618467554305,0.07498533684521178,0.08284414263306915,9.079172855117427,0.03120368003569296,0.6629720583629393,0.017704943825009534,0.023771349540069375,0.06410034994321778,0.026567392301077797,1.3900917585896344,0.0019148511439968374,0.03987944921610617,39.55725414842951,0.023368328604247562,14.990556399371712,5.684341886080802e-14,1.2318750233420346,0.01012500347473999,0.0,5.473012037037035,0.017663902013794197,0.31378518518518517,24.650917575389325,0.03450996611956003,11.364385036623917,2.6645352591003757e-15,0.9348169910595292,0.6519516562483916,2.6645352591003757e-15,0.6852939738447503,0.021433140367780268,0.06689177359847248,87.80077919660243,0.02754753369028551,0.7120618467554305,0.07498533684521178,0.08284414263306915,9.079172855117427,0.03120368003569296,0.6629720583629393,0.017704943825009534,0.023771349540069375,0.06410034994321778,0.026567392301077797,1.3900917585896344,0.0019148511439968374,0.03987944921610617,39.55725414842951,0.023368328604247562,14.990556399371712,5.684341886080802e-14,1.2318750233420346,0.01012500347473999,0.0,5.473012037037035,0.017663902013794197,0.31378518518518517,24.650917575389325,0.03450996611956003,11.364385036623917,2.6645352591003757e-15,0.9348169910595292,0.6519516562483916,2.6645352591003757e-15,0.6852939738447503,0.021433140367780268,0.06689177359847248,87.80077919660243,0.02754753369028551,0.7120618467554305,0.07498533684521178,0.08284414263306915,9.079172855117427,0.03120368003569296,0.6629720583629393,0.017704943825009534,0.023771349540069375,0.06410034994321778,0.026567392301077797,1.3900917585896344,0.0019148511439968374,0.03987944921610617,39.55725414842951,0.023368328604247562,14.990556399371712,5.684341886080802e-14,1.2318750233420346,0.01012500347473999,0.0,5.473012037037035,0.017663902013794197,0.31378518518518517,24.650917575389325,0.03450996611956003,11.364385036623917,2.6645352591003757e-15,0.9348169910595292,0.6519516562483916,2.6645352591003757e-15,0.6852939738447503,0.021433140367780268,0.06689177359847248,87.80077919660243,0.02754753369028551,0.7120618467554305,0.07498533684521178,0.08284414263306915,9.079172855117427,0.03120368003569296,0.6629720583629393,0.017704943825009534,0.023771349540069375,0.06410034994321778,0.026567392301077797,1.3900917585896344,0.0019148511439968374,0.03987944921610617,39.55725414842951,0.023368328604247562,430.0958462943783,1.1368683772161603e-13,37.75561612698371,4.389209574130826,0.0,2.0131931111111174,0.3835297001259375,0.2678126296296299,17.863692108331836,0.0,6.8220637571593405,3.552713678800501e-15,0.5967269430750424,4.373507521450631,0.0,3.966663863083595,0.20556565896431458,0.37116457951831155,74.90941507541172,0.0,0.4498737776407981,0.18019880195081575,0.09491789744344607,4.101974312421141,0.0,6.862625636110908,0.15095149649284323,0.3614346578560006,2.632599047264721,0.0,3.337667022322654,0.16098915412107886,0.19525289155617498,3.492324652582639,0.0,0.0,0.0,0.0,0.0,0.0,0.0,0.0,0.0,0.0,0.0,0.0,0.0,0.0,0.0,0.0,0.0,0.0,0.0,0.0,0.0,0.0,0.0,0.0,0.0,0.0,0.0,0.0,0.0,0.0,0.0,0.0,0.0,0.0,0.0,0.0
18,19,A,0.0,4.6597576428571434,0.5802358616242309,0.0,3.0369091666666663,0.4136660117244957,0.0,3.470721,0.4627256517495886,0.5,1.8333325,2.408075576890715,0.0,0.0,0.0,14.990556399371712,5.684341886080802e-14,1.2318750233420346,0.01012500347473999,0.0,5.715437731481481,0.009385996480502978,0.09814814814814798,13.839958023527824,0.03450996611956003,11.364385036623917,2.6645352591003757e-15,0.9348169910595292,0.6519516562483916,2.6645352591003757e-15,0.7091514786418149,0.02232653862825454,0.002576728924824856,103.40615361655983,0.03997682456994511,0.7842812581679027,0.07139964707652777,0.08603783842445231,5.35552811723833,0.03120368003569296,0.6003559873347841,0.016111055184046874,0.3115480692939959,2.4828165894179177,0.004613838344868559,1.5634713301830927,0.004561735146325241,0.0,1.5778355993404227,0.023368328604247562,14.990556399371712,5.684341886080802e-14,1.2318750233420346,0.01012500347473999,0.0,5.715437731481481,0.009385996480502978,0.09814814814814798,13.839958023527824,0.03450996611956003,11.364385036623917,2.6645352591003757e-15,0.9348169910595292,0.6519516562483916,2.6645352591003757e-15,0.7091514786418149,0.02232653862825454,0.002576728924824856,103.40615361655983,0.03997682456994511,0.7842812581679027,0.07139964707652777,0.08603783842445231,5.35552811723833,0.03120368003569296,0.6003559873347841,0.016111055184046874,0.3115480692939959,2.4828165894179177,0.004613838344868559,1.5634713301830927,0.004561735146325241,0.0,1.5778355993404227,0.023368328604247562,14.990556399371712,5.684341886080802e-14,1.2318750233420346,0.01012500347473999,0.0,5.715437731481481,0.009385996480502978,0.09814814814814798,13.839958023527824,0.03450996611956003,11.364385036623917,2.6645352591003757e-15,0.9348169910595292,0.6519516562483916,2.6645352591003757e-15,0.7091514786418149,0.02232653862825454,0.002576728924824856,103.40615361655983,0.03997682456994511,0.7842812581679027,0.07139964707652777,0.08603783842445231,5.35552811723833,0.03120368003569296,0.6003559873347841,0.016111055184046874,0.3115480692939959,2.4828165894179177,0.004613838344868559,1.5634713301830927,0.004561735146325241,0.0,1.5778355993404227,0.023368328604247562,14.990556399371712,5.684341886080802e-14,1.2318750233420346,0.01012500347473999,0.0,5.715437731481481,0.009385996480502978,0.09814814814814798,13.839958023527824,0.03450996611956003,11.364385036623917,2.6645352591003757e-15,0.9348169910595292,0.6519516562483916,2.6645352591003757e-15,0.7091514786418149,0.02232653862825454,0.002576728924824856,103.40615361655983,0.03997682456994511,0.7842812581679027,0.07139964707652777,0.08603783842445231,5.35552811723833,0.03120368003569296,0.6003559873347841,0.016111055184046874,0.3115480692939959,2.4828165894179177,0.004613838344868559,1.5634713301830927,0.004561735146325241,0.0,1.5778355993404227,0.023368328604247562,430.0958462943783,1.1368683772161603e-13,37.75561612698371,4.389209574130826,0.0,2.0131931111111174,0.3835297001259375,0.41026805555555584,25.445407850861255,0.0,6.8220637571593405,3.552713678800501e-15,0.5967269430750424,4.373507521450631,0.0,3.966663863083595,0.20556565896431458,0.9349243160092032,81.30075085517238,0.0,0.4498737776407981,0.18019880195081575,0.009301366472925107,6.573623925281975,0.0,6.862625636110908,0.15095149649284323,0.41725719808769196,2.8693342833447026,0.0,3.337667022322654,0.16098915412107886,0.020833333333333356,0.5675083383548881,0.0,0.0,0.0,0.0,0.0,0.0,0.0,0.0,0.0,0.0,0.0,0.0,0.0,0.0,0.0,0.0,0.0,0.0,0.0,0.0,0.0,0.0,0.0,0.0,0.0,0.0,0.0,0.0,0.0,0.0,0.0,0.0,0.0,0.0,0.0,0.0
19,20,G,0.0,4.937811239316241,0.6168812763321483,0.0,3.470721,0.4627256517495886,0.0,3.470721,0.4627256517495886,0.5,1.8333325,2.408075576890715,0.0,0.0,0.0,14.990556399371712,5.684341886080802e-14,1.2318750233420346,0.01012500347473999,0.0,5.976200694444444,0.0009341095729978877,0.09814814814814798,39.328486174007836,0.03450996611956003,11.364385036623917,2.6645352591003757e-15,0.9348169910595292,0.6519516562483916,2.6645352591003757e-15,0.6767234553384869,0.0216332576715261,0.04241464864728284,9.505268794581458,0.026031267811783165,0.783625025987788,0.06691417079371026,0.02196237465198507,16.795683905121614,0.022329834016972583,0.36233228540833284,0.021369577570296422,0.2031487959868517,1.7125780395321635,0.004613838344868559,1.651717973969001,0.007679271950076949,0.020833333333333315,2.73312328380361,0.023368328604247562,14.990556399371712,5.684341886080802e-14,1.2318750233420346,0.01012500347473999,0.0,5.976200694444444,0.0009341095729978877,0.09814814814814798,39.328486174007836,0.03450996611956003,11.364385036623917,2.6645352591003757e-15,0.9348169910595292,0.6519516562483916,2.6645352591003757e-15,0.6767234553384869,0.0216332576715261,0.04241464864728284,9.505268794581458,0.026031267811783165,0.783625025987788,0.06691417079371026,0.02196237465198507,16.795683905121614,0.022329834016972583,0.36233228540833284,0.021369577570296422,0.2031487959868517,1.7125780395321635,0.004613838344868559,1.651717973969001,0.007679271950076949,0.020833333333333315,2.73312328380361,0.023368328604247562,14.990556399371712,5.684341886080802e-14,1.2318750233420346,0.01012500347473999,0.0,5.976200694444444,0.0009341095729978877,0.09814814814814798,39.328486174007836,0.03450996611956003,11.364385036623917,2.6645352591003757e-15,0.9348169910595292,0.6519516562483916,2.6645352591003757e-15,0.6767234553384869,0.0216332576715261,0.04241464864728284,9.505268794581458,0.026031267811783165,0.783625025987788,0.06691417079371026,0.02196237465198507,16.795683905121614,0.022329834016972583,0.36233228540833284,0.021369577570296422,0.2031487959868517,1.7125780395321635,0.004613838344868559,1.651717973969001,0.007679271950076949,0.020833333333333315,2.73312328380361,0.023368328604247562,14.990556399371712,5.684341886080802e-14,1.2318750233420346,0.01012500347473999,0.0,5.976200694444444,0.0009341095729978877,0.09814814814814798,39.328486174007836,0.03450996611956003,11.364385036623917,2.6645352591003757e-15,0.9348169910595292,0.6519516562483916,2.6645352591003757e-15,0.6767234553384869,0.0216332576715261,0.04241464864728284,9.505268794581458,0.026031267811783165,0.783625025987788,0.06691417079371026,0.02196237465198507,16.795683905121614,0.022329834016972583,0.36233228540833284,0.021369577570296422,0.2031487959868517,1.7125780395321635,0.004613838344868559,1.651717973969001,0.007679271950076949,0.020833333333333315,2.73312328380361,0.023368328604247562,430.0958462943783,1.1368683772161603e-13,37.75561612698371,4.389209574130826,0.0,2.0131931111111174,0.3835297001259375,0.41026805555555584,64.88918880740673,0.0,6.8220637571593405,3.552713678800501e-15,0.5967269430750424,4.373507521450631,0.0,3.966663863083595,0.20556565896431458,0.9828392820857772,28.708011296111295,0.0,0.4498737776407981,0.18019880195081575,0.05809392734975879,3.909468336544062,0.0,6.862625636110908,0.15095149649284323,0.4849497191258479,2.5040470431225423,0.0,3.337667022322654,0.16098915412107886,0.15901147483509773,1.9772277266037577,0.0,0.0,0.0,0.0,0.0,0.0,0.0,0.0,0.0,0.0,0.0,0.0,0.0,0.0,0.0,0.0,0.0,0.0,0.0,0.0,0.0,0.0,0.0,0.0,0.0,0.0,0.0,0.0,0.0,0.0,0.0,0.0,0.0,0.0,0.0,0.0
20,21,G,0.0,4.0992189615384635,0.48082820289200123,0.0,3.470721,0.4627256517495886,0.0,3.470721,0.4627256517495886,0.5,1.8333325,2.408075576890715,0.0,0.0,0.0,14.990556399371712,5.684341886080802e-14,1.2318750233420346,0.01012500347473999,0.0,5.928978472222221,0.004817304923345145,0.6137297453703702,0.058990561172162614,0.03450996611956003,11.364385036623917,2.6645352591003757e-15,0.9348169910595292,0.6519516562483916,2.6645352591003757e-15,0.7323117783329278,0.023399875268377057,0.010990546821567249,95.60821215871309,0.026031267811783165,0.6337529529999275,0.07018680753398143,0.08550915372757291,44.041399551356164,0.044676918957698264,0.0667408714038853,0.029042846140025225,0.1850781226030036,1.05044968931543,0.004613838344868559,1.6447690263961345,0.007584143877583133,0.22383664449613908,17.02437403237766,0.023368328604247562,14.990556399371712,5.684341886080802e-14,1.2318750233420346,0.01012500347473999,0.0,5.928978472222221,0.004817304923345145,0.6137297453703702,0.058990561172162614,0.03450996611956003,11.364385036623917,2.6645352591003757e-15,0.9348169910595292,0.6519516562483916,2.6645352591003757e-15,0.7323117783329278,0.023399875268377057,0.010990546821567249,95.60821215871309,0.026031267811783165,0.6337529529999275,0.07018680753398143,0.08550915372757291,44.041399551356164,0.044676918957698264,0.0667408714038853,0.029042846140025225,0.1850781226030036,1.05044968931543,0.004613838344868559,1.6447690263961345,0.007584143877583133,0.22383664449613908,17.02437403237766,0.023368328604247562,14.990556399371712,5.684341886080802e-14,1.2318750233420346,0.01012500347473999,0.0,5.928978472222221,0.004817304923345145,0.6137297453703702,0.058990561172162614,0.03450996611956003,11.364385036623917,2.6645352591003757e-15,0.9348169910595292,0.6519516562483916,2.6645352591003757e-15,0.7323117783329278,0.023399875268377057,0.010990546821567249,95.60821215871309,0.026031267811783165,0.6337529529999275,0.07018680753398143,0.08550915372757291,44.041399551356164,0.044676918957698264,0.0667408714038853,0.029042846140025225,0.1850781226030036,1.05044968931543,0.004613838344868559,1.6447690263961345,0.007584143877583133,0.22383664449613908,17.02437403237766,0.023368328604247562,14.990556399371712,5.684341886080802e-14,1.2318750233420346,0.01012500347473999,0.0,5.928978472222221,0.004817304923345145,0.6137297453703702,0.058990561172162614,0.03450996611956003,11.364385036623917,2.6645352591003757e-15,0.9348169910595292,0.6519516562483916,2.6645352591003757e-15,0.7323117783329278,0.023399875268377057,0.010990546821567249,95.60821215871309,0.026031267811783165,0.6337529529999275,0.07018680753398143,0.08550915372757291,44.041399551356164,0.044676918957698264,0.0667408714038853,0.029042846140025225,0.1850781226030036,1.05044968931543,0.004613838344868559,1.6447690263961345,0.007584143877583133,0.22383664449613908,17.02437403237766,0.023368328604247562,430.0958462943783,1.1368683772161603e-13,37.75561612698371,4.389209574130826,0.0,2.0131931111111174,0.3835297001259375,0.498474484953704,25.008366033207295,0.0,6.8220637571593405,3.552713678800501e-15,0.5967269430750424,4.373507521450631,0.0,3.966663863083595,0.20556565896431458,0.27186838976955424,34.899071026999884,0.0,0.4498737776407981,0.18019880195081575,0.11817193783575164,36.9819893764037,0.0,6.862625636110908,0.15095149649284323,0.6905938785841038,3.0025603677376314,0.0,3.337667022322654,0.16098915412107886,0.47058581639352964,7.465440304395365,0.0,0.0,0.0,0.0,0.0,0.0,0.0,0.0,0.0,0.0,0.0,0.0,0.0,0.0,0.0,0.0,0.0,0.0,0.0,0.0,0.0,0.0,0.0,0.0,0.0,0.0,0.0,0.0,0.0,0.0,0.0,0.0,0.0,0.0,0.0,0.0
21,22,T,0.0,4.397663896103895,0.5177617061117135,0.0,3.182239166666667,0.3823905762036175,0.0,3.182239166666667,0.3823905762036175,0.5,1.8333325,2.408075576890715,0.0,0.0,0.0,14.990556399371712,5.684341886080802e-14,1.2318750233420346,0.01012500347473999,0.0,5.789163657407407,0.010495952613691906,0.8293667824074074,26.85498534916622,0.03450996611956003,11.364385036623917,2.6645352591003757e-15,0.9348169910595292,0.6519516562483916,2.6645352591003757e-15,0.801976614677951,0.025102902155723805,0.10471810556465724,80.53714221895554,0.026031267811783165,0.46859809181109957,0.07539116691983166,0.0839842444065502,92.54656692439445,0.054749322855366434,0.04739702124316203,0.0294887635525497,0.14511101433267803,0.952016990823279,0.004613838344868559,1.775672274965433,0.013038551410968158,0.2960725227594053,3.4737754640846923,0.023368328604247562,14.990556399371712,5.684341886080802e-14,1.2318750233420346,0.01012500347473999,0.0,5.789163657407407,0.010495952613691906,0.8293667824074074,26.85498534916622,0.03450996611956003,11.364385036623917,2.6645352591003757e-15,0.9348169910595292,0.6519516562483916,2.6645352591003757e-15,0.801976614677951,0.025102902155723805,0.10471810556465724,80.53714221895554,0.026031267811783165,0.46859809181109957,0.07539116691983166,0.0839842444065502,92.54656692439445,0.054749322855366434,0.04739702124316203,0.0294887635525497,0.14511101433267803,0.952016990823279,0.004613838344868559,1.775672274965433,0.013038551410968158,0.2960725227594053,3.4737754640846923,0.023368328604247562,14.990556399371712,5.684341886080802e-14,1.2318750233420346,0.01012500347473999,0.0,5.789163657407407,0.010495952613691906,0.8293667824074074,26.85498534916622,0.03450996611956003,11.364385036623917,2.6645352591003757e-15,0.9348169910595292,0.6519516562483916,2.6645352591003757e-15,0.801976614677951,0.025102902155723805,0.10471810556465724,80.53714221895554,0.026031267811783165,0.46859809181109957,0.07539116691983166,0.0839842444065502,92.54656692439445,0.054749322855366434,0.04739702124316203,0.0294887635525497,0.14511101433267803,0.952016990823279,0.004613838344868559,1.775672274965433,0.013038551410968158,0.2960725227594053,3.4737754640846923,0.023368328604247562,14.990556399371712,5.684341886080802e-14,1.2318750233420346,0.01012500347473999,0.0,5.789163657407407,0.010495952613691906,0.8293667824074074,26.85498534916622,0.03450996611956003,11.364385036623917,2.6645352591003757e-15,0.9348169910595292,0.6519516562483916,2.6645352591003757e-15,0.801976614677951,0.025102902155723805,0.10471810556465724,80.53714221895554,0.026031267811783165,0.46859809181109957,0.07539116691983166,0.0839842444065502,92.54656692439445,0.054749322855366434,0.04739702124316203,0.0294887635525497,0.14511101433267803,0.952016990823279,0.004613838344868559,1.775672274965433,0.013038551410968158,0.2960725227594053,3.4737754640846923,0.023368328604247562,430.0958462943783,1.1368683772161603e-13,37.75561612698371,4.389209574130826,0.0,2.0131931111111174,0.3835297001259375,0.31823017013888916,13.868806307140575,0.0,6.8220637571593405,3.552713678800501e-15,0.5967269430750424,4.373507521450631,0.0,3.966663863083595,0.20556565896431458,0.32408423430574035,15.476960372722402,0.0,0.4498737776407981,0.18019880195081575,0.3298891813515798,55.4413018690008,0.0,6.862625636110908,0.15095149649284323,0.9250718840015525,4.770170574665672,0.0,3.337667022322654,0.16098915412107886,0.25130000292434734,3.9129631422558506,0.0,0.0,0.0,0.0,0.0,0.0,0.0,0.0,0.0,0.0,0.0,0.0,0.0,0.0,0.0,0.0,0.0,0.0,0.0,0.0,0.0,0.0,0.0,0.0,0.0,0.0,0.0,0.0,0.0,0.0,0.0,0.0,0.0,0.0,0.0,0.0
22,23,G,0.0,4.024797916666665,0.44586225751744313,0.0,3.182239166666667,0.3823905762036175,0.0,3.182239166666667,0.3823905762036175,0.5,1.8333325,2.408075576890715,0.0,0.0,0.0,14.990556399371712,5.684341886080802e-14,1.2318750233420346,0.01012500347473999,0.0,5.784904398148147,0.009479883031463465,0.31378518518518517,12.892267381567077,0.03450996611956003,11.364385036623917,2.6645352591003757e-15,0.9348169910595292,0.6519516562483916,2.6645352591003757e-15,0.6897170941129915,0.021554340939617916,0.11160848226954694,45.968597514058665,0.026031267811783165,0.5361105577465999,0.07156486135492954,0.0037375988497014845,64.3257420706482,0.054749322855366434,0.1168560324231187,0.027759437294437528,0.004484790736517863,0.024787646879878,0.004613838344868559,1.9213561458543784,0.017412835703246865,0.07490252912722273,6.9621629717039895,0.01517896216395953,14.990556399371712,5.684341886080802e-14,1.2318750233420346,0.01012500347473999,0.0,5.784904398148147,0.009479883031463465,0.31378518518518517,12.892267381567077,0.03450996611956003,11.364385036623917,2.6645352591003757e-15,0.9348169910595292,0.6519516562483916,2.6645352591003757e-15,0.6897170941129915,0.021554340939617916,0.11160848226954694,45.968597514058665,0.026031267811783165,0.5361105577465999,0.07156486135492954,0.0037375988497014845,64.3257420706482,0.054749322855366434,0.1168560324231187,0.027759437294437528,0.004484790736517863,0.024787646879878,0.004613838344868559,1.9213561458543784,0.017412835703246865,0.07490252912722273,6.9621629717039895,0.01517896216395953,14.990556399371712,5.684341886080802e-14,1.2318750233420346,0.01012500347473999,0.0,5.784904398148147,0.009479883031463465,0.31378518518518517,12.892267381567077,0.03450996611956003,11.364385036623917,2.6645352591003757e-15,0.9348169910595292,0.6519516562483916,2.6645352591003757e-15,0.6897170941129915,0.021554340939617916,0.11160848226954694,45.968597514058665,0.026031267811783165,0.5361105577465999,0.07156486135492954,0.0037375988497014845,64.3257420706482,0.054749322855366434,0.1168560324231187,0.027759437294437528,0.004484790736517863,0.024787646879878,0.004613838344868559,1.9213561458543784,0.017412835703246865,0.07490252912722273,6.9621629717039895,0.01517896216395953,14.990556399371712,5.684341886080802e-14,1.2318750233420346,0.01012500347473999,0.0,5.784904398148147,0.009479883031463465,0.31378518518518517,12.892267381567077,0.03450996611956003,11.364385036623917,2.6645352591003757e-15,0.9348169910595292,0.6519516562483916,2.6645352591003757e-15,0.6897170941129915,0.021554340939617916,0.11160848226954694,45.968597514058665,0.026031267811783165,0.5361105577465999,0.07156486135492954,0.0037375988497014845,64.3257420706482,0.054749322855366434,0.1168560324231187,0.027759437294437528,0.004484790736517863,0.024787646879878,0.004613838344868559,1.9213561458543784,0.017412835703246865,0.07490252912722273,6.9621629717039895,0.01517896216395953,430.0958462943783,1.1368683772161603e-13,37.75561612698371,4.389209574130826,0.0,2.0131931111111174,0.3835297001259375,0.2678126296296299,27.428279824651153,0.0,6.8220637571593405,3.552713678800501e-15,0.5967269430750424,4.373507521450631,0.0,3.966663863083595,0.20556565896431458,0.13806511017475345,1.745441082889337,0.0,0.4498737776407981,0.18019880195081575,0.26787939219546114,27.99265621176515,0.0,6.862625636110908,0.15095149649284323,0.5733064878699025,3.1337228432262623,0.0,3.337667022322654,0.16098915412107886,0.056872652516491234,1.2001664751715342,0.0,0.0,0.0,0.0,0.0,0.0,0.0,0.0,0.0,0.0,0.0,0.0,0.0,0.0,0.0,0.0,0.0,0.0,0.0,0.0,0.0,0.0,0.0,0.0,0.0,0.0,0.0,0.0,0.0,0.0,0.0,0.0,0.0,0.0,0.0,0.0
23,24,A,0.0,3.708739583333333,0.36072104260630933,0.0,2.9463310000000007,0.32719972849428336,0.0,2.9463310000000007,0.32719972849428336,0.5,1.593495,2.487392820601279,0.0,0.0,0.0,14.990556399371712,5.684341886080802e-14,1.2318750233420346,0.01012500347473999,0.0,6.011641435185184,0.0001680574922929834,0.6137297453703702,13.096444529857902,0.03450996611956003,11.364385036623917,2.6645352591003757e-15,0.9348169910595292,0.6519516562483916,2.6645352591003757e-15,0.6361419511400044,0.01998431988197269,0.09821168111306922,33.837590836420326,0.026031267811783165,0.8071760122098112,0.05956112582178791,0.1768008103717575,12.800093769906466,0.054749322855366434,0.09646288414065118,0.027434841023900397,0.05331211110339007,0.3390602094085411,0.004613838344868559,1.9982628908867486,0.022237374517401737,0.1583039577979956,26.92929490666297,0.01517896216395953,14.990556399371712,5.684341886080802e-14,1.2318750233420346,0.01012500347473999,0.0,6.011641435185184,0.0001680574922929834,0.6137297453703702,13.096444529857902,0.03450996611956003,11.364385036623917,2.6645352591003757e-15,0.9348169910595292,0.6519516562483916,2.6645352591003757e-15,0.6361419511400044,0.01998431988197269,0.09821168111306922,33.837590836420326,0.026031267811783165,0.8071760122098112,0.05956112582178791,0.1768008103717575,12.800093769906466,0.054749322855366434,0.09646288414065118,0.027434841023900397,0.05331211110339007,0.3390602094085411,0.004613838344868559,1.9982628908867486,0.022237374517401737,0.1583039577979956,26.92929490666297,0.01517896216395953,14.990556399371712,5.684341886080802e-14,1.2318750233420346,0.01012500347473999,0.0,6.011641435185184,0.0001680574922929834,0.6137297453703702,13.096444529857902,0.03450996611956003,11.364385036623917,2.6645352591003757e-15,0.9348169910595292,0.6519516562483916,2.6645352591003757e-15,0.6361419511400044,0.01998431988197269,0.09821168111306922,33.837590836420326,0.026031267811783165,0.8071760122098112,0.05956112582178791,0.1768008103717575,12.800093769906466,0.054749322855366434,0.09646288414065118,0.027434841023900397,0.05331211110339007,0.3390602094085411,0.004613838344868559,1.9982628908867486,0.022237374517401737,0.1583039577979956,26.92929490666297,0.01517896216395953,14.990556399371712,5.684341886080802e-14,1.2318750233420346,0.01012500347473999,0.0,6.011641435185184,0.0001680574922929834,0.6137297453703702,13.096444529857902,0.03450996611956003,11.364385036623917,2.6645352591003757e-15,0.9348169910595292,0.6519516562483916,2.6645352591003757e-15,0.6361419511400044,0.01998431988197269,0.09821168111306922,33.837590836420326,0.026031267811783165,0.8071760122098112,0.05956112582178791,0.1768008103717575,12.800093769906466,0.054749322855366434,0.09646288414065118,0.027434841023900397,0.05331211110339007,0.3390602094085411,0.004613838344868559,1.9982628908867486,0.022237374517401737,0.1583039577979956,26.92929490666297,0.01517896216395953,430.0958462943783,1.1368683772161603e-13,37.75561612698371,4.389209574130826,0.0,1.83792773333334,0.39034128586346634,0.498474484953704,9.566316055150958,0.0,6.82206375715934,3.552713678800501e-15,0.5967269430750424,4.373507521450631,0.0,4.014554877161165,0.20414275548429583,0.3530689457614817,3.1926767797675453,0.0,0.5732478551293305,0.18728517479839374,0.15988863368213066,8.013860162801743,0.0,7.082097303964889,0.15793137301840376,0.7393607492988011,4.166426621650365,0.0,3.3235206144455502,0.16039571591376706,0.3802920209077902,5.149302812267922,0.0,0.0,0.0,0.0,0.0,0.0,0.0,0.0,0.0,0.0,0.0,0.0,0.0,0.0,0.0,0.0,0.0,0.0,0.0,0.0,0.0,0.0,0.0,0.0,0.0,0.0,0.0,0.0,0.0,0.0,0.0,0.0,0.0,0.0,0.0,0.0
24,25,C,0.0,3.617038958333331,0.3344469318144283,0.0,3.3709262500000006,0.43123201610908235,0.0,3.3709262500000006,0.43123201610908235,0.5,1.593495,2.487392820601279,0.0,0.0,0.0,14.990556399371712,5.684341886080802e-14,1.2318750233420346,0.01012500347473999,0.0,6.089193518518519,0.004306160868485953,0.8293667824074074,33.182740359316945,0.03450996611956003,11.364385036623917,2.6645352591003757e-15,0.9348169910595292,0.6519516562483916,2.6645352591003757e-15,0.6874381714610109,0.021540544280869517,0.07811219548331352,4.05335803488071,0.026031267811783165,0.786865426663051,0.0600036737145222,0.17306985569484898,6.843557024906697,0.054749322855366434,0.133937810327172,0.03410190083121675,0.21036869992071305,1.3716562697689518,0.004613838344868559,1.941405188864726,0.019850773629272594,0.2987323287943863,14.619704266965625,0.01517896216395953,14.990556399371712,5.684341886080802e-14,1.2318750233420346,0.01012500347473999,0.0,6.089193518518519,0.004306160868485953,0.8293667824074074,33.182740359316945,0.03450996611956003,11.364385036623917,2.6645352591003757e-15,0.9348169910595292,0.6519516562483916,2.6645352591003757e-15,0.6874381714610109,0.021540544280869517,0.07811219548331352,4.05335803488071,0.026031267811783165,0.786865426663051,0.0600036737145222,0.17306985569484898,6.843557024906697,0.054749322855366434,0.133937810327172,0.03410190083121675,0.21036869992071305,1.3716562697689518,0.004613838344868559,1.941405188864726,0.019850773629272594,0.2987323287943863,14.619704266965625,0.01517896216395953,14.990556399371712,5.684341886080802e-14,1.2318750233420346,0.01012500347473999,0.0,6.089193518518519,0.004306160868485953,0.8293667824074074,33.182740359316945,0.03450996611956003,11.364385036623917,2.6645352591003757e-15,0.9348169910595292,0.6519516562483916,2.6645352591003757e-15,0.6874381714610109,0.021540544280869517,0.07811219548331352,4.05335803488071,0.026031267811783165,0.786865426663051,0.0600036737145222,0.17306985569484898,6.843557024906697,0.054749322855366434,0.133937810327172,0.03410190083121675,0.21036869992071305,1.3716562697689518,0.004613838344868559,1.941405188864726,0.019850773629272594,0.2987323287943863,14.619704266965625,0.01517896216395953,14.990556399371712,5.684341886080802e-14,1.2318750233420346,0.01012500347473999,0.0,6.089193518518519,0.004306160868485953,0.8293667824074074,33.182740359316945,0.03450996611956003,11.364385036623917,2.6645352591003757e-15,0.9348169910595292,0.6519516562483916,2.6645352591003757e-15,0.6874381714610109,0.021540544280869517,0.07811219548331352,4.05335803488071,0.026031267811783165,0.786865426663051,0.0600036737145222,0.17306985569484898,6.843557024906697,0.054749322855366434,0.133937810327172,0.03410190083121675,0.21036869992071305,1.3716562697689518,0.004613838344868559,1.941405188864726,0.019850773629272594,0.2987323287943863,14.619704266965625,0.01517896216395953,430.09584629437836,1.1368683772161603e-13,37.75561612698371,4.389209574130826,0.0,1.5380707777777827,0.40199504993061014,0.31823017013888916,34.84890478780985,0.0,6.82206375715934,3.552713678800501e-15,0.5967269430750424,4.373507521450631,0.0,3.92310544415437,0.2068598354830686,0.05677143993254513,3.727807117784829,0.0,0.7651084768074139,0.19830528475711157,0.06711628336298874,1.7885621555940754,0.0,6.750380130234495,0.14738174291495681,1.112175428416811,5.895170697366608,0.0,3.21618265696029,0.15589291593656168,0.7472824785479636,10.56680031656913,0.0,0.0,0.0,0.0,0.0,0.0,0.0,0.0,0.0,0.0,0.0,0.0,0.0,0.0,0.0,0.0,0.0,0.0,0.0,0.0,0.0,0.0,0.0,0.0,0.0,0.0,0.0,0.0,0.0,0.0,0.0,0.0,0.0,0.0,0.0,0.0
25,26,G,0.0,3.189601407563023,0.26139481683926824,0.0,3.3709262500000006,0.43123201610908235,0.0,3.3709262500000006,0.43123201610908235,0.5,1.593495,2.487392820601279,0.0,0.0,0.0,14.990556399371712,5.684341886080802e-14,1.2318750233420346,0.01012500347473999,0.0,6.086067592592592,0.005197035295240127,0.8293667824074074,17.42912053616989,0.03450996611956003,11.364385036623917,2.6645352591003757e-15,0.9348169910595292,0.6519516562483916,2.6645352591003757e-15,0.7444225706622403,0.023035118248382447,0.07445294917452461,21.233893268288604,0.026031267811783165,0.8573292458289946,0.054689012446039575,0.0817504972573075,1.559751743720902,0.054749322855366434,0.45732037436356165,0.0429473220861592,0.22455464987726081,1.0548335985020607,0.004613838344868559,1.8553824700599557,0.01788692699109254,0.33819421718680454,11.249739565750769,0.01517896216395953,14.990556399371712,5.684341886080802e-14,1.2318750233420346,0.01012500347473999,0.0,6.086067592592592,0.005197035295240127,0.8293667824074074,17.42912053616989,0.03450996611956003,11.364385036623917,2.6645352591003757e-15,0.9348169910595292,0.6519516562483916,2.6645352591003757e-15,0.7444225706622403,0.023035118248382447,0.07445294917452461,21.233893268288604,0.026031267811783165,0.8573292458289946,0.054689012446039575,0.0817504972573075,1.559751743720902,0.054749322855366434,0.45732037436356165,0.0429473220861592,0.22455464987726081,1.0548335985020607,0.004613838344868559,1.8553824700599557,0.01788692699109254,0.33819421718680454,11.249739565750769,0.01517896216395953,14.990556399371712,5.684341886080802e-14,1.2318750233420346,0.01012500347473999,0.0,6.086067592592592,0.005197035295240127,0.8293667824074074,17.42912053616989,0.03450996611956003,11.364385036623917,2.6645352591003757e-15,0.9348169910595292,0.6519516562483916,2.6645352591003757e-15,0.7444225706622403,0.023035118248382447,0.07445294917452461,21.233893268288604,0.026031267811783165,0.8573292458289946,0.054689012446039575,0.0817504972573075,1.559751743720902,0.054749322855366434,0.45732037436356165,0.0429473220861592,0.22455464987726081,1.0548335985020607,0.004613838344868559,1.8553824700599557,0.01788692699109254,0.33819421718680454,11.249739565750769,0.01517896216395953,14.990556399371712,5.684341886080802e-14,1.2318750233420346,0.01012500347473999,0.0,6.086067592592592,0.005197035295240127,0.8293667824074074,17.42912053616989,0.03450996611956003,11.364385036623917,2.6645352591003757e-15,0.9348169910595292,0.6519516562483916,2.6645352591003757e-15,0.7444225706622403,0.023035118248382447,0.07445294917452461,21.233893268288604,0.026031267811783165,0.8573292458289946,0.054689012446039575,0.0817504972573075,1.559751743720902,0.054749322855366434,0.45732037436356165,0.0429473220861592,0.22455464987726081,1.0548335985020607,0.004613838344868559,1.8553824700599557,0.01788692699109254,0.33819421718680454,11.249739565750769,0.01517896216395953,430.09584629437836,1.1368683772161603e-13,37.75561612698371,4.389209574130826,0.0,2.072311259259261,0.38123210809800373,0.3560190590277781,3.327902136181512,0.0,6.822063757159339,3.552713678800501e-15,0.5967269430750424,4.373507521450631,0.0,3.7334017762394858,0.21249617487674266,0.009198217151698995,6.687097639328933,0.0,1.4379437370882933,0.2369516650697884,0.1947254664397866,31.61507567245268,0.0,7.108802077886121,0.15878066726415227,1.0573358049500665,6.072621310028143,0.0,3.1581639156005146,0.1534590445140674,0.6426160640389296,12.90007788299205,0.0,0.0,0.0,0.0,0.0,0.0,0.0,0.0,0.0,0.0,0.0,0.0,0.0,0.0,0.0,0.0,0.0,0.0,0.0,0.0,0.0,0.0,0.0,0.0,0.0,0.0,0.0,0.0,0.0,0.0,0.0,0.0,0.0,0.0,0.0,0.0
26,27,T,0.0,3.0813121218487414,0.24246342540680077,0.0,3.3709262500000006,0.43123201610908235,0.0,3.3709262500000006,0.43123201610908235,0.5,1.593495,2.487392820601279,0.0,0.0,0.0,14.990556399371712,5.684341886080802e-14,1.2318750233420346,0.01012500347473999,0.0,6.074400925925925,0.0049927063522209325,0.8293667824074074,9.069498163038027,0.03450996611956003,11.364385036623917,2.6645352591003757e-15,0.9348169910595292,0.6519516562483916,2.6645352591003757e-15,0.6904463404694248,0.02097815871140371,0.10471810556465724,13.932894834242015,0.026031267811783165,0.7916084760139485,0.05876818123179242,0.0839842444065502,29.61648230127842,0.054749322855366434,0.5195426152785387,0.045734265201884006,0.14511101433267803,0.39787197464972834,0.004613838344868559,1.7845523553847011,0.014427676827825031,0.2960725227594053,11.81734547041984,0.01517896216395953,14.990556399371712,5.684341886080802e-14,1.2318750233420346,0.01012500347473999,0.0,6.074400925925925,0.0049927063522209325,0.8293667824074074,9.069498163038027,0.03450996611956003,11.364385036623917,2.6645352591003757e-15,0.9348169910595292,0.6519516562483916,2.6645352591003757e-15,0.6904463404694248,0.02097815871140371,0.10471810556465724,13.932894834242015,0.026031267811783165,0.7916084760139485,0.05876818123179242,0.0839842444065502,29.61648230127842,0.054749322855366434,0.5195426152785387,0.045734265201884006,0.14511101433267803,0.39787197464972834,0.004613838344868559,1.7845523553847011,0.014427676827825031,0.2960725227594053,11.81734547041984,0.01517896216395953,14.990556399371712,5.684341886080802e-14,1.2318750233420346,0.01012500347473999,0.0,6.074400925925925,0.0049927063522209325,0.8293667824074074,9.069498163038027,0.03450996611956003,11.364385036623917,2.6645352591003757e-15,0.9348169910595292,0.6519516562483916,2.6645352591003757e-15,0.6904463404694248,0.02097815871140371,0.10471810556465724,13.932894834242015,0.026031267811783165,0.7916084760139485,0.05876818123179242,0.0839842444065502,29.61648230127842,0.054749322855366434,0.5195426152785387,0.045734265201884006,0.14511101433267803,0.39787197464972834,0.004613838344868559,1.7845523553847011,0.014427676827825031,0.2960725227594053,11.81734547041984,0.01517896216395953,14.990556399371712,5.684341886080802e-14,1.2318750233420346,0.01012500347473999,0.0,6.074400925925925,0.0049927063522209325,0.8293667824074074,9.069498163038027,0.03450996611956003,11.364385036623917,2.6645352591003757e-15,0.9348169910595292,0.6519516562483916,2.6645352591003757e-15,0.6904463404694248,0.02097815871140371,0.10471810556465724,13.932894834242015,0.026031267811783165,0.7916084760139485,0.05876818123179242,0.0839842444065502,29.61648230127842,0.054749322855366434,0.5195426152785387,0.045734265201884006,0.14511101433267803,0.39787197464972834,0.004613838344868559,1.7845523553847011,0.014427676827825031,0.2960725227594053,11.81734547041984,0.01517896216395953,430.09584629437836,1.1368683772161603e-13,37.75561612698371,4.389209574130826,0.0,2.105271333333335,0.3799511342210324,0.31823017013888916,3.650269207058352,0.0,6.82206375715934,3.552713678800501e-15,0.5967269430750424,4.373507521450631,0.0,3.677456876926816,0.21415836962150964,0.32408423430574035,4.047879311208539,0.0,2.2593691629316774,0.284132782469007,0.3298891813515798,53.06489749066652,0.0,7.401002393288383,0.16807353928804636,0.9250718840015525,5.799508514395648,0.0,3.8194913698402737,0.18120156277732957,0.25130000292434734,5.876397085499032,0.0,0.0,0.0,0.0,0.0,0.0,0.0,0.0,0.0,0.0,0.0,0.0,0.0,0.0,0.0,0.0,0.0,0.0,0.0,0.0,0.0,0.0,0.0,0.0,0.0,0.0,0.0,0.0,0.0,0.0,0.0,0.0,0.0,0.0,0.0,0.0
27,28,G,0.0,3.0813121218487414,0.24246342540680077,0.0,3.3709262500000006,0.43123201610908235,0.0,3.3709262500000006,0.43123201610908235,0.5,1.593495,2.487392820601279,0.0,0.0,0.0,14.990556399371712,5.684341886080802e-14,1.2318750233420346,0.01012500347473999,0.0,6.032156481481481,0.0027236101296104764,0.8293667824074074,4.112417453505586,0.05782861293010816,11.364385036623917,2.6645352591003757e-15,0.9348169910595292,0.6519516562483916,2.6645352591003757e-15,0.5217859417103301,0.015625079869203057,0.08119750299802153,30.19565799331657,0.026031267811783165,0.8386581954171706,0.05860314599104649,0.05359319490621238,12.92419321118143,0.054749322855366434,0.5716765685186562,0.048445262620297025,0.04609111283999767,0.2106672408259742,0.004613838344868559,1.6241134484080535,0.008639477765197884,0.09306921159659953,6.3046240060421805,0.01517896216395953,14.990556399371712,5.684341886080802e-14,1.2318750233420346,0.01012500347473999,0.0,6.032156481481481,0.0027236101296104764,0.8293667824074074,4.112417453505586,0.05782861293010816,11.364385036623917,2.6645352591003757e-15,0.9348169910595292,0.6519516562483916,2.6645352591003757e-15,0.5217859417103301,0.015625079869203057,0.08119750299802153,30.19565799331657,0.026031267811783165,0.8386581954171706,0.05860314599104649,0.05359319490621238,12.92419321118143,0.054749322855366434,0.5716765685186562,0.048445262620297025,0.04609111283999767,0.2106672408259742,0.004613838344868559,1.6241134484080535,0.008639477765197884,0.09306921159659953,6.3046240060421805,0.01517896216395953,14.990556399371712,5.684341886080802e-14,1.2318750233420346,0.01012500347473999,0.0,6.032156481481481,0.0027236101296104764,0.8293667824074074,4.112417453505586,0.05782861293010816,11.364385036623917,2.6645352591003757e-15,0.9348169910595292,0.6519516562483916,2.6645352591003757e-15,0.5217859417103301,0.015625079869203057,0.08119750299802153,30.19565799331657,0.026031267811783165,0.8386581954171706,0.05860314599104649,0.05359319490621238,12.92419321118143,0.054749322855366434,0.5716765685186562,0.048445262620297025,0.04609111283999767,0.2106672408259742,0.004613838344868559,1.6241134484080535,0.008639477765197884,0.09306921159659953,6.3046240060421805,0.01517896216395953,14.990556399371712,5.684341886080802e-14,1.2318750233420346,0.01012500347473999,0.0,6.032156481481481,0.0027236101296104764,0.8293667824074074,4.112417453505586,0.05782861293010816,11.364385036623917,2.6645352591003757e-15,0.9348169910595292,0.6519516562483916,2.6645352591003757e-15,0.5217859417103301,0.015625079869203057,0.08119750299802153,30.19565799331657,0.026031267811783165,0.8386581954171706,0.05860314599104649,0.05359319490621238,12.92419321118143,0.054749322855366434,0.5716765685186562,0.048445262620297025,0.04609111283999767,0.2106672408259742,0.004613838344868559,1.6241134484080535,0.008639477765197884,0.09306921159659953,6.3046240060421805,0.01517896216395953,430.09584629437836,1.1368683772161603e-13,37.75561612698371,4.389209574130826,0.0,2.493866666666669,0.3648486053373203,0.3560190590277781,4.689031954335534,0.0,6.82206375715934,3.552713678800501e-15,0.5967269430750424,4.373507521450631,0.0,4.321755272176172,0.19501543756152265,0.01834532129876047,6.18391259739732,0.0,1.856820289851354,0.26101113923495994,0.16181581550021698,8.82687241656645,0.0,8.300165389609592,0.19666969820023297,0.874178449780875,6.39562409337778,0.0,4.843575906186961,0.22416164823965534,0.03470028060726568,0.14964366431217066,0.0,0.0,0.0,0.0,0.0,0.0,0.0,0.0,0.0,0.0,0.0,0.0,0.0,0.0,0.0,0.0,0.0,0.0,0.0,0.0,0.0,0.0,0.0,0.0,0.0,0.0,0.0,0.0,0.0,0.0,0.0,0.0,0.0,0.0,0.0,0.0
28,29,C,0.0,2.419257941176472,0.10981628361702711,0.0,2.6788600000000002,0.26332440684198777,0.0,2.6788600000000002,0.26332440684198777,0.0,0.0,0.0,0.0,0.0,0.0,14.990556399371712,5.684341886080802e-14,1.2318750233420346,0.01012500347473999,0.0,6.01780462962963,0.0014776618858109991,0.6220630787037034,13.832696605987278,0.05782861293010816,11.364385036623917,2.6645352591003757e-15,0.9348169910595292,0.6519516562483916,2.6645352591003757e-15,0.4310301344249958,0.012718907268285728,0.020810472368801403,48.881925735169474,0.026031267811783165,0.7988231769249166,0.06335615163375963,0.041666666666666644,21.202719863080677,0.054749322855366434,0.5123953330422557,0.04822495415473335,0.3867451582381285,3.8983430020796876,0.004613838344868559,1.431295002312587,0.00014934490277934698,0.0,1.2740122375010574,0.01517896216395953,14.990556399371712,5.684341886080802e-14,1.2318750233420346,0.01012500347473999,0.0,6.01780462962963,0.0014776618858109991,0.6220630787037034,13.832696605987278,0.05782861293010816,11.364385036623917,2.6645352591003757e-15,0.9348169910595292,0.6519516562483916,2.6645352591003757e-15,0.4310301344249958,0.012718907268285728,0.020810472368801403,48.881925735169474,0.026031267811783165,0.7988231769249166,0.06335615163375963,0.041666666666666644,21.202719863080677,0.054749322855366434,0.5123953330422557,0.04822495415473335,0.3867451582381285,3.8983430020796876,0.004613838344868559,1.431295002312587,0.00014934490277934698,0.0,1.2740122375010574,0.01517896216395953,14.990556399371712,5.684341886080802e-14,1.2318750233420346,0.01012500347473999,0.0,6.01780462962963,0.0014776618858109991,0.6220630787037034,13.832696605987278,0.05782861293010816,11.364385036623917,2.6645352591003757e-15,0.9348169910595292,0.6519516562483916,2.6645352591003757e-15,0.4310301344249958,0.012718907268285728,0.020810472368801403,48.881925735169474,0.026031267811783165,0.7988231769249166,0.06335615163375963,0.041666666666666644,21.202719863080677,0.054749322855366434,0.5123953330422557,0.04822495415473335,0.3867451582381285,3.8983430020796876,0.004613838344868559,1.431295002312587,0.00014934490277934698,0.0,1.2740122375010574,0.01517896216395953,14.990556399371712,5.684341886080802e-14,1.2318750233420346,0.01012500347473999,0.0,6.01780462962963,0.0014776618858109991,0.6220630787037034,13.832696605987278,0.05782861293010816,11.364385036623917,2.6645352591003757e-15,0.9348169910595292,0.6519516562483916,2.6645352591003757e-15,0.4310301344249958,0.012718907268285728,0.020810472368801403,48.881925735169474,0.026031267811783165,0.7988231769249166,0.06335615163375963,0.041666666666666644,21.202719863080677,0.054749322855366434,0.5123953330422557,0.04822495415473335,0.3867451582381285,3.8983430020796876,0.004613838344868559,1.431295002312587,0.00014934490277934698,0.0,1.2740122375010574,0.01517896216395953,0.0,0.0,0.0,0.0,0.0,0.0,0.0,0.0,0.0,0.0,0.0,0.0,0.0,0.0,0.0,0.0,0.0,0.0,0.0,0.0,0.0,0.0,0.0,0.0,0.0,0.0,0.0,0.0,0.0,0.0,0.0,0.0,0.0,0.0,0.0,0.0,0.0,0.0,0.0,0.0,0.0,0.0,0.0,0.0,0.0,0.0,0.0,0.0,0.0,0.0,0.0,0.0,0.0,0.0,0.0,0.0,0.0,0.0,0.0,0.0,0.0,0.0,0.0,0.0,0.0,0.0,0.0,0.0,0.0,0.0
29,30,T,0.0,1.9401708235294084,0.020132576174272998,0.0,1.1077399999999997,0.028315428365238482,0.0,1.9634299999999998,0.049135110716400865,0.0,0.0,0.0,0.0,0.0,0.0,14.990556399371712,5.684341886080802e-14,1.2318750233420346,0.01012500347473999,0.0,6.02932662037037,0.0009269838166861555,0.17037037037037006,7.60850007849084,0.05782861293010816,11.364385036623917,2.6645352591003757e-15,0.9348169910595292,0.6519516562483916,2.6645352591003757e-15,0.4310301344249967,0.012612953413051825,0.0015159590489394192,36.02527125718966,0.026031267811783165,0.9141570955834295,0.06026731341718361,0.03469596870367604,45.27304820344539,0.054749322855366434,0.3525327350829919,0.044228124390336465,0.30309032641837036,3.4321643853022974,0.004613838344868559,1.3987678412478373,0.002814010576926651,0.020833333333333322,0.34648334192146035,0.01517896216395953,14.990556399371712,5.684341886080802e-14,1.2318750233420346,0.01012500347473999,0.0,6.02932662037037,0.0009269838166861555,0.17037037037037006,7.60850007849084,0.05782861293010816,11.364385036623917,2.6645352591003757e-15,0.9348169910595292,0.6519516562483916,2.6645352591003757e-15,0.4310301344249967,0.012612953413051825,0.0015159590489394192,36.02527125718966,0.026031267811783165,0.9141570955834295,0.06026731341718361,0.03469596870367604,45.27304820344539,0.054749322855366434,0.3525327350829919,0.044228124390336465,0.30309032641837036,3.4321643853022974,0.004613838344868559,1.3987678412478373,0.002814010576926651,0.020833333333333322,0.34648334192146035,0.01517896216395953,14.990556399371712,5.684341886080802e-14,1.2318750233420346,0.01012500347473999,0.0,6.02932662037037,0.0009269838166861555,0.17037037037037006,7.60850007849084,0.05782861293010816,11.364385036623917,2.6645352591003757e-15,0.9348169910595292,0.6519516562483916,2.6645352591003757e-15,0.4310301344249967,0.012612953413051825,0.0015159590489394192,36.02527125718966,0.026031267811783165,0.9141570955834295,0.06026731341718361,0.03469596870367604,45.27304820344539,0.054749322855366434,0.3525327350829919,0.044228124390336465,0.30309032641837036,3.4321643853022974,0.004613838344868559,1.3987678412478373,0.002814010576926651,0.020833333333333322,0.34648334192146035,0.01517896216395953,14.990556399371712,5.684341886080802e-14,1.2318750233420346,0.01012500347473999,0.0,6.02932662037037,0.0009269838166861555,0.17037037037037006,7.60850007849084,0.05782861293010816,11.364385036623917,2.6645352591003757e-15,0.9348169910595292,0.6519516562483916,2.6645352591003757e-15,0.4310301344249967,0.012612953413051825,0.0015159590489394192,36.02527125718966,0.026031267811783165,0.9141570955834295,0.06026731341718361,0.03469596870367604,45.27304820344539,0.054749322855366434,0.3525327350829919,0.044228124390336465,0.30309032641837036,3.4321643853022974,0.004613838344868559,1.3987678412478373,0.002814010576926651,0.020833333333333322,0.34648334192146035,0.01517896216395953,0.0,0.0,0.0,0.0,0.0,0.0,0.0,0.0,0.0,0.0,0.0,0.0,0.0,0.0,0.0,0.0,0.0,0.0,0.0,0.0,0.0,0.0,0.0,0.0,0.0,0.0,0.0,0.0,0.0,0.0,0.0,0.0,0.0,0.0,0.0,0.0,0.0,0.0,0.0,0.0,0.0,0.0,0.0,0.0,0.0,0.0,0.0,0.0,0.0,0.0,0.0,0.0,0.0,0.0,0.0,0.0,0.0,0.0,0.0,0.0,0.0,0.0,0.0,0.0,0.0,0.0,0.0,0.0,0.0,0.0
30,31,T,0.0,1.5947345138888878,0.023577974251795197,0.0,1.1077399999999997,0.028315428365238482,0.0,1.9634299999999998,0.049135110716400865,0.0,0.0,0.0,0.0,0.0,0.0,14.990556399371712,5.684341886080802e-14,1.2318750233420346,0.01012500347473999,0.0,5.867867361111109,0.004785201222007762,0.37767407407407394,11.600016067070925,0.05782861293010816,11.364385036623917,2.6645352591003757e-15,0.9348169910595292,0.6519516562483916,2.6645352591003757e-15,0.4445560621553222,0.012774776833230805,0.07375784111986372,54.234361522833325,0.026031267811783165,0.9952020645135955,0.05783584389357263,0.04662249694322176,9.546578516562484,0.054749322855366434,0.3250169158910321,0.044605666584850795,0.09919370838527519,0.3135616529207397,0.004613838344868559,1.321286081046362,0.008758929255208658,0.11390254492993286,4.4020849462695155,0.013265686032328527,14.990556399371712,5.684341886080802e-14,1.2318750233420346,0.01012500347473999,0.0,5.867867361111109,0.004785201222007762,0.37767407407407394,11.600016067070925,0.05782861293010816,11.364385036623917,2.6645352591003757e-15,0.9348169910595292,0.6519516562483916,2.6645352591003757e-15,0.4445560621553222,0.012774776833230805,0.07375784111986372,54.234361522833325,0.026031267811783165,0.9952020645135955,0.05783584389357263,0.04662249694322176,9.546578516562484,0.054749322855366434,0.3250169158910321,0.044605666584850795,0.09919370838527519,0.3135616529207397,0.004613838344868559,1.321286081046362,0.008758929255208658,0.11390254492993286,4.4020849462695155,0.013265686032328527,14.990556399371712,5.684341886080802e-14,1.2318750233420346,0.01012500347473999,0.0,5.867867361111109,0.004785201222007762,0.37767407407407394,11.600016067070925,0.05782861293010816,11.364385036623917,2.6645352591003757e-15,0.9348169910595292,0.6519516562483916,2.6645352591003757e-15,0.4445560621553222,0.012774776833230805,0.07375784111986372,54.234361522833325,0.026031267811783165,0.9952020645135955,0.05783584389357263,0.04662249694322176,9.546578516562484,0.054749322855366434,0.3250169158910321,0.044605666584850795,0.09919370838527519,0.3135616529207397,0.004613838344868559,1.321286081046362,0.008758929255208658,0.11390254492993286,4.4020849462695155,0.013265686032328527,14.990556399371712,5.684341886080802e-14,1.2318750233420346,0.01012500347473999,0.0,5.867867361111109,0.004785201222007762,0.37767407407407394,11.600016067070925,0.05782861293010816,11.364385036623917,2.6645352591003757e-15,0.9348169910595292,0.6519516562483916,2.6645352591003757e-15,0.4445560621553222,0.012774776833230805,0.07375784111986372,54.234361522833325,0.026031267811783165,0.9952020645135955,0.05783584389357263,0.04662249694322176,9.546578516562484,0.054749322855366434,0.3250169158910321,0.044605666584850795,0.09919370838527519,0.3135616529207397,0.004613838344868559,1.321286081046362,0.008758929255208658,0.11390254492993286,4.4020849462695155,0.013265686032328527,0.0,0.0,0.0,0.0,0.0,0.0,0.0,0.0,0.0,0.0,0.0,0.0,0.0,0.0,0.0,0.0,0.0,0.0,0.0,0.0,0.0,0.0,0.0,0.0,0.0,0.0,0.0,0.0,0.0,0.0,0.0,0.0,0.0,0.0,0.0,0.0,0.0,0.0,0.0,0.0,0.0,0.0,0.0,0.0,0.0,0.0,0.0,0.0,0.0,0.0,0.0,0.0,0.0,0.0,0.0,0.0,0.0,0.0,0.0,0.0,0.0,0.0,0.0,0.0,0.0,0.0,0.0,0.0,0.0,0.0
31,32,G,0.0,1.5957317956656372,0.012612850386122698,0.0,1.1077399999999997,0.028315428365238482,0.0,1.9634299999999998,0.049135110716400865,0.0,0.0,0.0,0.0,0.0,0.0,14.990556399371712,5.684341886080802e-14,1.2318750233420346,0.01012500347473999,0.0,5.595645138888888,0.013983566327943509,0.31378518518518517,23.960759614287586,0.05782861293010816,11.364385036623917,2.6645352591003757e-15,0.9348169910595292,0.6519516562483916,2.6645352591003757e-15,0.4741317213070597,0.013295766938187875,0.022961165902249947,48.85684733154487,0.026031267811783165,1.0666080169548238,0.05485177722190296,0.00638041255639582,46.620780997138525,0.054749322855366434,0.31080466340859125,0.04562080845143715,0.15764735106860683,1.234345961114415,0.004613838344868559,1.2421521356326626,0.013625804096129596,0.11390254492993289,4.177555281003042,0.013265686032328527,14.990556399371712,5.684341886080802e-14,1.2318750233420346,0.01012500347473999,0.0,5.595645138888888,0.013983566327943509,0.31378518518518517,23.960759614287586,0.05782861293010816,11.364385036623917,2.6645352591003757e-15,0.9348169910595292,0.6519516562483916,2.6645352591003757e-15,0.4741317213070597,0.013295766938187875,0.022961165902249947,48.85684733154487,0.026031267811783165,1.0666080169548238,0.05485177722190296,0.00638041255639582,46.620780997138525,0.054749322855366434,0.31080466340859125,0.04562080845143715,0.15764735106860683,1.234345961114415,0.004613838344868559,1.2421521356326626,0.013625804096129596,0.11390254492993289,4.177555281003042,0.013265686032328527,14.990556399371712,5.684341886080802e-14,1.2318750233420346,0.01012500347473999,0.0,5.595645138888888,0.013983566327943509,0.31378518518518517,23.960759614287586,0.05782861293010816,11.364385036623917,2.6645352591003757e-15,0.9348169910595292,0.6519516562483916,2.6645352591003757e-15,0.4741317213070597,0.013295766938187875,0.022961165902249947,48.85684733154487,0.026031267811783165,1.0666080169548238,0.05485177722190296,0.00638041255639582,46.620780997138525,0.054749322855366434,0.31080466340859125,0.04562080845143715,0.15764735106860683,1.234345961114415,0.004613838344868559,1.2421521356326626,0.013625804096129596,0.11390254492993289,4.177555281003042,0.013265686032328527,14.990556399371712,5.684341886080802e-14,1.2318750233420346,0.01012500347473999,0.0,5.595645138888888,0.013983566327943509,0.31378518518518517,23.960759614287586,0.05782861293010816,11.364385036623917,2.6645352591003757e-15,0.9348169910595292,0.6519516562483916,2.6645352591003757e-15,0.4741317213070597,0.013295766938187875,0.022961165902249947,48.85684733154487,0.026031267811783165,1.0666080169548238,0.05485177722190296,0.00638041255639582,46.620780997138525,0.054749322855366434,0.31080466340859125,0.04562080845143715,0.15764735106860683,1.234345961114415,0.004613838344868559,1.2421521356326626,0.013625804096129596,0.11390254492993289,4.177555281003042,0.013265686032328527,0.0,0.0,0.0,0.0,0.0,0.0,0.0,0.0,0.0,0.0,0.0,0.0,0.0,0.0,0.0,0.0,0.0,0.0,0.0,0.0,0.0,0.0,0.0,0.0,0.0,0.0,0.0,0.0,0.0,0.0,0.0,0.0,0.0,0.0,0.0,0.0,0.0,0.0,0.0,0.0,0.0,0.0,0.0,0.0,0.0,0.0,0.0,0.0,0.0,0.0,0.0,0.0,0.0,0.0,0.0,0.0,0.0,0.0,0.0,0.0,0.0,0.0,0.0,0.0,0.0,0.0,0.0,0.0,0.0,0.0
32,33,G,0.0,1.7638862500000005,0.011250371010375515,0.0,1.1077399999999997,0.028315428365238482,0.0,1.9634299999999998,0.049135110716400865,0.0,0.0,0.0,0.0,0.0,0.0,14.990556399371712,5.684341886080802e-14,1.2318750233420346,0.01012500347473999,0.0,5.553978472222221,0.014770955130297858,0.09814814814814798,8.49251960633343,0.05782861293010816,11.364385036623917,2.6645352591003757e-15,0.9348169910595292,0.6519516562483916,2.6645352591003757e-15,0.4768063562462106,0.013368819219543665,0.061676939389142094,244.80468514322735,0.026031267811783165,1.2071352327050333,0.04859334721743799,0.007905321877418534,8.819383299355772,0.054749322855366434,0.30708031101621813,0.04596816748262672,0.19559046134009084,2.3905830760621365,0.004613838344868559,1.2399883848333202,0.01411643719801739,0.04166666666666663,0.7349759903798097,0.013265686032328527,14.990556399371712,5.684341886080802e-14,1.2318750233420346,0.01012500347473999,0.0,5.553978472222221,0.014770955130297858,0.09814814814814798,8.49251960633343,0.05782861293010816,11.364385036623917,2.6645352591003757e-15,0.9348169910595292,0.6519516562483916,2.6645352591003757e-15,0.4768063562462106,0.013368819219543665,0.061676939389142094,244.80468514322735,0.026031267811783165,1.2071352327050333,0.04859334721743799,0.007905321877418534,8.819383299355772,0.054749322855366434,0.30708031101621813,0.04596816748262672,0.19559046134009084,2.3905830760621365,0.004613838344868559,1.2399883848333202,0.01411643719801739,0.04166666666666663,0.7349759903798097,0.013265686032328527,14.990556399371712,5.684341886080802e-14,1.2318750233420346,0.01012500347473999,0.0,5.553978472222221,0.014770955130297858,0.09814814814814798,8.49251960633343,0.05782861293010816,11.364385036623917,2.6645352591003757e-15,0.9348169910595292,0.6519516562483916,2.6645352591003757e-15,0.4768063562462106,0.013368819219543665,0.061676939389142094,244.80468514322735,0.026031267811783165,1.2071352327050333,0.04859334721743799,0.007905321877418534,8.819383299355772,0.054749322855366434,0.30708031101621813,0.04596816748262672,0.19559046134009084,2.3905830760621365,0.004613838344868559,1.2399883848333202,0.01411643719801739,0.04166666666666663,0.7349759903798097,0.013265686032328527,14.990556399371712,5.684341886080802e-14,1.2318750233420346,0.01012500347473999,0.0,5.553978472222221,0.014770955130297858,0.09814814814814798,8.49251960633343,0.05782861293010816,11.364385036623917,2.6645352591003757e-15,0.9348169910595292,0.6519516562483916,2.6645352591003757e-15,0.4768063562462106,0.013368819219543665,0.061676939389142094,244.80468514322735,0.026031267811783165,1.2071352327050333,0.04859334721743799,0.007905321877418534,8.819383299355772,0.054749322855366434,0.30708031101621813,0.04596816748262672,0.19559046134009084,2.3905830760621365,0.004613838344868559,1.2399883848333202,0.01411643719801739,0.04166666666666663,0.7349759903798097,0.013265686032328527,0.0,0.0,0.0,0.0,0.0,0.0,0.0,0.0,0.0,0.0,0.0,0.0,0.0,0.0,0.0,0.0,0.0,0.0,0.0,0.0,0.0,0.0,0.0,0.0,0.0,0.0,0.0,0.0,0.0,0.0,0.0,0.0,0.0,0.0,0.0,0.0,0.0,0.0,0.0,0.0,0.0,0.0,0.0,0.0,0.0,0.0,0.0,0.0,0.0,0.0,0.0,0.0,0.0,0.0,0.0,0.0,0.0,0.0,0.0,0.0,0.0,0.0,0.0,0.0,0.0,0.0,0.0,0.0,0.0,0.0
33,34,G,0.0,1.623861725490194,0.05766842141758988,0.0,3.8780683333333332,0.8215033015110198,0.0,7.845545,1.85674659113994,0.5,1.73577,3.5543241106807635,0.5,1.73577,3.5543241106807635,14.990556399371712,5.684341886080802e-14,1.2318750233420346,0.01012500347473999,0.0,5.657682175925924,0.01147695780207525,0.09814814814814798,21.494006277689394,0.05782861293010816,11.364385036623917,2.6645352591003757e-15,0.9348169910595292,0.6519516562483916,2.6645352591003757e-15,0.45757303281897865,0.013406656526187805,0.061676939389142094,163.88883782115127,0.034714714490672316,1.2086745855296444,0.049467153149945875,0.007905321877418534,12.438534139251896,0.054749322855366434,0.2635906634777916,0.04464708641084986,0.19559046134009084,2.0793354563718744,0.004613838344868559,1.2004726221990552,0.01633164846707591,0.04166666666666663,1.3671931191405244,0.013265686032328527,14.990556399371712,5.684341886080802e-14,1.2318750233420346,0.01012500347473999,0.0,5.657682175925924,0.01147695780207525,0.09814814814814798,21.494006277689394,0.05782861293010816,11.364385036623917,2.6645352591003757e-15,0.9348169910595292,0.6519516562483916,2.6645352591003757e-15,0.45757303281897865,0.013406656526187805,0.061676939389142094,163.88883782115127,0.034714714490672316,1.2086745855296444,0.049467153149945875,0.007905321877418534,12.438534139251896,0.054749322855366434,0.2635906634777916,0.04464708641084986,0.19559046134009084,2.0793354563718744,0.004613838344868559,1.2004726221990552,0.01633164846707591,0.04166666666666663,1.3671931191405244,0.013265686032328527,14.990556399371712,5.684341886080802e-14,1.2318750233420346,0.01012500347473999,0.0,5.657682175925924,0.01147695780207525,0.09814814814814798,21.494006277689394,0.05782861293010816,11.364385036623917,2.6645352591003757e-15,0.9348169910595292,0.6519516562483916,2.6645352591003757e-15,0.45757303281897865,0.013406656526187805,0.061676939389142094,163.88883782115127,0.034714714490672316,1.2086745855296444,0.049467153149945875,0.007905321877418534,12.438534139251896,0.054749322855366434,0.2635906634777916,0.04464708641084986,0.19559046134009084,2.0793354563718744,0.004613838344868559,1.2004726221990552,0.01633164846707591,0.04166666666666663,1.3671931191405244,0.013265686032328527,14.990556399371712,5.684341886080802e-14,1.2318750233420346,0.01012500347473999,0.0,5.657682175925924,0.01147695780207525,0.09814814814814798,21.494006277689394,0.05782861293010816,11.364385036623917,2.6645352591003757e-15,0.9348169910595292,0.6519516562483916,2.6645352591003757e-15,0.45757303281897865,0.013406656526187805,0.061676939389142094,163.88883782115127,0.034714714490672316,1.2086745855296444,0.049467153149945875,0.007905321877418534,12.438534139251896,0.054749322855366434,0.2635906634777916,0.04464708641084986,0.19559046134009084,2.0793354563718744,0.004613838344868559,1.2004726221990552,0.01633164846707591,0.04166666666666663,1.3671931191405244,0.013265686032328527,430.09584629437836,1.1368683772161603e-13,37.75561612698371,4.389209574130826,0.0,4.742940444444447,0.27743967687921145,0.41026805555555584,5.481151289946582,0.27743967687921145,6.82206375715934,3.552713678800501e-15,0.5967269430750424,4.373507521450631,3.552713678800501e-15,2.164205294350812,0.3877216485101442,1.0972243569228457,18.494584673006234,0.3877216485101442,0.7561655940073109,0.1977916225426191,0.05999693504752707,15.265607792063738,0.1977916225426191,7.176338436514051,0.1609285319467251,0.3405415838363266,0.05204791824086463,0.1609285319467251,3.5516656476093864,0.16996634194576246,0.31802294967019545,3.83721304740307,0.16996634194576246,430.09584629437836,1.1368683772161603e-13,37.75561612698371,4.389209574130826,0.0,4.742940444444447,0.27743967687921145,0.41026805555555584,5.481151289946582,0.27743967687921145,6.82206375715934,3.552713678800501e-15,0.5967269430750424,4.373507521450631,3.552713678800501e-15,2.164205294350812,0.3877216485101442,1.0972243569228457,18.494584673006234,0.3877216485101442,0.7561655940073109,0.1977916225426191,0.05999693504752707,15.265607792063738,0.1977916225426191,7.176338436514051,0.1609285319467251,0.3405415838363266,0.05204791824086463,0.1609285319467251,3.5516656476093864,0.16996634194576246,0.31802294967019545,3.83721304740307,0.16996634194576246
34,35,G,0.0,1.6774363333333362,0.06811039335753677,0.0,3.8780683333333332,0.8215033015110198,0.0,7.845545,1.85674659113994,0.5,1.73577,3.5543241106807635,0.5,1.73577,3.5543241106807635,14.990556399371712,5.684341886080802e-14,1.2318750233420346,0.01012500347473999,0.0,5.785459953703702,0.008534871197457772,0.09814814814814798,6.828668102926291,0.05782861293010816,11.364385036623917,2.6645352591003757e-15,0.9348169910595292,0.6519516562483916,2.6645352591003757e-15,0.5455025046621822,0.016564819012496762,0.02697037697815463,113.58994176943007,0.034714714490672316,1.2476574410371568,0.04627579424260031,0.005262508170724239,17.761136506191804,0.054749322855366434,0.10791305006683327,0.03859667653072174,0.033458319534966474,0.44767233368902615,0.004613838344868559,1.2215322736514864,0.01475376506807155,0.00266665086395651,5.947372811822456,0.013265686032328527,14.990556399371712,5.684341886080802e-14,1.2318750233420346,0.01012500347473999,0.0,5.785459953703702,0.008534871197457772,0.09814814814814798,6.828668102926291,0.05782861293010816,11.364385036623917,2.6645352591003757e-15,0.9348169910595292,0.6519516562483916,2.6645352591003757e-15,0.5455025046621822,0.016564819012496762,0.02697037697815463,113.58994176943007,0.034714714490672316,1.2476574410371568,0.04627579424260031,0.005262508170724239,17.761136506191804,0.054749322855366434,0.10791305006683327,0.03859667653072174,0.033458319534966474,0.44767233368902615,0.004613838344868559,1.2215322736514864,0.01475376506807155,0.00266665086395651,5.947372811822456,0.013265686032328527,14.990556399371712,5.684341886080802e-14,1.2318750233420346,0.01012500347473999,0.0,5.785459953703702,0.008534871197457772,0.09814814814814798,6.828668102926291,0.05782861293010816,11.364385036623917,2.6645352591003757e-15,0.9348169910595292,0.6519516562483916,2.6645352591003757e-15,0.5455025046621822,0.016564819012496762,0.02697037697815463,113.58994176943007,0.034714714490672316,1.2476574410371568,0.04627579424260031,0.005262508170724239,17.761136506191804,0.054749322855366434,0.10791305006683327,0.03859667653072174,0.033458319534966474,0.44767233368902615,0.004613838344868559,1.2215322736514864,0.01475376506807155,0.00266665086395651,5.947372811822456,0.013265686032328527,14.990556399371712,5.684341886080802e-14,1.2318750233420346,0.01012500347473999,0.0,5.785459953703702,0.008534871197457772,0.09814814814814798,6.828668102926291,0.05782861293010816,11.364385036623917,2.6645352591003757e-15,0.9348169910595292,0.6519516562483916,2.6645352591003757e-15,0.5455025046621822,0.016564819012496762,0.02697037697815463,113.58994176943007,0.034714714490672316,1.2476574410371568,0.04627579424260031,0.005262508170724239,17.761136506191804,0.054749322855366434,0.10791305006683327,0.03859667653072174,0.033458319534966474,0.44767233368902615,0.004613838344868559,1.2215322736514864,0.01475376506807155,0.00266665086395651,5.947372811822456,0.013265686032328527,430.09584629437836,1.1368683772161603e-13,37.75561612698371,4.389209574130826,0.0,5.045323152777781,0.2656877509171415,0.41026805555555584,9.111772612145852,0.27743967687921145,6.82206375715934,3.552713678800501e-15,0.5967269430750424,4.373507521450631,3.552713678800501e-15,1.9247959688125151,0.38060849024822857,0.4795556399458685,15.334263660206503,0.3877216485101442,0.8863190668383921,0.20526739099141567,0.05465143849544199,23.50975693305557,0.21274315944021224,9.347598813470261,0.22998131440463854,0.27654563121152337,0.9139658811922146,0.29903409686255195,4.110116609068532,0.1933932175398307,0.13683910292587217,10.917018388325864,0.21682009313389888,430.09584629437836,1.1368683772161603e-13,37.75561612698371,4.389209574130826,0.0,4.742940444444447,0.27743967687921145,0.41026805555555584,9.111772612145852,0.0,6.82206375715934,3.552713678800501e-15,0.5967269430750424,4.373507521450631,0.0,2.164205294350812,0.3877216485101442,0.4795556399458685,15.334263660206503,0.0,0.7561655940073109,0.1977916225426191,0.05465143849544199,23.50975693305557,0.0,7.176338436514051,0.1609285319467251,0.27654563121152337,0.9139658811922146,0.0,3.5516656476093864,0.16996634194576246,0.13683910292587217,10.917018388325864,0.0
35,36,A,0.0,1.896251750000003,0.10714132980054836,0.0,2.8726399999999996,0.5157617187015486,0.0,7.845545,1.85674659113994,0.5,1.73577,3.5543241106807635,0.5,1.73577,3.5543241106807635,14.990556399371712,5.684341886080802e-14,1.2318750233420346,0.01012500347473999,0.0,5.820645138888889,0.009330318857689146,0.6137297453703702,24.222950707596432,0.03840486068388588,11.364385036623917,2.6645352591003757e-15,0.9348169910595292,0.6519516562483916,2.6645352591003757e-15,0.5709449571579963,0.017784157003168488,0.09821168111306922,355.8218342584116,0.034714714490672316,0.9585630074277853,0.059856158699280654,0.1768008103717575,41.55312472408459,0.054749322855366434,0.010699219220353662,0.035062973143184656,0.05331211110339007,1.226180993823867,0.004613838344868559,1.311830676724818,0.014152131905214166,0.1583039577979956,5.202058360717739,0.04070693285198479,14.990556399371712,5.684341886080802e-14,1.2318750233420346,0.01012500347473999,0.0,5.820645138888889,0.009330318857689146,0.6137297453703702,24.222950707596432,0.03840486068388588,11.364385036623917,2.6645352591003757e-15,0.9348169910595292,0.6519516562483916,2.6645352591003757e-15,0.5709449571579963,0.017784157003168488,0.09821168111306922,355.8218342584116,0.034714714490672316,0.9585630074277853,0.059856158699280654,0.1768008103717575,41.55312472408459,0.054749322855366434,0.010699219220353662,0.035062973143184656,0.05331211110339007,1.226180993823867,0.004613838344868559,1.311830676724818,0.014152131905214166,0.1583039577979956,5.202058360717739,0.04070693285198479,14.990556399371712,5.684341886080802e-14,1.2318750233420346,0.01012500347473999,0.0,5.820645138888889,0.009330318857689146,0.6137297453703702,24.222950707596432,0.03840486068388588,11.364385036623917,2.6645352591003757e-15,0.9348169910595292,0.6519516562483916,2.6645352591003757e-15,0.5709449571579963,0.017784157003168488,0.09821168111306922,355.8218342584116,0.034714714490672316,0.9585630074277853,0.059856158699280654,0.1768008103717575,41.55312472408459,0.054749322855366434,0.010699219220353662,0.035062973143184656,0.05331211110339007,1.226180993823867,0.004613838344868559,1.311830676724818,0.014152131905214166,0.1583039577979956,5.202058360717739,0.04070693285198479,14.990556399371712,5.684341886080802e-14,1.2318750233420346,0.01012500347473999,0.0,5.820645138888889,0.009330318857689146,0.6137297453703702,24.222950707596432,0.03840486068388588,11.364385036623917,2.6645352591003757e-15,0.9348169910595292,0.6519516562483916,2.6645352591003757e-15,0.5709449571579963,0.017784157003168488,0.09821168111306922,355.8218342584116,0.034714714490672316,0.9585630074277853,0.059856158699280654,0.1768008103717575,41.55312472408459,0.054749322855366434,0.010699219220353662,0.035062973143184656,0.05331211110339007,1.226180993823867,0.004613838344868559,1.311830676724818,0.014152131905214166,0.1583039577979956,5.202058360717739,0.04070693285198479,430.09584629437836,1.1368683772161603e-13,37.75561612698371,4.389209574130826,0.0,4.052724472222226,0.3042645143446266,0.498474484953704,1.3090342737392353,0.38141804119959694,6.822063757159339,3.552713678800501e-15,0.5967269430750424,4.373507521450631,3.552713678800501e-15,1.2577573907700144,0.36078991817819256,0.3530689457614817,86.16929722577481,0.3877216485101442,0.3029899232646633,0.17176207214024927,0.15988863368213066,12.813858296196978,0.21274315944021224,9.2005753741787,0.22530551518803485,0.7393607492988011,4.777755666642567,0.29903409686255195,5.096365845877681,0.23476612182332154,0.3802920209077902,1.1340425277539632,0.31751193039030323,430.09584629437836,1.1368683772161603e-13,37.75561612698371,4.389209574130826,0.0,4.742940444444447,0.27743967687921145,0.498474484953704,1.3090342737392353,0.0,6.82206375715934,3.552713678800501e-15,0.5967269430750424,4.373507521450631,0.0,2.164205294350812,0.3877216485101442,0.3530689457614817,86.16929722577481,0.0,0.7561655940073109,0.1977916225426191,0.15988863368213066,12.813858296196978,0.0,7.176338436514051,0.1609285319467251,0.7393607492988011,4.777755666642567,0.0,3.5516656476093864,0.16996634194576246,0.3802920209077902,1.1340425277539632,0.0
36,37,C,0.0,1.8699146666666664,0.11660686723485048,0.0,2.2307008333333327,0.34214278511253027,0.0,7.845545,1.85674659113994,0.5,1.73577,3.5543241106807635,0.5,1.73577,3.5543241106807635,14.990556399371712,5.684341886080802e-14,1.2318750233420346,0.01012500347473999,0.0,5.934904398148148,0.005989640841434163,0.8293667824074074,21.008405700652247,0.03840486068388588,11.364385036623917,2.6645352591003757e-15,0.9348169910595292,0.6519516562483916,2.6645352591003757e-15,0.5546213802698019,0.017781480640176067,0.10471810556465724,33.0439382246295,0.034714714490672316,0.9223595063465304,0.06193436045608905,0.1773651636614288,7.3659182428277505,0.054749322855366434,0.039642561880098626,0.03314340362116547,0.14132214907840857,1.4927500717095006,0.004613838344868559,1.4249289712807331,0.010644501397526707,0.21383753865316052,12.985769717022851,0.04070693285198479,14.990556399371712,5.684341886080802e-14,1.2318750233420346,0.01012500347473999,0.0,5.934904398148148,0.005989640841434163,0.8293667824074074,21.008405700652247,0.03840486068388588,11.364385036623917,2.6645352591003757e-15,0.9348169910595292,0.6519516562483916,2.6645352591003757e-15,0.5546213802698019,0.017781480640176067,0.10471810556465724,33.0439382246295,0.034714714490672316,0.9223595063465304,0.06193436045608905,0.1773651636614288,7.3659182428277505,0.054749322855366434,0.039642561880098626,0.03314340362116547,0.14132214907840857,1.4927500717095006,0.004613838344868559,1.4249289712807331,0.010644501397526707,0.21383753865316052,12.985769717022851,0.04070693285198479,14.990556399371712,5.684341886080802e-14,1.2318750233420346,0.01012500347473999,0.0,5.934904398148148,0.005989640841434163,0.8293667824074074,21.008405700652247,0.03840486068388588,11.364385036623917,2.6645352591003757e-15,0.9348169910595292,0.6519516562483916,2.6645352591003757e-15,0.5546213802698019,0.017781480640176067,0.10471810556465724,33.0439382246295,0.034714714490672316,0.9223595063465304,0.06193436045608905,0.1773651636614288,7.3659182428277505,0.054749322855366434,0.039642561880098626,0.03314340362116547,0.14132214907840857,1.4927500717095006,0.004613838344868559,1.4249289712807331,0.010644501397526707,0.21383753865316052,12.985769717022851,0.04070693285198479,14.990556399371712,5.684341886080802e-14,1.2318750233420346,0.01012500347473999,0.0,5.934904398148148,0.005989640841434163,0.8293667824074074,21.008405700652247,0.03840486068388588,11.364385036623917,2.6645352591003757e-15,0.9348169910595292,0.6519516562483916,2.6645352591003757e-15,0.5546213802698019,0.017781480640176067,0.10471810556465724,33.0439382246295,0.034714714490672316,0.9223595063465304,0.06193436045608905,0.1773651636614288,7.3659182428277505,0.054749322855366434,0.039642561880098626,0.03314340362116547,0.14132214907840857,1.4927500717095006,0.004613838344868559,1.4249289712807331,0.010644501397526707,0.21383753865316052,12.985769717022851,0.04070693285198479,430.09584629437836,1.1368683772161603e-13,37.75561612698371,4.389209574130826,0.0,4.3923541527777825,0.2910650067325361,0.31823017013888916,9.016588159796719,0.38141804119959694,6.82206375715934,3.552713678800501e-15,0.5967269430750424,4.373507521450631,3.552713678800501e-15,1.0104655931003559,0.35344256155479103,0.32408423430574035,53.99320433646775,0.3877216485101442,0.17011930457706875,0.1641302359905834,0.1023609405071182,7.292947932466849,0.21274315944021224,9.506663716707404,0.23504006934554583,0.8958554026966045,4.949458115342026,0.29903409686255195,5.251634710835653,0.2412796111608606,0.6206216855183896,5.647347880420675,0.31751193039030323,430.09584629437836,1.1368683772161603e-13,37.75561612698371,4.389209574130826,0.0,4.742940444444447,0.27743967687921145,0.31823017013888916,9.016588159796719,0.0,6.82206375715934,3.552713678800501e-15,0.5967269430750424,4.373507521450631,0.0,2.164205294350812,0.3877216485101442,0.32408423430574035,53.99320433646775,0.0,0.7561655940073109,0.1977916225426191,0.1023609405071182,7.292947932466849,0.0,7.176338436514051,0.1609285319467251,0.8958554026966045,4.949458115342026,0.0,3.5516656476093864,0.16996634194576246,0.6206216855183896,5.647347880420675,0.0
37,38,A,0.0,1.7639371428571433,0.11318689130726456,0.0,2.2307008333333327,0.34214278511253027,0.0,7.845545,1.85674659113994,0.5,1.73577,3.5543241106807635,0.5,1.73577,3.5543241106807635,14.990556399371712,5.684341886080802e-14,1.2318750233420346,0.01012500347473999,0.0,6.150993287037036,0.0015344026073397798,0.8293667824074074,7.849639473609098,0.03840486068388588,11.364385036623917,2.6645352591003757e-15,0.9348169910595292,0.6519516562483916,2.6645352591003757e-15,0.6352003117155927,0.021031619487435205,0.09562865211295934,122.78723753182175,0.04124388749560176,0.8296084782793769,0.06627558187399213,0.16537978500138342,6.93002991007532,0.054749322855366434,0.08642793793085968,0.03578832001095272,0.13508623431166167,0.7122863685386962,0.004613838344868559,1.5797647032187827,0.008437467893505274,0.2163500894834785,0.3033681886497046,0.02925380389611021,14.990556399371712,5.684341886080802e-14,1.2318750233420346,0.01012500347473999,0.0,6.150993287037036,0.0015344026073397798,0.8293667824074074,7.849639473609098,0.03840486068388588,11.364385036623917,2.6645352591003757e-15,0.9348169910595292,0.6519516562483916,2.6645352591003757e-15,0.6352003117155927,0.021031619487435205,0.09562865211295934,122.78723753182175,0.04124388749560176,0.8296084782793769,0.06627558187399213,0.16537978500138342,6.93002991007532,0.054749322855366434,0.08642793793085968,0.03578832001095272,0.13508623431166167,0.7122863685386962,0.004613838344868559,1.5797647032187827,0.008437467893505274,0.2163500894834785,0.3033681886497046,0.02925380389611021,14.990556399371712,5.684341886080802e-14,1.2318750233420346,0.01012500347473999,0.0,6.150993287037036,0.0015344026073397798,0.8293667824074074,7.849639473609098,0.03840486068388588,11.364385036623917,2.6645352591003757e-15,0.9348169910595292,0.6519516562483916,2.6645352591003757e-15,0.6352003117155927,0.021031619487435205,0.09562865211295934,122.78723753182175,0.04124388749560176,0.8296084782793769,0.06627558187399213,0.16537978500138342,6.93002991007532,0.054749322855366434,0.08642793793085968,0.03578832001095272,0.13508623431166167,0.7122863685386962,0.004613838344868559,1.5797647032187827,0.008437467893505274,0.2163500894834785,0.3033681886497046,0.02925380389611021,14.990556399371712,5.684341886080802e-14,1.2318750233420346,0.01012500347473999,0.0,6.150993287037036,0.0015344026073397798,0.8293667824074074,7.849639473609098,0.03840486068388588,11.364385036623917,2.6645352591003757e-15,0.9348169910595292,0.6519516562483916,2.6645352591003757e-15,0.6352003117155927,0.021031619487435205,0.09562865211295934,122.78723753182175,0.04124388749560176,0.8296084782793769,0.06627558187399213,0.16537978500138342,6.93002991007532,0.054749322855366434,0.08642793793085968,0.03578832001095272,0.13508623431166167,0.7122863685386962,0.004613838344868559,1.5797647032187827,0.008437467893505274,0.2163500894834785,0.3033681886497046,0.02925380389611021,430.0958462943783,1.1368683772161603e-13,37.75561612698371,4.389209574130826,0.0,4.094677277777782,0.3026340432521906,0.3560190590277781,7.635573629343992,0.38141804119959694,6.82206375715934,3.552713678800501e-15,0.5967269430750424,4.373507521450631,3.552713678800501e-15,1.321152407003039,0.36267346545634604,0.34575236035106743,37.842806811717885,0.39959708106256586,0.23203347753662115,0.16768646857259886,0.08204217910187828,7.222109501062486,0.21274315944021224,9.159715424805091,0.22400604266724375,0.87738886711454,4.3390794569928275,0.29903409686255195,5.595167571492385,0.25569072716655555,0.618550617706524,6.0512823046268975,0.31751193039030323,430.09584629437836,1.1368683772161603e-13,37.75561612698371,4.389209574130826,0.0,4.742940444444447,0.27743967687921145,0.3560190590277781,7.635573629343992,0.0,6.82206375715934,3.552713678800501e-15,0.5967269430750424,4.373507521450631,0.0,2.164205294350812,0.3877216485101442,0.34575236035106743,37.842806811717885,0.0,0.7561655940073109,0.1977916225426191,0.08204217910187828,7.222109501062486,0.0,7.176338436514051,0.1609285319467251,0.87738886711454,4.3390794569928275,0.0,3.5516656476093864,0.16996634194576246,0.618550617706524,6.0512823046268975,0.0
38,39,C,0.0,1.8425456666666662,0.17258247016597716,0.0,2.4193159999999994,0.4145159566256602,0.0,6.421420833333333,1.4732811399005996,0.0,4.434957499999999,1.063208521825945,0.5,1.73577,3.5543241106807635,14.990556399371712,5.684341886080802e-14,1.2318750233420346,0.01012500347473999,0.0,6.310345138888888,0.006979010473523228,0.8293667824074074,13.291609180737336,0.03840486068388588,11.364385036623917,2.6645352591003757e-15,0.9348169910595292,0.6519516562483916,2.6645352591003757e-15,0.7143455237099141,0.024042989969737583,0.10471810556465724,132.81231149677984,0.04124388749560176,0.9090604551228972,0.061061714978909,0.1773651636614288,6.306599641695353,0.054749322855366434,0.009739032385178703,0.03153240139012381,0.14132214907840857,0.424797197865157,0.004613838344868559,1.6963699879944119,0.005731767257480536,0.21383753865316052,0.10518619761591275,0.02925380389611021,14.990556399371712,5.684341886080802e-14,1.2318750233420346,0.01012500347473999,0.0,6.310345138888888,0.006979010473523228,0.8293667824074074,13.291609180737336,0.03840486068388588,11.364385036623917,2.6645352591003757e-15,0.9348169910595292,0.6519516562483916,2.6645352591003757e-15,0.7143455237099141,0.024042989969737583,0.10471810556465724,132.81231149677984,0.04124388749560176,0.9090604551228972,0.061061714978909,0.1773651636614288,6.306599641695353,0.054749322855366434,0.009739032385178703,0.03153240139012381,0.14132214907840857,0.424797197865157,0.004613838344868559,1.6963699879944119,0.005731767257480536,0.21383753865316052,0.10518619761591275,0.02925380389611021,14.990556399371712,5.684341886080802e-14,1.2318750233420346,0.01012500347473999,0.0,6.310345138888888,0.006979010473523228,0.8293667824074074,13.291609180737336,0.03840486068388588,11.364385036623917,2.6645352591003757e-15,0.9348169910595292,0.6519516562483916,2.6645352591003757e-15,0.7143455237099141,0.024042989969737583,0.10471810556465724,132.81231149677984,0.04124388749560176,0.9090604551228972,0.061061714978909,0.1773651636614288,6.306599641695353,0.054749322855366434,0.009739032385178703,0.03153240139012381,0.14132214907840857,0.424797197865157,0.004613838344868559,1.6963699879944119,0.005731767257480536,0.21383753865316052,0.10518619761591275,0.02925380389611021,14.990556399371712,5.684341886080802e-14,1.2318750233420346,0.01012500347473999,0.0,6.310345138888888,0.006979010473523228,0.8293667824074074,13.291609180737336,0.03840486068388588,11.364385036623917,2.6645352591003757e-15,0.9348169910595292,0.6519516562483916,2.6645352591003757e-15,0.7143455237099141,0.024042989969737583,0.10471810556465724,132.81231149677984,0.04124388749560176,0.9090604551228972,0.061061714978909,0.1773651636614288,6.306599641695353,0.054749322855366434,0.009739032385178703,0.03153240139012381,0.14132214907840857,0.424797197865157,0.004613838344868559,1.6963699879944119,0.005731767257480536,0.21383753865316052,0.10518619761591275,0.02925380389611021,14.99055639937194,5.684341886080802e-14,1.2318750233420346,0.01012500347473999,0.0,8.501416249999997,0.08564929492279733,0.8293667824074074,13.291609180737336,0.018578811404458995,11.364385036623919,2.6645352591003757e-15,0.9348169910595292,0.6519516562483916,2.6645352591003757e-15,3.0207890829464477,0.09204068226646744,0.10471810556465724,132.81231149677984,0.1446417126451232,0.38078473896970655,0.11988877006935977,0.1773651636614288,6.306599641695353,0.07516700833201026,1.659503982464761,0.07275487971004826,0.14132214907840857,0.424797197865157,0.0010347789503756255,2.253837618400582,0.010799395004299023,0.21383753865316052,0.10518619761591275,0.07559545771299372,430.09584629437836,1.1368683772161603e-13,37.75561612698371,4.389209574130826,0.0,4.742940444444447,0.27743967687921145,0.31823017013888916,7.041344818738846,0.0,6.82206375715934,3.552713678800501e-15,0.5967269430750424,4.373507521450631,0.0,2.164205294350812,0.3877216485101442,0.32408423430574035,28.580749893209727,0.0,0.7561655940073109,0.1977916225426191,0.1023609405071182,7.517279083907494,0.0,7.176338436514051,0.1609285319467251,0.8958554026966045,4.538490740318303,0.0,3.5516656476093864,0.16996634194576246,0.6206216855183896,5.77589363692542,0.0
39,40,A,0.0,1.8425456666666662,0.17258247016597716,0.0,2.4193159999999994,0.4145159566256602,0.0,6.421420833333333,1.4732811399005996,0.0,4.434957499999999,1.063208521825945,0.5,1.73577,3.5543241106807635,14.990556399371712,5.684341886080802e-14,1.2318750233420346,0.01012500347473999,0.0,6.26421574074074,0.006179439893096883,0.8293667824074074,25.245057039470232,0.03840486068388588,11.364385036623917,2.6645352591003757e-15,0.9348169910595292,0.6519516562483916,2.6645352591003757e-15,0.7177547799381564,0.024587904170662533,0.09562865211295934,186.91465941027337,0.04124388749560176,0.7701120290973699,0.06926218599997933,0.16537978500138342,7.728444629991719,0.054749322855366434,0.2652641875651529,0.0387819281173816,0.13508623431166167,0.13888234138263122,0.004613838344868559,1.726922843361943,0.0061924139287611035,0.2163500894834785,0.737037137580753,0.02925380389611021,14.990556399371712,5.684341886080802e-14,1.2318750233420346,0.01012500347473999,0.0,6.482622979797979,0.014399720395879168,0.8293667824074074,25.245057039470232,0.0,11.364385036623917,2.6645352591003757e-15,0.9348169910595292,0.6519516562483916,0.0,0.8544046200296401,0.028891397498561844,0.09562865211295934,186.91465941027337,0.0,0.7873540739659877,0.06711385848589133,0.16537978500138342,7.728444629991719,0.0,0.07133144262270541,0.027161514925746227,0.13508623431166167,0.13888234138263122,0.0,1.7651809986031206,0.006747892309292958,0.2163500894834785,0.737037137580753,0.0,14.990556399371712,5.684341886080802e-14,1.2318750233420346,0.01012500347473999,0.0,6.482622979797979,0.014399720395879168,0.8293667824074074,25.245057039470232,0.0,11.364385036623917,2.6645352591003757e-15,0.9348169910595292,0.6519516562483916,0.0,0.8544046200296401,0.028891397498561844,0.09562865211295934,186.91465941027337,0.0,0.7873540739659877,0.06711385848589133,0.16537978500138342,7.728444629991719,0.0,0.07133144262270541,0.027161514925746227,0.13508623431166167,0.13888234138263122,0.0,1.7651809986031206,0.006747892309292958,0.2163500894834785,0.737037137580753,0.0,14.990556399371712,5.684341886080802e-14,1.2318750233420346,0.01012500347473999,0.0,6.482622979797979,0.014399720395879168,0.8293667824074074,25.245057039470232,0.0,11.364385036623917,2.6645352591003757e-15,0.9348169910595292,0.6519516562483916,0.0,0.8544046200296401,0.028891397498561844,0.09562865211295934,186.91465941027337,0.0,0.7873540739659877,0.06711385848589133,0.16537978500138342,7.728444629991719,0.0,0.07133144262270541,0.027161514925746227,0.13508623431166167,0.13888234138263122,0.0,1.7651809986031206,0.006747892309292958,0.2163500894834785,0.737037137580753,0.0,14.99055639937194,5.684341886080802e-14,1.2318750233420346,0.01012500347473999,0.0,8.501416249999997,0.08564929492279733,0.8293667824074074,25.245057039470232,0.0,11.364385036623919,2.6645352591003757e-15,0.9348169910595292,0.6519516562483916,0.0,3.0207890829464477,0.09204068226646744,0.09562865211295934,186.91465941027337,0.0,0.38078473896970655,0.11988877006935977,0.16537978500138342,7.728444629991719,0.0,1.659503982464761,0.07275487971004826,0.13508623431166167,0.13888234138263122,0.0,2.253837618400582,0.010799395004299023,0.2163500894834785,0.737037137580753,0.0,430.09584629437836,1.1368683772161603e-13,37.75561612698371,4.389209574130826,0.0,4.742940444444447,0.27743967687921145,0.3560190590277781,11.441340312875381,0.0,6.82206375715934,3.552713678800501e-15,0.5967269430750424,4.373507521450631,0.0,2.164205294350812,0.3877216485101442,0.34575236035106743,16.138135470527985,0.0,0.7561655940073109,0.1977916225426191,0.08204217910187828,7.146943453774895,0.0,7.176338436514051,0.1609285319467251,0.87738886711454,4.969081094182964,0.0,3.5516656476093864,0.16996634194576246,0.618550617706524,6.87019180372398,0.0
40,41,C,0.0,2.0447142307692303,0.21798296065888567,0.0,2.4193159999999994,0.4145159566256602,0.0,6.421420833333333,1.4732811399005996,0.0,4.434957499999999,1.063208521825945,0.5,1.73577,3.5543241106807635,14.990556399371712,5.684341886080802e-14,1.381692047149052,0.004927694779822467,0.0,6.399346464646464,0.012039556573288757,0.8138546717171717,7.04190144148963,0.03840486068388588,11.364385036623917,2.6645352591003757e-15,1.0464514709575887,1.6241113228322375,2.6645352591003757e-15,0.7656235382273101,0.026775230872636335,0.09492880590433295,13.659789910884019,0.04124388749560176,0.7378251055694581,0.06938610824237518,0.12018444657515617,2.103785530831578,0.054749322855366434,0.3299695973694785,0.03902957787799899,0.04512348743660122,1.4687475364654157,0.004613838344868559,1.8221809564578115,0.0024548790307928614,0.21055004216708428,2.1772235598035508,0.02925380389611021,14.990556399371826,5.684341886080802e-14,1.381692047149052,0.004927694779822467,0.0,6.653107499999999,0.02166787679436849,0.8138546717171717,7.04190144148963,0.0,11.364385036623915,2.6645352591003757e-15,1.0464514709575887,1.6241113228322375,0.0,0.9207252381568576,0.031727806203522946,0.09492880590433295,13.659789910884019,0.0,0.7535626625721465,0.06703534020111801,0.12018444657515617,2.103785530831578,0.0,0.03381505485673131,0.02627188834326183,0.04512348743660122,1.4687475364654157,0.0,1.8737907385326937,0.0026921517595810684,0.21055004216708428,2.1772235598035508,0.0,14.990556399371826,5.684341886080802e-14,1.381692047149052,0.004927694779822467,0.0,6.653107499999999,0.02166787679436849,0.8138546717171717,7.04190144148963,0.0,11.364385036623915,2.6645352591003757e-15,1.0464514709575887,1.6241113228322375,0.0,0.9207252381568576,0.031727806203522946,0.09492880590433295,13.659789910884019,0.0,0.7535626625721465,0.06703534020111801,0.12018444657515617,2.103785530831578,0.0,0.03381505485673131,0.02627188834326183,0.04512348743660122,1.4687475364654157,0.0,1.8737907385326937,0.0026921517595810684,0.21055004216708428,2.1772235598035508,0.0,14.990556399371826,5.684341886080802e-14,1.381692047149052,0.004927694779822467,0.0,6.653107499999999,0.02166787679436849,0.8138546717171717,7.04190144148963,0.0,11.364385036623915,2.6645352591003757e-15,1.0464514709575887,1.6241113228322375,0.0,0.9207252381568576,0.031727806203522946,0.09492880590433295,13.659789910884019,0.0,0.7535626625721465,0.06703534020111801,0.12018444657515617,2.103785530831578,0.0,0.03381505485673131,0.02627188834326183,0.04512348743660122,1.4687475364654157,0.0,1.8737907385326937,0.0026921517595810684,0.21055004216708428,2.1772235598035508,0.0,14.99055639937194,5.684341886080802e-14,1.381692047149052,0.004927694779822467,0.0,8.501416249999997,0.08564929492279733,0.8138546717171717,7.04190144148963,0.0,11.364385036623919,2.6645352591003757e-15,1.0464514709575887,1.6241113228322375,0.0,3.0207890829464477,0.09204068226646744,0.09492880590433295,13.659789910884019,0.0,0.38078473896970655,0.11988877006935977,0.12018444657515617,2.103785530831578,0.0,1.659503982464761,0.07275487971004826,0.04512348743660122,1.4687475364654157,0.0,2.253837618400582,0.010799395004299023,0.21055004216708428,2.1772235598035508,0.0,430.09584629437836,1.1368683772161603e-13,38.4685310681941,4.472088186811316,0.0,4.742940444444447,0.27743967687921145,0.23011776136363665,4.102323691418899,0.0,6.82206375715934,3.552713678800501e-15,0.5396155820033136,3.9549291916029077,0.0,2.164205294350812,0.3877216485101442,0.2466235701425807,28.303332546379103,0.0,0.7561655940073109,0.1977916225426191,0.03732063023289966,10.386377059395919,0.0,7.176338436514051,0.1609285319467251,0.9129822370334673,6.7445803888738824,0.0,3.5516656476093864,0.16996634194576246,0.6127594040940116,8.147379721485434,0.0
41,42,A,0.0,2.700289545454547,0.3423594145495046,0.0,2.0640287499999994,0.3612164282576824,0.0,5.6504175,1.3229710287051368,0.0,4.434957499999999,1.063208521825945,0.5,1.73577,3.5543241106807635,14.990556399371826,5.684341886080802e-14,1.5406668637907188,0.02428768496702194,0.0,6.602614444444444,0.019943458464845576,0.29154222222222215,13.841657959067486,0.03840486068388588,11.364385036623915,2.6645352591003757e-15,1.0980735830577024,3.7980438126060942,2.6645352591003757e-15,0.7205542520735345,0.02587403737444094,0.0350770080518511,358.30376392592353,0.04124388749560176,0.7143528767564062,0.0676841208797454,0.08354910905538548,6.60000798496753,0.054749322855366434,0.6142134700107604,0.045557772779389966,0.3613317110142619,4.18756298200706,0.004613838344868559,1.8755554541262054,0.00022448078512274372,0.03535533905932739,2.6575572170174433,0.02925380389611021,14.990556399371826,5.684341886080802e-14,1.5406668637907188,0.02428768496702194,0.0,6.907156481481481,0.031519803365107124,0.29154222222222215,13.841657959067486,0.0,11.364385036623919,2.6645352591003757e-15,1.0980735830577024,3.7980438126060942,0.0,0.8878817757559457,0.0312767662422932,0.0350770080518511,358.30376392592353,0.0,0.7292310257801655,0.06488304668250083,0.08354910905538548,6.60000798496753,0.0,0.24159095338622194,0.03210791717428102,0.3613317110142619,4.18756298200706,0.0,1.9388301561725623,0.0002402951231463002,0.03535533905932739,2.6575572170174433,0.0,14.990556399371826,5.684341886080802e-14,1.5406668637907188,0.02428768496702194,0.0,6.907156481481481,0.031519803365107124,0.29154222222222215,13.841657959067486,0.0,11.364385036623919,2.6645352591003757e-15,1.0980735830577024,3.7980438126060942,0.0,0.8878817757559457,0.0312767662422932,0.0350770080518511,358.30376392592353,0.0,0.7292310257801655,0.06488304668250083,0.08354910905538548,6.60000798496753,0.0,0.24159095338622194,0.03210791717428102,0.3613317110142619,4.18756298200706,0.0,1.9388301561725623,0.0002402951231463002,0.03535533905932739,2.6575572170174433,0.0,14.990556399371826,5.684341886080802e-14,1.5406668637907188,0.02428768496702194,0.0,6.907156481481481,0.031519803365107124,0.29154222222222215,13.841657959067486,0.0,11.364385036623919,2.6645352591003757e-15,1.0980735830577024,3.7980438126060942,0.0,0.8878817757559457,0.0312767662422932,0.0350770080518511,358.30376392592353,0.0,0.7292310257801655,0.06488304668250083,0.08354910905538548,6.60000798496753,0.0,0.24159095338622194,0.03210791717428102,0.3613317110142619,4.18756298200706,0.0,1.9388301561725623,0.0002402951231463002,0.03535533905932739,2.6575572170174433,0.0,14.99055639937194,5.684341886080802e-14,1.5406668637907188,0.02428768496702194,0.0,8.501416249999997,0.08564929492279733,0.29154222222222215,13.841657959067486,0.0,11.364385036623919,2.6645352591003757e-15,1.0980735830577024,3.7980438126060942,0.0,3.0207890829464477,0.09204068226646744,0.0350770080518511,358.30376392592353,0.0,0.38078473896970655,0.11988877006935977,0.08354910905538548,6.60000798496753,0.0,1.659503982464761,0.07275487971004826,0.3613317110142619,4.18756298200706,0.0,2.253837618400582,0.010799395004299023,0.03535533905932739,2.6575572170174433,0.0,430.09584629437836,1.1368683772161603e-13,38.41821057030675,4.466238270063584,0.0,4.742940444444447,0.27743967687921145,0.02520984444444414,0.2816857516437491,0.0,6.82206375715934,3.552713678800501e-15,0.45204838938500275,3.313135185160103,0.0,2.164205294350812,0.3877216485101442,0.5255969346481892,31.547353204546575,0.0,0.7561655940073109,0.1977916225426191,0.14925089987317589,8.442791326513454,0.0,7.176338436514051,0.1609285319467251,0.5660961867203561,5.441218485792634,0.0,3.5516656476093864,0.16996634194576246,0.22394813080808262,3.565403599744618,0.0
42,43,G,0.0,3.6499483333333327,0.5090296427626257,0.0,2.0640287499999994,0.3612164282576824,0.0,5.6504175,1.3229710287051368,0.0,4.434957499999999,1.063208521825945,0.5,1.73577,3.5543241106807635,14.990556399371826,5.684341886080802e-14,1.711852070878578,0.04967139796797149,0.0,6.711546913580246,0.02355453760173054,0.46460262345678993,19.62977836911124,0.03840486068388588,11.364385036623919,2.6645352591003757e-15,1.0696792047605546,5.835802316637588,2.6645352591003757e-15,0.6506777086312696,0.024091296459146316,0.0369159891784,510.82331003334815,0.04124388749560176,0.47883896940184284,0.07668716305414375,0.05544441221370938,9.901015515689343,0.054749322855366434,0.7590550269566521,0.050629006644955094,0.379575696393747,3.4134565697318013,0.004613838344868559,1.8959288275912156,0.002003776592424983,0.20443802083145676,2.0461828592989693,0.02925380389611021,14.990556399371826,5.684341886080802e-14,1.711852070878578,0.04967139796797149,0.0,7.067773263888888,0.03702931050663538,0.46460262345678993,19.62977836911124,0.0,11.364385036623919,2.6645352591003757e-15,1.0696792047605546,5.835802316637588,0.0,0.830186604843699,0.029946523821068327,0.0369159891784,510.82331003334815,0.0,0.4661376486342516,0.07466133485404339,0.05544441221370938,9.901015515689343,0.0,0.3579598903722836,0.03613182332240311,0.379575696393747,3.4134565697318013,0.0,1.9696595390764933,0.002264517634341906,0.20443802083145676,2.0461828592989693,0.0,14.990556399371826,5.684341886080802e-14,1.711852070878578,0.04967139796797149,0.0,7.067773263888888,0.03702931050663538,0.46460262345678993,19.62977836911124,0.0,11.364385036623919,2.6645352591003757e-15,1.0696792047605546,5.835802316637588,0.0,0.830186604843699,0.029946523821068327,0.0369159891784,510.82331003334815,0.0,0.4661376486342516,0.07466133485404339,0.05544441221370938,9.901015515689343,0.0,0.3579598903722836,0.03613182332240311,0.379575696393747,3.4134565697318013,0.0,1.9696595390764933,0.002264517634341906,0.20443802083145676,2.0461828592989693,0.0,14.990556399371826,5.684341886080802e-14,1.711852070878578,0.04967139796797149,0.0,7.067773263888888,0.03702931050663538,0.46460262345678993,19.62977836911124,0.0,11.364385036623919,2.6645352591003757e-15,1.0696792047605546,5.835802316637588,0.0,0.830186604843699,0.029946523821068327,0.0369159891784,510.82331003334815,0.0,0.4661376486342516,0.07466133485404339,0.05544441221370938,9.901015515689343,0.0,0.3579598903722836,0.03613182332240311,0.379575696393747,3.4134565697318013,0.0,1.9696595390764933,0.002264517634341906,0.20443802083145676,2.0461828592989693,0.0,14.99055639937194,5.684341886080802e-14,1.711852070878578,0.04967139796797149,0.0,8.501416249999997,0.08564929492279733,0.46460262345678993,19.62977836911124,0.0,11.364385036623919,2.6645352591003757e-15,1.0696792047605546,5.835802316637588,0.0,3.0207890829464477,0.09204068226646744,0.0369159891784,510.82331003334815,0.0,0.38078473896970655,0.11988877006935977,0.05544441221370938,9.901015515689343,0.0,1.659503982464761,0.07275487971004826,0.379575696393747,3.4134565697318013,0.0,2.253837618400582,0.010799395004299023,0.20443802083145676,2.0461828592989693,0.0,430.09584629437836,1.1368683772161603e-13,37.28338888718242,4.334311666621383,0.0,4.742940444444447,0.27743967687921145,0.14104005401234604,2.9053082206247614,0.0,6.82206375715934,3.552713678800501e-15,0.3238734213712491,2.3737202765905234,0.0,2.164205294350812,0.3877216485101442,0.5192022063712326,26.197278500732786,0.0,0.7561655940073109,0.1977916225426191,0.18982392828161737,5.800546085439479,0.0,7.176338436514051,0.1609285319467251,0.5898759600125533,4.297400414689623,0.0,3.5516656476093864,0.16996634194576246,0.19006006497627376,1.3004786136103528,0.0
43,44,T,0.0,3.973862142857141,0.6100339549120599,0.0,2.0640287499999994,0.3612164282576824,0.0,5.6504175,1.3229710287051368,0.0,4.434957499999999,1.063208521825945,0.5,1.73577,3.5543241106807635,14.990556399371826,5.684341886080802e-14,1.925833579738402,0.08221320469617854,0.0,6.931740277777777,0.03060966234296314,0.7028168402777778,18.430739972831,0.03840486068388588,11.364385036623919,2.6645352591003757e-15,1.0341862318891195,8.383000446676956,2.6645352591003757e-15,0.6090765962177478,0.023067314882630974,0.13088626318174054,689.9230341087066,0.04124388749560176,0.25085943580387815,0.09014814217776743,0.019860782927851872,1.754821394631339,0.054749322855366434,0.8728762030738828,0.05429057558638303,0.033592949022264174,1.0658929547127847,0.004613838344868559,1.989073213952142,0.005825381533741708,0.36959659083028823,4.507916420044877,0.02925380389611021,14.990556399371826,5.684341886080802e-14,1.925833579738402,0.08221320469617854,0.0,7.370312301587301,0.04701727776874476,0.7028168402777778,18.430739972831,0.0,11.364385036623919,2.6645352591003757e-15,1.0341862318891195,8.383000446676956,0.0,0.8082866044014498,0.02961272021389677,0.13088626318174054,689.9230341087066,0.0,0.20377513584120738,0.08975590696674177,0.019860782927851872,1.754821394631339,0.0,0.4307419292799235,0.03824544735224192,0.033592949022264174,1.0658929547127847,0.0,2.086643225129735,0.006669314858977704,0.36959659083028823,4.507916420044877,0.0,14.990556399371826,5.684341886080802e-14,1.925833579738402,0.08221320469617854,0.0,7.370312301587301,0.04701727776874476,0.7028168402777778,18.430739972831,0.0,11.364385036623919,2.6645352591003757e-15,1.0341862318891195,8.383000446676956,0.0,0.8082866044014498,0.02961272021389677,0.13088626318174054,689.9230341087066,0.0,0.20377513584120738,0.08975590696674177,0.019860782927851872,1.754821394631339,0.0,0.4307419292799235,0.03824544735224192,0.033592949022264174,1.0658929547127847,0.0,2.086643225129735,0.006669314858977704,0.36959659083028823,4.507916420044877,0.0,14.990556399371826,5.684341886080802e-14,1.925833579738402,0.08221320469617854,0.0,7.370312301587301,0.04701727776874476,0.7028168402777778,18.430739972831,0.0,11.364385036623919,2.6645352591003757e-15,1.0341862318891195,8.383000446676956,0.0,0.8082866044014498,0.02961272021389677,0.13088626318174054,689.9230341087066,0.0,0.20377513584120738,0.08975590696674177,0.019860782927851872,1.754821394631339,0.0,0.4307419292799235,0.03824544735224192,0.033592949022264174,1.0658929547127847,0.0,2.086643225129735,0.006669314858977704,0.36959659083028823,4.507916420044877,0.0,14.99055639937194,5.684341886080802e-14,1.925833579738402,0.08221320469617854,0.0,8.501416249999997,0.08564929492279733,0.7028168402777778,18.430739972831,0.0,11.364385036623919,2.6645352591003757e-15,1.0341862318891195,8.383000446676956,0.0,3.0207890829464477,0.09204068226646744,0.13088626318174054,689.9230341087066,0.0,0.38078473896970655,0.11988877006935977,0.019860782927851872,1.754821394631339,0.0,1.659503982464761,0.07275487971004826,0.033592949022264174,1.0658929547127847,0.0,2.253837618400582,0.010799395004299023,0.36959659083028823,4.507916420044877,0.0,430.09584629437836,1.1368683772161603e-13,35.67140663847074,4.1469136409719605,0.0,4.742940444444447,0.27743967687921145,0.028952588541666865,0.5244689734739617,0.0,6.82206375715934,3.552713678800501e-15,0.16365471135405701,1.1994516408785494,0.0,2.164205294350812,0.3877216485101442,0.09716624222359965,13.133821050878694,0.0,0.7561655940073109,0.1977916225426191,0.5235976729363085,29.931411485975424,0.0,7.176338436514051,0.1609285319467251,0.5802718264613762,4.203037682683214,0.0,3.5516656476093864,0.16996634194576246,0.17826472990179126,0.783900063823723,0.0
44,45,G,0.0,3.973862142857141,0.6100339549120599,0.0,2.0640287499999994,0.3612164282576824,0.0,5.6504175,1.3229710287051368,0.0,4.434957499999999,1.063208521825945,0.5,1.73577,3.5543241106807635,14.990556399371826,5.684341886080802e-14,2.2009526625581763,0.12641727770257472,0.0,7.143328174603173,0.0371495612899751,0.36301587301587296,11.356085957891912,0.03840486068388588,11.364385036623919,2.6645352591003757e-15,0.9885524096258461,10.85945998201819,2.6645352591003757e-15,0.529888698608428,0.02063164261064887,0.020426378807942402,52.47727734611558,0.04124388749560176,0.018405531618969635,0.10453089729287449,0.020445476982078437,14.45970911220267,0.054749322855366434,0.970491134499655,0.05833817523845211,0.2526370614830025,2.029916792286836,0.004613838344868559,2.1029129455251456,0.008414418018913045,0.15954721987988493,2.2431848597898156,0.02925380389611021,14.99055639937194,5.684341886080802e-14,2.2009526625581763,0.12641727770257472,0.0,7.690260185185183,0.05738176244455562,0.36301587301587296,11.356085957891912,0.0,11.364385036623919,2.6645352591003757e-15,0.9885524096258461,10.85945998201819,0.0,0.7491023918878604,0.027862003451795236,0.020426378807942402,52.47727734611558,0.0,0.07526846903496434,0.10647041539919572,0.020445476982078437,14.45970911220267,0.0,0.470936970310996,0.04029345890729899,0.2526370614830025,2.029916792286836,0.0,2.235717913827837,0.009830512979216971,0.15954721987988493,2.2431848597898156,0.0,14.99055639937194,5.684341886080802e-14,2.2009526625581763,0.12641727770257472,0.0,7.690260185185183,0.05738176244455562,0.36301587301587296,11.356085957891912,0.0,11.364385036623919,2.6645352591003757e-15,0.9885524096258461,10.85945998201819,0.0,0.7491023918878604,0.027862003451795236,0.020426378807942402,52.47727734611558,0.0,0.07526846903496434,0.10647041539919572,0.020445476982078437,14.45970911220267,0.0,0.470936970310996,0.04029345890729899,0.2526370614830025,2.029916792286836,0.0,2.235717913827837,0.009830512979216971,0.15954721987988493,2.2431848597898156,0.0,14.99055639937194,5.684341886080802e-14,2.2009526625581763,0.12641727770257472,0.0,7.690260185185183,0.05738176244455562,0.36301587301587296,11.356085957891912,0.0,11.364385036623919,2.6645352591003757e-15,0.9885524096258461,10.85945998201819,0.0,0.7491023918878604,0.027862003451795236,0.020426378807942402,52.47727734611558,0.0,0.07526846903496434,0.10647041539919572,0.020445476982078437,14.45970911220267,0.0,0.470936970310996,0.04029345890729899,0.2526370614830025,2.029916792286836,0.0,2.235717913827837,0.009830512979216971,0.15954721987988493,2.2431848597898156,0.0,14.99055639937194,5.684341886080802e-14,2.2009526625581763,0.12641727770257472,0.0,8.501416249999997,0.08564929492279733,0.36301587301587296,11.356085957891912,0.0,11.364385036623919,2.6645352591003757e-15,0.9885524096258461,10.85945998201819,0.0,3.0207890829464477,0.09204068226646744,0.020426378807942402,52.47727734611558,0.0,0.38078473896970655,0.11988877006935977,0.020445476982078437,14.45970911220267,0.0,1.659503982464761,0.07275487971004826,0.2526370614830025,2.029916792286836,0.0,2.253837618400582,0.010799395004299023,0.15954721987988493,2.2431848597898156,0.0,430.09584629437836,1.1368683772161603e-13,33.0356163738134,3.840494701174378,0.0,4.742940444444447,0.27743967687921145,0.10697473015872991,4.526594353931937,0.0,6.82206375715934,3.552713678800501e-15,0.0012061787843824184,0.008840277863986603,0.0,2.164205294350812,0.3877216485101442,0.8261881085046159,71.4964823057759,0.0,0.7561655940073109,0.1977916225426191,0.2933499080156155,25.739455969089658,0.0,7.176338436514051,0.1609285319467251,0.13520059797652936,0.006415575972226607,0.0,3.5516656476093864,0.16996634194576246,0.039013934444478156,0.6152874197822192,0.0
45,46,G,0.0,3.420044166666666,0.41817916776634634,0.0,0.49052500000000077,0.27860732617133177,0.0,4.004065,0.8847793796239314,0.0,4.004065,0.8847793796239314,0.0,0.0,0.0,14.99055639937194,5.684341886080802e-14,1.711852070878578,0.08677543966046564,0.0,7.111890277777777,0.03522295684950694,0.33333333333333304,6.030529559642638,0.03840486068388588,11.364385036623919,2.6645352591003757e-15,0.8828492186388711,13.005646577159613,2.6645352591003757e-15,0.45428904705325873,0.017989484786858467,0.10364812047009964,39.8957436737471,0.04124388749560176,0.17103137324697162,0.09935769336005554,0.0,0.0,0.054749322855366434,1.2862260799234502,0.0661809313789721,0.4010429287940037,4.526943149660886,0.004613838344868559,2.270623464575939,0.014541782082510057,0.0,0.0,0.02925380389611021,14.99055639937194,5.684341886080802e-14,1.711852070878578,0.08677543966046564,0.0,7.761921111111111,0.059116277346909996,0.33333333333333304,6.030529559642638,0.0,11.364385036623917,2.6645352591003757e-15,0.8828492186388711,13.005646577159613,0.0,0.7022255486775437,0.026137486231476048,0.10364812047009964,39.8957436737471,0.0,0.08914774078785125,0.10065047430107721,0.0,0.0,0.0,0.7499080719818192,0.046095823009692366,0.4010429287940037,4.526943149660886,0.0,2.463531530349328,0.01746656884759412,0.0,0.0,0.0,14.99055639937194,5.684341886080802e-14,1.711852070878578,0.08677543966046564,0.0,7.761921111111111,0.059116277346909996,0.33333333333333304,6.030529559642638,0.0,11.364385036623917,2.6645352591003757e-15,0.8828492186388711,13.005646577159613,0.0,0.7022255486775437,0.026137486231476048,0.10364812047009964,39.8957436737471,0.0,0.08914774078785125,0.10065047430107721,0.0,0.0,0.0,0.7499080719818192,0.046095823009692366,0.4010429287940037,4.526943149660886,0.0,2.463531530349328,0.01746656884759412,0.0,0.0,0.0,14.99055639937194,5.684341886080802e-14,1.711852070878578,0.08677543966046564,0.0,7.761921111111111,0.059116277346909996,0.33333333333333304,6.030529559642638,0.0,11.364385036623917,2.6645352591003757e-15,0.8828492186388711,13.005646577159613,0.0,0.7022255486775437,0.026137486231476048,0.10364812047009964,39.8957436737471,0.0,0.08914774078785125,0.10065047430107721,0.0,0.0,0.0,0.7499080719818192,0.046095823009692366,0.4010429287940037,4.526943149660886,0.0,2.463531530349328,0.01746656884759412,0.0,0.0,0.0,14.99055639937194,5.684341886080802e-14,1.711852070878578,0.08677543966046564,0.0,8.31148474444444,0.07826771876238792,0.33333333333333304,6.030529559642638,0.0,11.364385036623917,2.6645352591003757e-15,0.8828492186388711,13.005646577159613,0.0,2.746646780787213,0.08389556270122062,0.10364812047009964,39.8957436737471,0.0,0.484444935948658,0.12584281503731104,0.0,0.0,0.0,1.2550406896336597,0.05989169845896766,0.4010429287940037,4.526943149660886,0.0,2.648355035133461,0.02734930015146822,0.0,0.0,0.0,0.0,0.0,0.0,0.0,0.0,0.0,0.0,0.0,0.0,0.0,0.0,0.0,0.0,0.0,0.0,0.0,0.0,0.0,0.0,0.0,0.0,0.0,0.0,0.0,0.0,0.0,0.0,0.0,0.0,0.0,0.0,0.0,0.0,0.0,0.0
46,47,G,0.0,3.9219430000000006,0.49907510390080456,0.0,0.49052500000000077,0.27860732617133177,0.0,4.004065,0.8847793796239314,0.0,4.004065,0.8847793796239314,0.0,0.0,0.0,14.99055639937194,5.684341886080802e-14,0.5135556212635777,0.03555771651389783,0.0,6.9241433333333315,0.027031064459066556,0.4055555555555551,0.0796570794278475,0.03840486068388588,11.364385036623917,2.6645352591003757e-15,0.7351543513434736,15.06763112211098,2.6645352591003757e-15,0.3056228066034976,0.01322033134140721,0.04641304655855549,52.3058614552932,0.04124388749560176,0.05378590781738976,0.10735313072106781,0.02463329108286702,15.53864209515567,0.054749322855366434,1.9447548320505632,0.08697475666143159,0.23227953124786085,2.6936772264980515,0.004613838344868559,2.324563703871822,0.01602325153285486,0.028867513459481284,3.851420746870094,0.02925380389611021,14.990556399371997,5.684341886080802e-14,0.5135556212635777,0.03555771651389783,0.0,7.689745138888888,0.05484974198321024,0.4055555555555551,0.0796570794278475,0.0,11.364385036623917,2.6645352591003757e-15,0.7351543513434736,15.06763112211098,0.0,0.5783768735214135,0.022213044785816427,0.04641304655855549,52.3058614552932,0.0,0.0778799991139062,0.110967966237598,0.02463329108286702,15.53864209515567,0.0,1.4389895101553023,0.06706682752044676,0.23227953124786085,2.6936772264980515,0.0,2.579183845912529,0.020049602351796147,0.028867513459481284,3.851420746870094,0.0,14.990556399371997,5.684341886080802e-14,0.5135556212635777,0.03555771651389783,0.0,7.689745138888888,0.05484974198321024,0.4055555555555551,0.0796570794278475,0.0,11.364385036623917,2.6645352591003757e-15,0.7351543513434736,15.06763112211098,0.0,0.5783768735214135,0.022213044785816427,0.04641304655855549,52.3058614552932,0.0,0.0778799991139062,0.110967966237598,0.02463329108286702,15.53864209515567,0.0,1.4389895101553023,0.06706682752044676,0.23227953124786085,2.6936772264980515,0.0,2.579183845912529,0.020049602351796147,0.028867513459481284,3.851420746870094,0.0,14.990556399371997,5.684341886080802e-14,0.5135556212635777,0.03555771651389783,0.0,7.689745138888888,0.05484974198321024,0.4055555555555551,0.0796570794278475,0.0,11.364385036623917,2.6645352591003757e-15,0.7351543513434736,15.06763112211098,0.0,0.5783768735214135,0.022213044785816427,0.04641304655855549,52.3058614552932,0.0,0.0778799991139062,0.110967966237598,0.02463329108286702,15.53864209515567,0.0,1.4389895101553023,0.06706682752044676,0.23227953124786085,2.6936772264980515,0.0,2.579183845912529,0.020049602351796147,0.028867513459481284,3.851420746870094,0.0,14.990556399371997,5.684341886080802e-14,0.5135556212635777,0.03555771651389783,0.0,7.875396131944441,0.06131939154073873,0.4055555555555551,0.0796570794278475,0.0,11.364385036623917,2.6645352591003757e-15,0.7351543513434736,15.06763112211098,0.0,2.455137990317509,0.07523446248430826,0.04641304655855549,52.3058614552932,0.0,0.7050119678326259,0.13851176671363621,0.02463329108286702,15.53864209515567,0.0,1.7339759388651146,0.07512331781130352,0.23227953124786085,2.6936772264980515,0.0,2.960905679503207,0.040460720075187945,0.028867513459481284,3.851420746870094,0.0,0.0,0.0,0.0,0.0,0.0,0.0,0.0,0.0,0.0,0.0,0.0,0.0,0.0,0.0,0.0,0.0,0.0,0.0,0.0,0.0,0.0,0.0,0.0,0.0,0.0,0.0,0.0,0.0,0.0,0.0,0.0,0.0,0.0,0.0,0.0
47,48,A,0.0,2.9166662500000005,0.39124983728662954,0.0,0.4938975000000001,0.008508791906798763,0.0,4.004065,0.8847793796239314,0.0,4.004065,0.8847793796239314,0.0,0.0,0.0,14.990556399371997,5.684341886080802e-14,0.0,0.08122517159043907,0.0,6.608301388888887,0.016843925484959554,0.34722222222222193,4.227824451479256,0.03840486068388588,11.364385036623917,2.6645352591003757e-15,0.5808991923542937,14.45697807524161,2.6645352591003757e-15,0.3035309614862667,0.012950485370961773,0.0,62.56613103204023,0.04124388749560176,0.19665598251425853,0.0989933573540781,0.030791613853583755,34.0479696212053,0.054749322855366434,2.4666282426087873,0.10250713061085218,0.02853400285387602,0.02746848987016573,0.004613838344868559,2.0781500324209365,0.007656769733099256,0.03608439182435161,4.814275933587616,0.02925380389611021,14.990556399371997,5.684341886080802e-14,0.0,0.08122517159043907,0.0,7.523823148148146,0.05053978252578217,0.34722222222222193,4.227824451479256,0.0,11.364385036623915,2.6645352591003757e-15,0.5808991923542937,14.45697807524161,0.0,0.6665057690044109,0.02485082130669225,0.0,62.56613103204023,0.0,0.06872479817148687,0.10102654692045512,0.030791613853583755,34.0479696212053,0.0,1.9662322836011814,0.08114068307267927,0.02853400285387602,0.02746848987016573,0.0,2.335505664658251,0.010236410225102466,0.03608439182435161,4.814275933587616,0.0,14.990556399371997,5.684341886080802e-14,0.0,0.08122517159043907,0.0,7.523823148148146,0.05053978252578217,0.34722222222222193,4.227824451479256,0.0,11.364385036623915,2.6645352591003757e-15,0.5808991923542937,14.45697807524161,0.0,0.6665057690044109,0.02485082130669225,0.0,62.56613103204023,0.0,0.06872479817148687,0.10102654692045512,0.030791613853583755,34.0479696212053,0.0,1.9662322836011814,0.08114068307267927,0.02853400285387602,0.02746848987016573,0.0,2.335505664658251,0.010236410225102466,0.03608439182435161,4.814275933587616,0.0,14.990556399371997,5.684341886080802e-14,0.0,0.08122517159043907,0.0,7.523823148148146,0.05053978252578217,0.34722222222222193,4.227824451479256,0.0,11.364385036623915,2.6645352591003757e-15,0.5808991923542937,14.45697807524161,0.0,0.6665057690044109,0.02485082130669225,0.0,62.56613103204023,0.0,0.06872479817148687,0.10102654692045512,0.030791613853583755,34.0479696212053,0.0,1.9662322836011814,0.08114068307267927,0.02853400285387602,0.02746848987016573,0.0,2.335505664658251,0.010236410225102466,0.03608439182435161,4.814275933587616,0.0,14.990556399371997,5.684341886080802e-14,0.0,0.08122517159043907,0.0,8.24197469444444,0.07556625158616531,0.34722222222222193,4.227824451479256,0.0,11.364385036623915,2.6645352591003757e-15,0.5808991923542937,14.45697807524161,0.0,2.556525475731071,0.07824681477218504,0.0,62.56613103204023,0.0,0.4459100531218164,0.12362944450674626,0.030791613853583755,34.0479696212053,0.0,1.6614244559739078,0.07281595669595506,0.02853400285387602,0.02746848987016573,0.0,2.68172450379668,0.02874914086258598,0.03608439182435161,4.814275933587616,0.0,0.0,0.0,0.0,0.0,0.0,0.0,0.0,0.0,0.0,0.0,0.0,0.0,0.0,0.0,0.0,0.0,0.0,0.0,0.0,0.0,0.0,0.0,0.0,0.0,0.0,0.0,0.0,0.0,0.0,0.0,0.0,0.0,0.0,0.0,0.0
48,49,T,0.0,2.4078549999999996,0.34866850524022697,0.0,4.004065,0.8847793796239314,0.0,4.004065,0.8847793796239314,0.0,4.004065,0.8847793796239314,0.0,0.0,0.0,14.990556399371997,5.684341886080802e-14,0.0,0.07095184652137188,0.0,6.164563888888885,0.0017299433802191455,0.16666666666666663,9.136076697151005,0.03840486068388588,11.364385036623915,2.6645352591003757e-15,0.2744642125918598,11.409039864028824,2.6645352591003757e-15,0.24279958828314996,0.010715657821220026,0.0,2.941394204571224,0.04124388749560176,0.10284764150241507,0.11153489962196983,0.0,7.825646420778701,0.054749322855366434,2.882968976069739,0.11828351259147443,0.11347562425720495,0.760665773802662,0.004613838344868559,2.012521495961443,0.0069733368439319765,0.0,2.763717398269158,0.02925380389611021,14.990556399371997,5.684341886080802e-14,0.0,0.07095184652137188,0.0,7.315977777777773,0.03952690774842538,0.16666666666666663,9.136076697151005,0.0,11.364385036623917,2.6645352591003757e-15,0.2744642125918598,11.409039864028824,0.0,0.7568961129588079,0.027448747949944896,0.0,2.941394204571224,0.0,0.44449623002490934,0.12085545510548124,0.0,7.825646420778701,0.0,2.340545404288804,0.09412203227452623,0.11347562425720495,0.760665773802662,0.0,2.3657406760876687,0.010501081137353152,0.0,2.763717398269158,0.0,14.990556399371997,5.684341886080802e-14,0.0,0.07095184652137188,0.0,7.315977777777773,0.03952690774842538,0.16666666666666663,9.136076697151005,0.0,11.364385036623917,2.6645352591003757e-15,0.2744642125918598,11.409039864028824,0.0,0.7568961129588079,0.027448747949944896,0.0,2.941394204571224,0.0,0.44449623002490934,0.12085545510548124,0.0,7.825646420778701,0.0,2.340545404288804,0.09412203227452623,0.11347562425720495,0.760665773802662,0.0,2.3657406760876687,0.010501081137353152,0.0,2.763717398269158,0.0,14.990556399371997,5.684341886080802e-14,0.0,0.07095184652137188,0.0,7.315977777777773,0.03952690774842538,0.16666666666666663,9.136076697151005,0.0,11.364385036623917,2.6645352591003757e-15,0.2744642125918598,11.409039864028824,0.0,0.7568961129588079,0.027448747949944896,0.0,2.941394204571224,0.0,0.44449623002490934,0.12085545510548124,0.0,7.825646420778701,0.0,2.340545404288804,0.09412203227452623,0.11347562425720495,0.760665773802662,0.0,2.3657406760876687,0.010501081137353152,0.0,2.763717398269158,0.0,14.990556399371997,5.684341886080802e-14,0.0,0.07095184652137188,0.0,7.303273777777774,0.039084193025352265,0.16666666666666663,9.136076697151005,0.0,11.364385036623917,2.6645352591003757e-15,0.2744642125918598,11.409039864028824,0.0,2.586845463855012,0.07914766052470562,0.0,2.941394204571224,0.0,0.24529412989873722,0.11210644664480113,0.0,7.825646420778701,0.0,2.275521614540464,0.09234614199688382,0.11347562425720495,0.760665773802662,0.0,2.799073659276834,0.033671908045794924,0.0,2.763717398269158,0.0,0.0,0.0,0.0,0.0,0.0,0.0,0.0,0.0,0.0,0.0,0.0,0.0,0.0,0.0,0.0,0.0,0.0,0.0,0.0,0.0,0.0,0.0,0.0,0.0,0.0,0.0,0.0,0.0,0.0,0.0,0.0,0.0,0.0,0.0,0.0
49,50,G,0.0,3.1483574999999995,0.5524485167744364,0.0,4.004065,0.8847793796239314,0.0,4.004065,0.8847793796239314,0.0,4.004065,0.8847793796239314,0.0,0.0,0.0,14.990556399371997,5.684341886080802e-14,0.0,0.06722904616294567,0.0,5.428090277777775,0.02858096143002553,0.0,11.46276034605166,0.03840486068388588,11.364385036623917,2.6645352591003757e-15,0.0,10.04180467617393,2.6645352591003757e-15,0.20144874768186138,0.0045484570159708415,0.0,0.49977456392033304,0.04124388749560176,0.1144102272262641,0.10555395653649374,0.0,26.466457621055266,0.054749322855366434,2.7163113613870316,0.11658468763049883,0.0,0.21885612719996705,0.004613838344868559,1.6026732765082703,0.0020785270816733314,0.0,4.642035572467519,0.02925380389611021,14.990556399371997,5.684341886080802e-14,0.0,0.06722904616294567,0.0,6.99444444444444,0.027081722777457184,0.0,11.46276034605166,0.0,11.364385036623917,2.6645352591003757e-15,0.0,10.04180467617393,0.0,0.38249596570444355,0.013653608404288031,0.0,0.49977456392033304,0.0,0.3516290810900453,0.11821412441804044,0.0,26.466457621055266,0.0,1.464806603142458,0.06656290203562679,0.0,0.21885612719996705,0.0,1.899263417307547,0.004074902420436205,0.0,4.642035572467519,0.0,14.990556399371997,5.684341886080802e-14,0.0,0.06722904616294567,0.0,6.99444444444444,0.027081722777457184,0.0,11.46276034605166,0.0,11.364385036623917,2.6645352591003757e-15,0.0,10.04180467617393,0.0,0.38249596570444355,0.013653608404288031,0.0,0.49977456392033304,0.0,0.3516290810900453,0.11821412441804044,0.0,26.466457621055266,0.0,1.464806603142458,0.06656290203562679,0.0,0.21885612719996705,0.0,1.899263417307547,0.004074902420436205,0.0,4.642035572467519,0.0,14.990556399371997,5.684341886080802e-14,0.0,0.06722904616294567,0.0,6.99444444444444,0.027081722777457184,0.0,11.46276034605166,0.0,11.364385036623917,2.6645352591003757e-15,0.0,10.04180467617393,0.0,0.38249596570444355,0.013653608404288031,0.0,0.49977456392033304,0.0,0.3516290810900453,0.11821412441804044,0.0,26.466457621055266,0.0,1.464806603142458,0.06656290203562679,0.0,0.21885612719996705,0.0,1.899263417307547,0.004074902420436205,0.0,4.642035572467519,0.0,14.990556399371997,5.684341886080802e-14,0.0,0.06722904616294567,0.0,6.99444444444444,0.027081722777457184,0.0,11.46276034605166,0.0,11.364385036623917,2.6645352591003757e-15,0.0,10.04180467617393,0.0,0.38249596570444355,0.013653608404288031,0.0,0.49977456392033304,0.0,0.3516290810900453,0.11821412441804044,0.0,26.466457621055266,0.0,1.464806603142458,0.06656290203562679,0.0,0.21885612719996705,0.0,1.899263417307547,0.004074902420436205,0.0,4.642035572467519,0.0,0.0,0.0,0.0,0.0,0.0,0.0,0.0,0.0,0.0,0.0,0.0,0.0,0.0,0.0,0.0,0.0,0.0,0.0,0.0,0.0,0.0,0.0,0.0,0.0,0.0,0.0,0.0,0.0,0.0,0.0,0.0,0.0,0.0,0.0,0.0
50,51,G,0.0,0.0,0.0,0.0,0.0,0.0,0.0,0.0,0.0,0.0,0.0,0.0,0.0,0.0,0.0,14.990556399371997,5.684341886080802e-14,0.0,0.06729539911883542,0.0,3.86173611111111,0.08424364563750825,0.0,23.2224806079328,0.03840486068388588,11.364385036623917,2.6645352591003757e-15,0.0,10.04180467617393,2.6645352591003757e-15,0.7853934610681659,0.022750522436229714,0.0,3.3238354657807214,0.04124388749560176,0.5804495355425735,0.09289378865494703,0.0,0.0,0.054749322855366434,3.967816119631605,0.1666064732253709,0.0,0.0,0.004613838344868559,1.3060831357089933,8.215174291044403e-05,0.0,0.0,0.02925380389611021,0.0,0.0,0.0,0.0,0.0,0.0,0.0,0.0,0.0,0.0,0.0,0.0,0.0,0.0,0.0,0.0,0.0,0.0,0.0,0.0,0.0,0.0,0.0,0.0,0.0,0.0,0.0,0.0,0.0,0.0,0.0,0.0,0.0,0.0,0.0,0.0,0.0,0.0,0.0,0.0,0.0,0.0,0.0,0.0,0.0,0.0,0.0,0.0,0.0,0.0,0.0,0.0,0.0,0.0,0.0,0.0,0.0,0.0,0.0,0.0,0.0,0.0,0.0,0.0,0.0,0.0,0.0,0.0,0.0,0.0,0.0,0.0,0.0,0.0,0.0,0.0,0.0,0.0,0.0,0.0,0.0,0.0,0.0,0.0,0.0,0.0,0.0,0.0,0.0,0.0,0.0,0.0,0.0,0.0,0.0,0.0,0.0,0.0,0.0,0.0,0.0,0.0,0.0,0.0,0.0,0.0,0.0,0.0,0.0,0.0,0.0,0.0,0.0,0.0,0.0,0.0,0.0,0.0,0.0,0.0,0.0,0.0,0.0,0.0,0.0,0.0,0.0,0.0,0.0,0.0,0.0,0.0,0.0,0.0,0.0,0.0,0.0,0.0,0.0,0.0,0.0,0.0,0.0,0.0,0.0,0.0,0.0,0.0,0.0,0.0,0.0,0.0,0.0,0.0,0.0,0.0,0.0,0.0,0.0,0.0,0.0,0.0,0.0,0.0,0.0,0.0,0.0,0.0,0.0,0.0,0.0,0.0,0.0,0.0,0.0
