
                         MODELLER 10.3, 2022/07/08, r12388

     PROTEIN STRUCTURE MODELLING BY SATISFACTION OF SPATIAL RESTRAINTS


                     Copyright(c) 1989-2022 Andrej Sali
                            All Rights Reserved

                             Written by A. Sali
                               with help from
              B. Webb, M.S. Madhusudhan, M-Y. Shen, G.Q. Dong,
          M.A. Marti-Renom, N. Eswar, F. Alber, M. Topf, B. Oliva,
             A. Fiser, R. Sanchez, B. Yerkovich, A. Badretdinov,
                     F. Melo, J.P. Overington, E. Feyfant
                 University of California, San Francisco, USA
                    Rockefeller University, New York, USA
                      Harvard University, Cambridge, USA
                   Imperial Cancer Research Fund, London, UK
              Birkbeck College, University of London, London, UK


Kind, OS, HostName, Kernel, Processor: 4, Linux golem 5.15.0-139-generic x86_64
Date and time of compilation         : 2022/07/08 22:21:48
MODELLER executable type             : x86_64-intel8
Job starting time (YY/MM/DD HH:MM:SS): 2026/04/24 14:18:31

environ____W> The class 'environ' is deprecated; use 'Environ' instead
openf___224_> Open           $(LIB)/restyp.lib
openf___224_> Open           ${MODINSTALL10v3}/modlib/resgrp.lib
rdresgr_266_> Number of residue groups:        2
openf___224_> Open           ${MODINSTALL10v3}/modlib/sstruc.lib

Dynamically allocated memory at   amaxlibraries [B,KiB,MiB]:       191566     187.076     0.183

Dynamically allocated memory at   amaxlibraries [B,KiB,MiB]:       192094     187.592     0.183
openf___224_> Open           ${MODINSTALL10v3}/modlib/resdih.lib

Dynamically allocated memory at   amaxlibraries [B,KiB,MiB]:       240694     235.053     0.230
rdrdih__263_> Number of dihedral angle types         :        9
              Maximal number of dihedral angle optima:        3
              Dihedral angle names                   :  Alph Phi Psi Omeg chi1 chi2 chi3 chi4 chi5
openf___224_> Open           ${MODINSTALL10v3}/modlib/radii.lib

Dynamically allocated memory at   amaxlibraries [B,KiB,MiB]:       253994     248.041     0.242
openf___224_> Open           ${MODINSTALL10v3}/modlib/af_mnchdef.lib
rdwilmo_274_> Mainchain residue conformation classes:  APBLE
openf___224_> Open           ${MODINSTALL10v3}/modlib/mnch.lib
rdclass_257_> Number of classes:        5
openf___224_> Open           ${MODINSTALL10v3}/modlib/mnch1.lib
openf___224_> Open           ${MODINSTALL10v3}/modlib/mnch2.lib
openf___224_> Open           ${MODINSTALL10v3}/modlib/mnch3.lib
openf___224_> Open           ${MODINSTALL10v3}/modlib/xs4.mat
rdrrwgh_268_> Number of residue types:       21
automodel__W> The class 'automodel' is deprecated; use 'AutoModel' instead
openf___224_> Open           5nj8_A_alignment.pir

Dynamically allocated memory at   amaxalignment [B,KiB,MiB]:       265959     259.726     0.254

Dynamically allocated memory at   amaxalignment [B,KiB,MiB]:       267409     261.142     0.255

Dynamically allocated memory at   amaxalignment [B,KiB,MiB]:       270309     263.974     0.258

Dynamically allocated memory at   amaxalignment [B,KiB,MiB]:       276109     269.638     0.263

Dynamically allocated memory at   amaxalignment [B,KiB,MiB]:       405317     395.817     0.387

Dynamically allocated memory at    amaxsequence [B,KiB,MiB]:       405345     395.845     0.387

Dynamically allocated memory at    amaxsequence [B,KiB,MiB]:       405373     395.872     0.387

Dynamically allocated memory at    amaxsequence [B,KiB,MiB]:       405401     395.899     0.387

Dynamically allocated memory at    amaxsequence [B,KiB,MiB]:       405429     395.927     0.387

Dynamically allocated memory at    amaxsequence [B,KiB,MiB]:       406225     396.704     0.387

Dynamically allocated memory at    amaxsequence [B,KiB,MiB]:       407273     397.728     0.388
read_al_374_> Non-standard residue type,position,sequence:  .      240        1
read_al_374_> Non-standard residue type,position,sequence:  .      241        1
read_al_374_> Non-standard residue type,position,sequence:  .      242        1
read_al_374_> Non-standard residue type,position,sequence:  .      243        1
read_al_374_> Non-standard residue type,position,sequence:  .      244        1
read_al_374_> Non-standard residue type,position,sequence:  .      245        1
read_al_374_> Non-standard residue type,position,sequence:  .      246        1
read_al_374_> Non-standard residue type,position,sequence:  .      247        1
read_al_374_> Non-standard residue type,position,sequence:  .      248        1
read_al_374_> Non-standard residue type,position,sequence:  .      249        1
read_al_374_> Non-standard residue type,position,sequence:  .      250        1
read_al_374_> Non-standard residue type,position,sequence:  .      251        1
read_al_374_> Non-standard residue type,position,sequence:  .      252        1
read_al_374_> Non-standard residue type,position,sequence:  .      253        1
read_al_374_> Non-standard residue type,position,sequence:  .      254        1
read_al_374_> Non-standard residue type,position,sequence:  .      255        1
read_al_374_> Non-standard residue type,position,sequence:  .      256        1
read_al_374_> Non-standard residue type,position,sequence:  .      257        1
read_al_374_> Non-standard residue type,position,sequence:  .      258        1
read_al_374_> Non-standard residue type,position,sequence:  .      259        1
read_al_374_> Non-standard residue type,position,sequence:  .      260        1
read_al_374_> Non-standard residue type,position,sequence:  .      261        1
read_al_374_> Non-standard residue type,position,sequence:  .      262        1
read_al_374_> Non-standard residue type,position,sequence:  .      263        1
read_al_374_> Non-standard residue type,position,sequence:  .      240        2
read_al_374_> Non-standard residue type,position,sequence:  .      241        2
read_al_374_> Non-standard residue type,position,sequence:  .      242        2
read_al_374_> Non-standard residue type,position,sequence:  .      243        2
read_al_374_> Non-standard residue type,position,sequence:  .      244        2
read_al_374_> Non-standard residue type,position,sequence:  .      245        2
read_al_374_> Non-standard residue type,position,sequence:  .      246        2
read_al_374_> Non-standard residue type,position,sequence:  .      247        2
read_al_374_> Non-standard residue type,position,sequence:  .      248        2
read_al_374_> Non-standard residue type,position,sequence:  .      249        2
read_al_374_> Non-standard residue type,position,sequence:  .      250        2
read_al_374_> Non-standard residue type,position,sequence:  .      251        2
read_al_374_> Non-standard residue type,position,sequence:  .      252        2
read_al_374_> Non-standard residue type,position,sequence:  .      253        2
read_al_374_> Non-standard residue type,position,sequence:  .      254        2
read_al_374_> Non-standard residue type,position,sequence:  .      255        2
read_al_374_> Non-standard residue type,position,sequence:  .      256        2
read_al_374_> Non-standard residue type,position,sequence:  .      257        2
read_al_374_> Non-standard residue type,position,sequence:  .      258        2
read_al_374_> Non-standard residue type,position,sequence:  .      259        2
read_al_374_> Non-standard residue type,position,sequence:  .      260        2
read_al_374_> Non-standard residue type,position,sequence:  .      261        2
read_al_374_> Non-standard residue type,position,sequence:  .      262        2
read_al_374_> Non-standard residue type,position,sequence:  .      263        2

Read the alignment from file       : 5nj8_A_alignment.pir

Total number of alignment positions:   263

  #  Code        #_Res #_Segm PDB_code    Name
-------------------------------------------------------------------------------
  1       5nj8     200      3        5nj8
  2      query     263      3       query
check_a_343_> >> BEGINNING OF COMMAND
openf___224_> Open           5nj8.pdb

Dynamically allocated memory at amaxcoordinates [B,KiB,MiB]:       468998     458.006     0.447

Dynamically allocated memory at    amaxsequence [B,KiB,MiB]:       468998     458.006     0.447

Dynamically allocated memory at amaxcoordinates [B,KiB,MiB]:       469169     458.173     0.447

Dynamically allocated memory at amaxcoordinates [B,KiB,MiB]:       470019     459.003     0.448

Dynamically allocated memory at amaxcoordinates [B,KiB,MiB]:       471277     460.231     0.449

Dynamically allocated memory at amaxcoordinates [B,KiB,MiB]:       473181     462.091     0.451

Dynamically allocated memory at    amaxsequence [B,KiB,MiB]:       473181     462.091     0.451

Dynamically allocated memory at amaxcoordinates [B,KiB,MiB]:       473271     462.179     0.451

Dynamically allocated memory at amaxcoordinates [B,KiB,MiB]:       476127     464.968     0.454

Dynamically allocated memory at    amaxsequence [B,KiB,MiB]:       476127     464.968     0.454

Dynamically allocated memory at amaxcoordinates [B,KiB,MiB]:       476262     465.100     0.454

Dynamically allocated memory at amaxcoordinates [B,KiB,MiB]:       480546     469.283     0.458

Dynamically allocated memory at    amaxsequence [B,KiB,MiB]:       480546     469.283     0.458

Dynamically allocated memory at amaxcoordinates [B,KiB,MiB]:       480744     469.477     0.458

Dynamically allocated memory at amaxcoordinates [B,KiB,MiB]:       487170     475.752     0.465

Dynamically allocated memory at    amaxsequence [B,KiB,MiB]:       487170     475.752     0.465

Dynamically allocated memory at amaxcoordinates [B,KiB,MiB]:       487467     476.042     0.465

Dynamically allocated memory at amaxcoordinates [B,KiB,MiB]:       497089     485.438     0.474

Dynamically allocated memory at    amaxsequence [B,KiB,MiB]:       497089     485.438     0.474

Dynamically allocated memory at amaxcoordinates [B,KiB,MiB]:       497539     485.878     0.474

Dynamically allocated memory at amaxcoordinates [B,KiB,MiB]:       511989     499.989     0.488

Dynamically allocated memory at    amaxsequence [B,KiB,MiB]:       511989     499.989     0.488

Dynamically allocated memory at amaxcoordinates [B,KiB,MiB]:       512664     500.648     0.489

Dynamically allocated memory at amaxcoordinates [B,KiB,MiB]:       534322     521.799     0.510

Dynamically allocated memory at    amaxsequence [B,KiB,MiB]:       534322     521.799     0.510

Dynamically allocated memory at amaxcoordinates [B,KiB,MiB]:       534322     521.799     0.510

Dynamically allocated memory at   amaxstructure [B,KiB,MiB]:       534097     521.579     0.509
replace_706W> BLK ('.') residue type in alignment will force 'AutoModel'
              model building to treat residue type  DGUA as a rigid body,
              even though topology information appears to be at least
              partially available. To treat this residue flexibly
              instead, use 1-letter code ' l' in the alignment.
replace_706W> BLK ('.') residue type in alignment will force 'AutoModel'
              model building to treat residue type  DGUA as a rigid body,
              even though topology information appears to be at least
              partially available. To treat this residue flexibly
              instead, use 1-letter code ' l' in the alignment.
replace_706W> BLK ('.') residue type in alignment will force 'AutoModel'
              model building to treat residue type  DTHY as a rigid body,
              even though topology information appears to be at least
              partially available. To treat this residue flexibly
              instead, use 1-letter code ' t' in the alignment.
replace_706W> BLK ('.') residue type in alignment will force 'AutoModel'
              model building to treat residue type  DCYT as a rigid body,
              even though topology information appears to be at least
              partially available. To treat this residue flexibly
              instead, use 1-letter code ' j' in the alignment.
replace_706W> BLK ('.') residue type in alignment will force 'AutoModel'
              model building to treat residue type  DADE as a rigid body,
              even though topology information appears to be at least
              partially available. To treat this residue flexibly
              instead, use 1-letter code ' e' in the alignment.
replace_706W> BLK ('.') residue type in alignment will force 'AutoModel'
              model building to treat residue type  DCYT as a rigid body,
              even though topology information appears to be at least
              partially available. To treat this residue flexibly
              instead, use 1-letter code ' j' in the alignment.
replace_706W> BLK ('.') residue type in alignment will force 'AutoModel'
              model building to treat residue type  DGUA as a rigid body,
              even though topology information appears to be at least
              partially available. To treat this residue flexibly
              instead, use 1-letter code ' l' in the alignment.
replace_706W> BLK ('.') residue type in alignment will force 'AutoModel'
              model building to treat residue type  DCYT as a rigid body,
              even though topology information appears to be at least
              partially available. To treat this residue flexibly
              instead, use 1-letter code ' j' in the alignment.
replace_706W> BLK ('.') residue type in alignment will force 'AutoModel'
              model building to treat residue type  DADE as a rigid body,
              even though topology information appears to be at least
              partially available. To treat this residue flexibly
              instead, use 1-letter code ' e' in the alignment.
replace_706W> BLK ('.') residue type in alignment will force 'AutoModel'
              model building to treat residue type  DADE as a rigid body,
              even though topology information appears to be at least
              partially available. To treat this residue flexibly
              instead, use 1-letter code ' e' in the alignment.
replace_706W> BLK ('.') residue type in alignment will force 'AutoModel'
              model building to treat residue type  DCYT as a rigid body,
              even though topology information appears to be at least
              partially available. To treat this residue flexibly
              instead, use 1-letter code ' j' in the alignment.
replace_706W> BLK ('.') residue type in alignment will force 'AutoModel'
              model building to treat residue type  DCYT as a rigid body,
              even though topology information appears to be at least
              partially available. To treat this residue flexibly
              instead, use 1-letter code ' j' in the alignment.
replace_706W> BLK ('.') residue type in alignment will force 'AutoModel'
              model building to treat residue type  DGUA as a rigid body,
              even though topology information appears to be at least
              partially available. To treat this residue flexibly
              instead, use 1-letter code ' l' in the alignment.
replace_706W> BLK ('.') residue type in alignment will force 'AutoModel'
              model building to treat residue type  DGUA as a rigid body,
              even though topology information appears to be at least
              partially available. To treat this residue flexibly
              instead, use 1-letter code ' l' in the alignment.
replace_706W> BLK ('.') residue type in alignment will force 'AutoModel'
              model building to treat residue type  DTHY as a rigid body,
              even though topology information appears to be at least
              partially available. To treat this residue flexibly
              instead, use 1-letter code ' t' in the alignment.
replace_706W> BLK ('.') residue type in alignment will force 'AutoModel'
              model building to treat residue type  DTHY as a rigid body,
              even though topology information appears to be at least
              partially available. To treat this residue flexibly
              instead, use 1-letter code ' t' in the alignment.
replace_706W> BLK ('.') residue type in alignment will force 'AutoModel'
              model building to treat residue type  DGUA as a rigid body,
              even though topology information appears to be at least
              partially available. To treat this residue flexibly
              instead, use 1-letter code ' l' in the alignment.
replace_706W> BLK ('.') residue type in alignment will force 'AutoModel'
              model building to treat residue type  DCYT as a rigid body,
              even though topology information appears to be at least
              partially available. To treat this residue flexibly
              instead, use 1-letter code ' j' in the alignment.
replace_706W> BLK ('.') residue type in alignment will force 'AutoModel'
              model building to treat residue type  DGUA as a rigid body,
              even though topology information appears to be at least
              partially available. To treat this residue flexibly
              instead, use 1-letter code ' l' in the alignment.
replace_706W> BLK ('.') residue type in alignment will force 'AutoModel'
              model building to treat residue type  DTHY as a rigid body,
              even though topology information appears to be at least
              partially available. To treat this residue flexibly
              instead, use 1-letter code ' t' in the alignment.
replace_706W> BLK ('.') residue type in alignment will force 'AutoModel'
              model building to treat residue type  DGUA as a rigid body,
              even though topology information appears to be at least
              partially available. To treat this residue flexibly
              instead, use 1-letter code ' l' in the alignment.
replace_706W> BLK ('.') residue type in alignment will force 'AutoModel'
              model building to treat residue type  DADE as a rigid body,
              even though topology information appears to be at least
              partially available. To treat this residue flexibly
              instead, use 1-letter code ' e' in the alignment.
replace_706W> BLK ('.') residue type in alignment will force 'AutoModel'
              model building to treat residue type  DCYT as a rigid body,
              even though topology information appears to be at least
              partially available. To treat this residue flexibly
              instead, use 1-letter code ' j' in the alignment.
replace_706W> BLK ('.') residue type in alignment will force 'AutoModel'
              model building to treat residue type  DCYT as a rigid body,
              even though topology information appears to be at least
              partially available. To treat this residue flexibly
              instead, use 1-letter code ' j' in the alignment.
fndatmi_285W> Only      176 residues out of      200 contain atoms of type  CA
              (This is usually caused by non-standard residues, such
              as ligands, or by PDB files with missing atoms.)
fndatmi_285W> Only      176 residues out of      200 contain atoms of type  CA
              (This is usually caused by non-standard residues, such
              as ligands, or by PDB files with missing atoms.)

check_ali___> Checking the sequence-structure alignment. 

Implied intrachain target CA(i)-CA(i+1) distances longer than  8.0 angstroms:

ALN_POS  TMPL  RID1  RID2  NAM1  NAM2     DIST
----------------------------------------------
END OF TABLE
check_a_344_> << END OF COMMAND
openf___224_> Open           5nj8_A_alignment.pir
read_al_374_> Non-standard residue type,position,sequence:  .      177        1
read_al_374_> Non-standard residue type,position,sequence:  .      178        1
read_al_374_> Non-standard residue type,position,sequence:  .      179        1
read_al_374_> Non-standard residue type,position,sequence:  .      180        1
read_al_374_> Non-standard residue type,position,sequence:  .      181        1
read_al_374_> Non-standard residue type,position,sequence:  .      182        1
read_al_374_> Non-standard residue type,position,sequence:  .      183        1
read_al_374_> Non-standard residue type,position,sequence:  .      184        1
read_al_374_> Non-standard residue type,position,sequence:  .      185        1
read_al_374_> Non-standard residue type,position,sequence:  .      186        1
read_al_374_> Non-standard residue type,position,sequence:  .      187        1
read_al_374_> Non-standard residue type,position,sequence:  .      188        1
read_al_374_> Non-standard residue type,position,sequence:  .      189        1
read_al_374_> Non-standard residue type,position,sequence:  .      190        1
read_al_374_> Non-standard residue type,position,sequence:  .      191        1
read_al_374_> Non-standard residue type,position,sequence:  .      192        1
read_al_374_> Non-standard residue type,position,sequence:  .      193        1
read_al_374_> Non-standard residue type,position,sequence:  .      194        1
read_al_374_> Non-standard residue type,position,sequence:  .      195        1
read_al_374_> Non-standard residue type,position,sequence:  .      196        1
read_al_374_> Non-standard residue type,position,sequence:  .      197        1
read_al_374_> Non-standard residue type,position,sequence:  .      198        1
read_al_374_> Non-standard residue type,position,sequence:  .      199        1
read_al_374_> Non-standard residue type,position,sequence:  .      200        1

Read the alignment from file       : 5nj8_A_alignment.pir

Total number of alignment positions:   200

  #  Code        #_Res #_Segm PDB_code    Name
-------------------------------------------------------------------------------
  1       5nj8     200      3        5nj8
malign3_327W> Only one structure; nothing done.
openf___224_> Open           5nj8_A_alignment.pir
read_al_374_> Non-standard residue type,position,sequence:  .      240        1
read_al_374_> Non-standard residue type,position,sequence:  .      241        1
read_al_374_> Non-standard residue type,position,sequence:  .      242        1
read_al_374_> Non-standard residue type,position,sequence:  .      243        1
read_al_374_> Non-standard residue type,position,sequence:  .      244        1
read_al_374_> Non-standard residue type,position,sequence:  .      245        1
read_al_374_> Non-standard residue type,position,sequence:  .      246        1
read_al_374_> Non-standard residue type,position,sequence:  .      247        1
read_al_374_> Non-standard residue type,position,sequence:  .      248        1
read_al_374_> Non-standard residue type,position,sequence:  .      249        1
read_al_374_> Non-standard residue type,position,sequence:  .      250        1
read_al_374_> Non-standard residue type,position,sequence:  .      251        1
read_al_374_> Non-standard residue type,position,sequence:  .      252        1
read_al_374_> Non-standard residue type,position,sequence:  .      253        1
read_al_374_> Non-standard residue type,position,sequence:  .      254        1
read_al_374_> Non-standard residue type,position,sequence:  .      255        1
read_al_374_> Non-standard residue type,position,sequence:  .      256        1
read_al_374_> Non-standard residue type,position,sequence:  .      257        1
read_al_374_> Non-standard residue type,position,sequence:  .      258        1
read_al_374_> Non-standard residue type,position,sequence:  .      259        1
read_al_374_> Non-standard residue type,position,sequence:  .      260        1
read_al_374_> Non-standard residue type,position,sequence:  .      261        1
read_al_374_> Non-standard residue type,position,sequence:  .      262        1
read_al_374_> Non-standard residue type,position,sequence:  .      263        1
read_al_374_> Non-standard residue type,position,sequence:  .      240        2
read_al_374_> Non-standard residue type,position,sequence:  .      241        2
read_al_374_> Non-standard residue type,position,sequence:  .      242        2
read_al_374_> Non-standard residue type,position,sequence:  .      243        2
read_al_374_> Non-standard residue type,position,sequence:  .      244        2
read_al_374_> Non-standard residue type,position,sequence:  .      245        2
read_al_374_> Non-standard residue type,position,sequence:  .      246        2
read_al_374_> Non-standard residue type,position,sequence:  .      247        2
read_al_374_> Non-standard residue type,position,sequence:  .      248        2
read_al_374_> Non-standard residue type,position,sequence:  .      249        2
read_al_374_> Non-standard residue type,position,sequence:  .      250        2
read_al_374_> Non-standard residue type,position,sequence:  .      251        2
read_al_374_> Non-standard residue type,position,sequence:  .      252        2
read_al_374_> Non-standard residue type,position,sequence:  .      253        2
read_al_374_> Non-standard residue type,position,sequence:  .      254        2
read_al_374_> Non-standard residue type,position,sequence:  .      255        2
read_al_374_> Non-standard residue type,position,sequence:  .      256        2
read_al_374_> Non-standard residue type,position,sequence:  .      257        2
read_al_374_> Non-standard residue type,position,sequence:  .      258        2
read_al_374_> Non-standard residue type,position,sequence:  .      259        2
read_al_374_> Non-standard residue type,position,sequence:  .      260        2
read_al_374_> Non-standard residue type,position,sequence:  .      261        2
read_al_374_> Non-standard residue type,position,sequence:  .      262        2
read_al_374_> Non-standard residue type,position,sequence:  .      263        2

Read the alignment from file       : 5nj8_A_alignment.pir

Total number of alignment positions:   263

  #  Code        #_Res #_Segm PDB_code    Name
-------------------------------------------------------------------------------
  1       5nj8     200      3        5nj8
  2      query     263      3       query
openf___224_> Open           ${LIB}/top_heav.lib
read_to_681_> topology.submodel read from topology file:        3
openf___224_> Open           ${LIB}/par.lib

Dynamically allocated memory at  amaxparameters [B,KiB,MiB]:       673349     657.567     0.642

Dynamically allocated memory at  amaxparameters [B,KiB,MiB]:       674949     659.130     0.644

Dynamically allocated memory at  amaxparameters [B,KiB,MiB]:       678929     663.017     0.647

Dynamically allocated memory at  amaxparameters [B,KiB,MiB]:       680929     664.970     0.649

Dynamically allocated memory at  amaxparameters [B,KiB,MiB]:       683929     667.899     0.652

Dynamically allocated memory at  amaxparameters [B,KiB,MiB]:       688429     672.294     0.657

Dynamically allocated memory at  amaxparameters [B,KiB,MiB]:       694001     677.735     0.662

Dynamically allocated memory at  amaxparameters [B,KiB,MiB]:       696801     680.470     0.665

Dynamically allocated memory at  amaxparameters [B,KiB,MiB]:       701001     684.571     0.669

Dynamically allocated memory at  amaxparameters [B,KiB,MiB]:       707301     690.724     0.675

Dynamically allocated memory at  amaxparameters [B,KiB,MiB]:       710073     693.431     0.677

Dynamically allocated memory at  amaxparameters [B,KiB,MiB]:       711473     694.798     0.679
read_pa_232_> parameters    BONDS   ANGLS  DIHEDS IMPROPS    MODE
                              227     561     661     112       0

Dynamically allocated memory at       amaxmodel [B,KiB,MiB]:       748839     731.288     0.714

Dynamically allocated memory at       amaxmodel [B,KiB,MiB]:       935921     913.985     0.893

Dynamically allocated memory at       amaxmodel [B,KiB,MiB]:       964209     941.610     0.920

mkilst______> segment topology constructed from sequence and RTF:
              segments residues  atoms  bonds angles dihedrals impropers:
                     1      239   1890   1928      0         0       804

Dynamically allocated memory at       amaxmodel [B,KiB,MiB]:      1044365    1019.888     0.996

patch_______> segment topology patched using RTF:  1 ;  ASN  ;  NTER
              segments residues  atoms  bonds angles dihedrals impropers:
                     1      239   1890   1928   2610      3054       804


Dynamically allocated memory at       amaxmodel [B,KiB,MiB]:      1136461    1109.825     1.084
patch_______> segment topology patched using RTF:  239 ;  LEU  ;  CTER
              segments residues  atoms  bonds angles dihedrals impropers:
                     1      239   1891   1929   2612      3056       805

genseg______> segment topology constructed from sequence and RTF:
              segments residues  atoms  bonds angles dihedrals impropers:
                     1      239   1891   1929   2612      3056       805

Dynamically allocated memory at    amaxsequence [B,KiB,MiB]:      1136489    1109.853     1.084

Dynamically allocated memory at       amaxmodel [B,KiB,MiB]:      1138373    1111.692     1.086

Dynamically allocated memory at       amaxmodel [B,KiB,MiB]:      1140431    1113.702     1.088

Dynamically allocated memory at       amaxmodel [B,KiB,MiB]:      1142391    1115.616     1.089

Dynamically allocated memory at       amaxmodel [B,KiB,MiB]:      1144351    1117.530     1.091

Dynamically allocated memory at       amaxmodel [B,KiB,MiB]:      1146409    1119.540     1.093

Dynamically allocated memory at       amaxmodel [B,KiB,MiB]:      1148467    1121.550     1.095

Dynamically allocated memory at       amaxmodel [B,KiB,MiB]:      1150525    1123.560     1.097

Dynamically allocated memory at       amaxmodel [B,KiB,MiB]:      1152583    1125.569     1.099

Dynamically allocated memory at       amaxmodel [B,KiB,MiB]:      1154641    1127.579     1.101

Dynamically allocated memory at       amaxmodel [B,KiB,MiB]:      1156699    1129.589     1.103

Dynamically allocated memory at       amaxmodel [B,KiB,MiB]:      1158757    1131.599     1.105

Dynamically allocated memory at       amaxmodel [B,KiB,MiB]:      1160815    1133.608     1.107

mkilst______> segment topology constructed from sequence and RTF:
              segments residues  atoms  bonds angles dihedrals impropers:
                     2      251   2131   1929   2612      3056       805

genseg______> segment topology constructed from sequence and RTF:
              segments residues  atoms  bonds angles dihedrals impropers:
                     2      251   2131   1929   2612      3056       805

Dynamically allocated memory at    amaxsequence [B,KiB,MiB]:      1160843    1133.636     1.107

Dynamically allocated memory at       amaxmodel [B,KiB,MiB]:      1162727    1135.476     1.109

Dynamically allocated memory at       amaxmodel [B,KiB,MiB]:      1164785    1137.485     1.111

Dynamically allocated memory at       amaxmodel [B,KiB,MiB]:      1166843    1139.495     1.113

Dynamically allocated memory at       amaxmodel [B,KiB,MiB]:      1168901    1141.505     1.115

Dynamically allocated memory at       amaxmodel [B,KiB,MiB]:      1170959    1143.515     1.117

Dynamically allocated memory at       amaxmodel [B,KiB,MiB]:      1173017    1145.524     1.119

Dynamically allocated memory at       amaxmodel [B,KiB,MiB]:      1175075    1147.534     1.121

Dynamically allocated memory at       amaxmodel [B,KiB,MiB]:      1177133    1149.544     1.123

Dynamically allocated memory at       amaxmodel [B,KiB,MiB]:      1179191    1151.554     1.125

Dynamically allocated memory at       amaxmodel [B,KiB,MiB]:      1181249    1153.563     1.127

Dynamically allocated memory at       amaxmodel [B,KiB,MiB]:      1183307    1155.573     1.128

Dynamically allocated memory at       amaxmodel [B,KiB,MiB]:      1185365    1157.583     1.130

Dynamically allocated memory at       amaxmodel [B,KiB,MiB]:      1187423    1159.593     1.132

mkilst______> segment topology constructed from sequence and RTF:
              segments residues  atoms  bonds angles dihedrals impropers:
                     3      263   2375   1929   2612      3056       805

genseg______> segment topology constructed from sequence and RTF:
              segments residues  atoms  bonds angles dihedrals impropers:
                     3      263   2375   1929   2612      3056       805
fndatmi_285W> Only      176 residues out of      200 contain atoms of type  CA
              (This is usually caused by non-standard residues, such
              as ligands, or by PDB files with missing atoms.)
transfe_506_> MODEL is an average of all templates.
transfe_511_> Number of templates for coordinate transfer:        1
              After transferring coordinates of the equivalent template atoms,
              there are defined, undefined atoms in MODEL:     1880      495
openf___224_> Open           query.ini
wrpdb___568_> Residues, atoms, selected atoms:      263     2375     2375
make_re_417_> Restraint type to be calculated:  stereo

Dynamically allocated memory at  amaxrestraints [B,KiB,MiB]:      1294872    1264.523     1.235

Dynamically allocated memory at  amaxrestraints [B,KiB,MiB]:      1303064    1272.523     1.243

Dynamically allocated memory at  amaxrestraints [B,KiB,MiB]:      1319448    1288.523     1.258

Dynamically allocated memory at  amaxrestraints [B,KiB,MiB]:      1352216    1320.523     1.290

Dynamically allocated memory at  amaxrestraints [B,KiB,MiB]:      1384984    1352.523     1.321

Dynamically allocated memory at  amaxrestraints [B,KiB,MiB]:      1450520    1416.523     1.383

Dynamically allocated memory at  amaxrestraints [B,KiB,MiB]:      1483288    1448.523     1.415

Dynamically allocated memory at  amaxrestraints [B,KiB,MiB]:      1516056    1480.523     1.446

Dynamically allocated memory at  amaxrestraints [B,KiB,MiB]:      1581592    1544.523     1.508

Dynamically allocated memory at  amaxrestraints [B,KiB,MiB]:      1712664    1672.523     1.633

Dynamically allocated memory at  amaxrestraints [B,KiB,MiB]:      1778200    1736.523     1.696

Dynamically allocated memory at  amaxrestraints [B,KiB,MiB]:      1843736    1800.523     1.758

Dynamically allocated memory at  amaxrestraints [B,KiB,MiB]:      1974808    1928.523     1.883
r_stere_606_> Stereochemical restraints were constructed from RTF & PRMF.
              Added bond,angle,dihedral,improper restraints  :     1929    2612    2916     792
              Total number of restraints before, now         :        0     8249
make_re_422_> Number of previous, current restraints         :        0     8249
make_re_423_> Number of previous, current selected restraints:        0     8249
make_re_417_> Restraint type to be calculated:  phi-psi_binormal

Dynamically allocated memory at   amaxstructure [B,KiB,MiB]:      2135860    2085.801     2.037
openf___224_> Open           ${MODINSTALL10v3}/modlib/mnch1.bin
openf___224_> Open           ${MODINSTALL10v3}/modlib/mnch1.mdt
errdih__638_> Missing atoms in a dihedral, residue index, residue type:        1      175  PRO
errdih__638_> Missing atoms in a dihedral, residue index, residue type:        1      176  LEU
errdih__638_> Missing atoms in a dihedral, residue index, residue type:        3      176  LEU
errdih__638_> Missing atoms in a dihedral, residue index, residue type:        4      176  LEU
errdih__638_> Missing atoms in a dihedral, residue index, residue type:        5       38  ARG
errdih__638_> Missing atoms in a dihedral, residue index, residue type:        5       55  LYS
errdih__638_> Missing atoms in a dihedral, residue index, residue type:        5       79  ASP
errdih__638_> Missing atoms in a dihedral, residue index, residue type:        5      126  GLU
errdih__638_> Missing atoms in a dihedral, residue index, residue type:        5      144  ASP
errdih__638_> Missing atoms in a dihedral, residue index, residue type:        5      163  GLN
errdih__638_> Missing atoms in a dihedral, residue index, residue type:        5      164  LYS
errdih__638_> Missing atoms in a dihedral, residue index, residue type:        6       38  ARG
errdih__638_> Missing atoms in a dihedral, residue index, residue type:        6       55  LYS
errdih__638_> Missing atoms in a dihedral, residue index, residue type:        6       79  ASP
errdih__638_> Missing atoms in a dihedral, residue index, residue type:        6      126  GLU
errdih__638_> Missing atoms in a dihedral, residue index, residue type:        6      144  ASP
errdih__638_> Missing atoms in a dihedral, residue index, residue type:        6      163  GLN
errdih__638_> Missing atoms in a dihedral, residue index, residue type:        6      164  LYS
errdih__638_> Missing atoms in a dihedral, residue index, residue type:        7       38  ARG
errdih__638_> Missing atoms in a dihedral, residue index, residue type:        7       55  LYS
errdih__638_> Missing atoms in a dihedral, residue index, residue type:        7      126  GLU
errdih__638_> Missing atoms in a dihedral, residue index, residue type:        7      163  GLN
errdih__638_> Missing atoms in a dihedral, residue index, residue type:        7      164  LYS
errdih__638_> Missing atoms in a dihedral, residue index, residue type:        8       38  ARG
errdih__638_> Missing atoms in a dihedral, residue index, residue type:        8       55  LYS
errdih__638_> Missing atoms in a dihedral, residue index, residue type:        8      164  LYS
getdata_643_> Protein accepted:  5nj8
getdata_289_> Proteins (all/accepted):        1        1
make_re_422_> Number of previous, current restraints         :     8249     8486
make_re_423_> Number of previous, current selected restraints:     8249     8486
make_re_417_> Restraint type to be calculated:  omega_dihedral

Dynamically allocated memory at   amaxstructure [B,KiB,MiB]:      2135876    2085.816     2.037
openf___224_> Open           ${MODINSTALL10v3}/modlib/omega.bin
openf___224_> Open           ${MODINSTALL10v3}/modlib/omega.mdt
getdata_643_> Protein accepted:  5nj8
getdata_289_> Proteins (all/accepted):        1        1
omgdel__425_> Unselected all O C +N +CA dihedrals:      251
              (This is to avoid clashes between STEREO
              and OMEGA_DIHEDRAL restraints)
make_re_422_> Number of previous, current restraints         :     8486     8724
make_re_423_> Number of previous, current selected restraints:     8486     8473
make_re_417_> Restraint type to be calculated:  chi1_dihedral

Dynamically allocated memory at   amaxstructure [B,KiB,MiB]:      2135876    2085.816     2.037
openf___224_> Open           ${MODINSTALL10v3}/modlib/chi1234.bin
openf___224_> Open           ${MODINSTALL10v3}/modlib/chi1.mdt
getdata_643_> Protein accepted:  5nj8
getdata_289_> Proteins (all/accepted):        1        1
make_re_422_> Number of previous, current restraints         :     8724     8934
make_re_423_> Number of previous, current selected restraints:     8473     8683
make_re_417_> Restraint type to be calculated:  chi2_dihedral

Dynamically allocated memory at   amaxstructure [B,KiB,MiB]:      2135876    2085.816     2.037
openf___224_> Open           ${MODINSTALL10v3}/modlib/chi1234.bin
openf___224_> Open           ${MODINSTALL10v3}/modlib/chi2.mdt
getdata_643_> Protein accepted:  5nj8
getdata_289_> Proteins (all/accepted):        1        1

Dynamically allocated memory at  amaxrestraints [B,KiB,MiB]:      2266948    2213.816     2.162
make_re_422_> Number of previous, current restraints         :     8934     9098
make_re_423_> Number of previous, current selected restraints:     8683     8847
make_re_417_> Restraint type to be calculated:  chi3_dihedral

Dynamically allocated memory at   amaxstructure [B,KiB,MiB]:      2266948    2213.816     2.162
openf___224_> Open           ${MODINSTALL10v3}/modlib/chi1234.bin
openf___224_> Open           ${MODINSTALL10v3}/modlib/chi3.mdt
getdata_643_> Protein accepted:  5nj8
getdata_289_> Proteins (all/accepted):        1        1
make_re_422_> Number of previous, current restraints         :     9098     9168
make_re_423_> Number of previous, current selected restraints:     8847     8917
make_re_417_> Restraint type to be calculated:  chi4_dihedral

Dynamically allocated memory at   amaxstructure [B,KiB,MiB]:      2266948    2213.816     2.162
openf___224_> Open           ${MODINSTALL10v3}/modlib/chi1234.bin
openf___224_> Open           ${MODINSTALL10v3}/modlib/chi4.mdt
mdtrsr__446W> A potential that relies on one protein is used, yet you have at
              least one known structure available. MDT, not library, potential is used.
getdata_643_> Protein accepted:  5nj8
getdata_289_> Proteins (all/accepted):        1        1
make_re_422_> Number of previous, current restraints         :     9168     9193
make_re_423_> Number of previous, current selected restraints:     8917     8942
make_re_417_> Restraint type to be calculated:  DISTANCE

Dynamically allocated memory at amaxhash_contac [B,KiB,MiB]:      2950912    2881.750     2.814
iup2crm_280W> No topology library in memory or assigning a BLK residue.
              Default CHARMM atom type assigned:  C5' -->  CT2
              This message is written only for the first such atom.

Dynamically allocated memory at  amaxrestraints [B,KiB,MiB]:      3213056    3137.750     3.064

Dynamically allocated memory at  amaxrestraints [B,KiB,MiB]:      3344128    3265.750     3.189
make_re_422_> Number of previous, current restraints         :     9193    11982
make_re_423_> Number of previous, current selected restraints:     8942    11731
make_re_417_> Restraint type to be calculated:  DISTANCE
make_re_422_> Number of previous, current restraints         :    11982    14984
make_re_423_> Number of previous, current selected restraints:    11731    14733
make_re_417_> Restraint type to be calculated:  DISTANCE

Dynamically allocated memory at  amaxrestraints [B,KiB,MiB]:      3606272    3521.750     3.439
make_re_422_> Number of previous, current restraints         :    14984    17915
make_re_423_> Number of previous, current selected restraints:    14733    17664
make_re_417_> Restraint type to be calculated:  DISTANCE

Dynamically allocated memory at  amaxrestraints [B,KiB,MiB]:      4130560    4033.750     3.939
make_re_422_> Number of previous, current restraints         :    17915    19183
make_re_423_> Number of previous, current selected restraints:    17664    18932
484 atoms in HETATM/BLK residues constrained
to protein atoms within 2.30 angstroms
and protein CA atoms within 10.00 angstroms
make_re_417_> Restraint type to be calculated:  DISTANCE
make_re_422_> Number of previous, current restraints         :    19183    19184
make_re_423_> Number of previous, current selected restraints:    18932    18933
make_re_417_> Restraint type to be calculated:  DISTANCE
make_re_422_> Number of previous, current restraints         :    19184    19674
make_re_423_> Number of previous, current selected restraints:    18933    19423
make_re_417_> Restraint type to be calculated:  DISTANCE

Dynamically allocated memory at  amaxrestraints [B,KiB,MiB]:      4130712    4033.898     3.939

Dynamically allocated memory at  amaxrestraints [B,KiB,MiB]:      4130792    4033.977     3.939
make_re_422_> Number of previous, current restraints         :    19674    19696
make_re_423_> Number of previous, current selected restraints:    19423    19445
make_re_417_> Restraint type to be calculated:  DISTANCE

Dynamically allocated memory at  amaxrestraints [B,KiB,MiB]:      4392936    4289.977     4.189

Dynamically allocated memory at  amaxrestraints [B,KiB,MiB]:      4655080    4545.977     4.439
make_re_422_> Number of previous, current restraints         :    19696    27254
make_re_423_> Number of previous, current selected restraints:    19445    27003
484 atoms in residues without defined topology
constrained to be rigid bodies
make_re_417_> Restraint type to be calculated:  DISTANCE

Dynamically allocated memory at  amaxrestraints [B,KiB,MiB]:      5179368    5057.977     4.939
make_re_422_> Number of previous, current restraints         :    27254    36484
make_re_423_> Number of previous, current selected restraints:    27003    36233
rmdupl__427_>     1477 redundant cosine dihedral restraints were unselected.
condens_443_> Restraints marked for deletion were removed.
              Total number of restraints before, now:    36484    34756
openf___224_> Open           query.rsr
openf___224_> Open           query.rsr

Dynamically allocated memory at  amaxrestraints [B,KiB,MiB]:      5271067    5147.526     5.027

Dynamically allocated memory at  amaxrestraints [B,KiB,MiB]:      6057499    5915.526     5.777
rdcsr2__307_> Number of restraints read    :    34756
              Number of excluded pairs read:       23
              Number of pseudo atoms read  :        0
rdcsrs__304_> Restraints in memory, selected restraints:    34756    34756
              Explicitly excluded atom pairs in memory :       23
              Pseudo atoms in memory                   :        0
openf___224_> Open           query.ini

Dynamically allocated memory at       amaxmodel [B,KiB,MiB]:      6057531    5915.558     5.777
read_mo_297_> Segments, residues, atoms:        3      263     2375
read_mo_298_> Segment:        1  1:A  239:A     1891
read_mo_298_> Segment:        2  240:B  251:B      240
read_mo_298_> Segment:        3  252:C  263:C      244
randomi_498_> Atoms,selected atoms,random_seed,amplitude:     2375     1891        1        4.0000
randomi_496_> Amplitude is > 0; randomization is done.
pick_re_612_> Number of MODEL atoms, selected restraints;     2375    25997
pick_re_612_> Number of MODEL atoms, selected restraints;     2375    27258
pick_re_612_> Number of MODEL atoms, selected restraints;     2375    27954
pick_re_612_> Number of MODEL atoms, selected restraints;     2375    28896
pick_re_612_> Number of MODEL atoms, selected restraints;     2375    30703
pick_re_612_> Number of MODEL atoms, selected restraints;     2375    31677
pick_re_612_> Number of MODEL atoms, selected restraints;     2375    32227
pick_re_612_> Number of MODEL atoms, selected restraints;     2375    33002

Dynamically allocated memory at  amaxrestraints [B,KiB,MiB]:      6407103    6256.937     6.110
pick_re_612_> Number of MODEL atoms, selected restraints;     2375    33654
pick_re_612_> Number of MODEL atoms, selected restraints;     2375    34265
pick_re_612_> Number of MODEL atoms, selected restraints;     2375    34756
iupac_m_487_> NH1/2 swapped:     -173.2273        7  7
iupac_m_485_> OD1/2 will be swapped:      171.4389       15  15
iupac_m_485_> OD1/2 will be swapped:      175.2730       66  66
iupac_m_487_> NH1/2 swapped:      179.7815       69  69
iupac_m_486_> OE1/2 will be swapped:     -174.9602      127  127
iupac_m_483_> CD1/2 CE1/2 swapped:      111.5124      137  137
iupac_m_397W> Atoms were not swapped because of the uncertainty of how to handle the H atom.
iupac_m_486_> OE1/2 will be swapped:      176.4686      159  159
iupac_m_485_> OD1/2 will be swapped:      161.5608      173  173
iupac_m_487_> NH1/2 swapped:      177.0415      185  185
iupac_m_487_> NH1/2 swapped:     -177.2068      190  190
iupac_m_487_> NH1/2 swapped:      176.1749      192  192
iupac_m_485_> OD1/2 will be swapped:     -167.7473      196  196
iupac_m_483_> CD1/2 CE1/2 swapped:      -94.1766      201  201
iupac_m_397W> Atoms were not swapped because of the uncertainty of how to handle the H atom.
iupac_m_483_> CD1/2 CE1/2 swapped:      -96.3435      212  212
iupac_m_397W> Atoms were not swapped because of the uncertainty of how to handle the H atom.
iupac_m_485_> OD1/2 will be swapped:      171.2113      222  222
openf___224_> Open           ${LIB}/atmcls-mf.lib

Dynamically allocated memory at amaxgroup_restr [B,KiB,MiB]:      6407531    6257.354     6.111

Dynamically allocated memory at amaxgroup_restr [B,KiB,MiB]:      6407595    6257.417     6.111

Dynamically allocated memory at amaxgroup_restr [B,KiB,MiB]:      6407653    6257.474     6.111

Dynamically allocated memory at amaxgroup_restr [B,KiB,MiB]:      6407717    6257.536     6.111

Dynamically allocated memory at amaxgroup_restr [B,KiB,MiB]:      6407783    6257.601     6.111

Dynamically allocated memory at amaxgroup_restr [B,KiB,MiB]:      6407847    6257.663     6.111

Dynamically allocated memory at amaxgroup_restr [B,KiB,MiB]:      6408003    6257.815     6.111

Dynamically allocated memory at amaxgroup_restr [B,KiB,MiB]:      6408131    6257.940     6.111

Dynamically allocated memory at amaxgroup_restr [B,KiB,MiB]:      6408425    6258.228     6.112

Dynamically allocated memory at amaxgroup_restr [B,KiB,MiB]:      6408617    6258.415     6.112

Dynamically allocated memory at amaxgroup_restr [B,KiB,MiB]:      6409121    6258.907     6.112

Dynamically allocated memory at amaxgroup_restr [B,KiB,MiB]:      6409377    6259.157     6.112

Dynamically allocated memory at amaxgroup_restr [B,KiB,MiB]:      6410373    6260.130     6.113

Dynamically allocated memory at amaxgroup_restr [B,KiB,MiB]:      6410757    6260.505     6.114

Dynamically allocated memory at amaxgroup_restr [B,KiB,MiB]:      6411333    6261.067     6.114

Dynamically allocated memory at amaxgroup_restr [B,KiB,MiB]:      6413367    6263.054     6.116

Dynamically allocated memory at amaxgroup_restr [B,KiB,MiB]:      6414263    6263.929     6.117

Dynamically allocated memory at amaxgroup_restr [B,KiB,MiB]:      6418715    6268.276     6.121

Dynamically allocated memory at amaxgroup_restr [B,KiB,MiB]:      6420059    6269.589     6.123

Dynamically allocated memory at amaxgroup_restr [B,KiB,MiB]:      6429677    6278.981     6.132

Dynamically allocated memory at amaxgroup_restr [B,KiB,MiB]:      6431661    6280.919     6.134

Dynamically allocated memory at amaxgroup_restr [B,KiB,MiB]:      6452307    6301.081     6.153

Dynamically allocated memory at amaxgroup_restr [B,KiB,MiB]:      6455315    6304.019     6.156

Dynamically allocated memory at amaxgroup_restr [B,KiB,MiB]:      6501281    6348.907     6.200

Dynamically allocated memory at amaxgroup_restr [B,KiB,MiB]:      6505761    6353.282     6.204

Dynamically allocated memory at amaxgroup_restr [B,KiB,MiB]:      6606981    6452.130     6.301
openf___224_> Open           ${LIB}/dist-mf.lib

Dynamically allocated memory at amaxgroup_restr [B,KiB,MiB]:      6607377    6452.517     6.301

Dynamically allocated memory at amaxgroup_restr [B,KiB,MiB]:      6608173    6453.294     6.302

Dynamically allocated memory at amaxgroup_restr [B,KiB,MiB]:      6608969    6454.071     6.303

Dynamically allocated memory at amaxgroup_restr [B,KiB,MiB]:      6610157    6455.231     6.304

Dynamically allocated memory at amaxgroup_restr [B,KiB,MiB]:      6610557    6455.622     6.304

Dynamically allocated memory at amaxgroup_restr [B,KiB,MiB]:      6611157    6456.208     6.305

Dynamically allocated memory at amaxgroup_restr [B,KiB,MiB]:      6612057    6457.087     6.306

Dynamically allocated memory at amaxgroup_restr [B,KiB,MiB]:      6613405    6458.403     6.307

Dynamically allocated memory at amaxgroup_restr [B,KiB,MiB]:      6613605    6458.599     6.307

Dynamically allocated memory at amaxgroup_restr [B,KiB,MiB]:      6615629    6460.575     6.309

Dynamically allocated memory at amaxgroup_restr [B,KiB,MiB]:      6615929    6460.868     6.309

Dynamically allocated memory at amaxgroup_restr [B,KiB,MiB]:      6618965    6463.833     6.312

Dynamically allocated memory at amaxgroup_restr [B,KiB,MiB]:      6619413    6464.271     6.313

Dynamically allocated memory at amaxgroup_restr [B,KiB,MiB]:      6623965    6468.716     6.317

Dynamically allocated memory at amaxgroup_restr [B,KiB,MiB]:      6624637    6469.372     6.318

Dynamically allocated memory at amaxgroup_restr [B,KiB,MiB]:      6631465    6476.040     6.324

Dynamically allocated memory at amaxgroup_restr [B,KiB,MiB]:      6632473    6477.024     6.325

Dynamically allocated memory at amaxgroup_restr [B,KiB,MiB]:      6642717    6487.028     6.335

Dynamically allocated memory at amaxgroup_restr [B,KiB,MiB]:      6643317    6487.614     6.336

Dynamically allocated memory at amaxgroup_restr [B,KiB,MiB]:      6643717    6488.005     6.336

Dynamically allocated memory at amaxgroup_restr [B,KiB,MiB]:      6645229    6489.481     6.337

Dynamically allocated memory at amaxgroup_restr [B,KiB,MiB]:      6660593    6504.485     6.352

Dynamically allocated memory at amaxgroup_restr [B,KiB,MiB]:      6661493    6505.364     6.353

Dynamically allocated memory at amaxgroup_restr [B,KiB,MiB]:      6662093    6505.950     6.353

Dynamically allocated memory at amaxgroup_restr [B,KiB,MiB]:      6664361    6508.165     6.356

Dynamically allocated memory at amaxgroup_restr [B,KiB,MiB]:      6687409    6530.673     6.378

Dynamically allocated memory at amaxgroup_restr [B,KiB,MiB]:      6688753    6531.985     6.379

Dynamically allocated memory at amaxgroup_restr [B,KiB,MiB]:      6689653    6532.864     6.380

Dynamically allocated memory at amaxgroup_restr [B,KiB,MiB]:      6693057    6536.188     6.383

Dynamically allocated memory at amaxgroup_restr [B,KiB,MiB]:      6727629    6569.950     6.416

Dynamically allocated memory at amaxgroup_restr [B,KiB,MiB]:      6729645    6571.919     6.418

Dynamically allocated memory at amaxgroup_restr [B,KiB,MiB]:      6730993    6573.235     6.419

Dynamically allocated memory at amaxgroup_restr [B,KiB,MiB]:      6736097    6578.220     6.424

Dynamically allocated memory at amaxgroup_restr [B,KiB,MiB]:      6787953    6628.860     6.473

Dynamically allocated memory at amaxgroup_restr [B,KiB,MiB]:      6790977    6631.813     6.476

Dynamically allocated memory at amaxgroup_restr [B,KiB,MiB]:      6793001    6633.790     6.478

Dynamically allocated memory at amaxgroup_restr [B,KiB,MiB]:      6800657    6641.267     6.486

Dynamically allocated memory at amaxgroup_restr [B,KiB,MiB]:      6878441    6717.228     6.560

Dynamically allocated memory at amaxgroup_restr [B,KiB,MiB]:      6882977    6721.657     6.564

Dynamically allocated memory at amaxgroup_restr [B,KiB,MiB]:      6886013    6724.622     6.567

Dynamically allocated memory at amaxgroup_restr [B,KiB,MiB]:      6897497    6735.837     6.578

Dynamically allocated memory at amaxgroup_restr [B,KiB,MiB]:      7014173    6849.778     6.689

Dynamically allocated memory at amaxgroup_restr [B,KiB,MiB]:      7020977    6856.423     6.696

Dynamically allocated memory at amaxgroup_restr [B,KiB,MiB]:      7025529    6860.868     6.700

Dynamically allocated memory at amaxgroup_restr [B,KiB,MiB]:      7042757    6877.692     6.716

Dynamically allocated memory at amaxgroup_restr [B,KiB,MiB]:      7217773    7048.606     6.883

Dynamically allocated memory at amaxgroup_restr [B,KiB,MiB]:      7227985    7058.579     6.893

Dynamically allocated memory at amaxgroup_restr [B,KiB,MiB]:      7234813    7065.247     6.900

Dynamically allocated memory at amaxgroup_restr [B,KiB,MiB]:      7260653    7090.481     6.924

Dynamically allocated memory at amaxgroup_restr [B,KiB,MiB]:      7523177    7346.853     7.175

Dynamically allocated memory at amaxgroup_restr [B,KiB,MiB]:      7538489    7361.806     7.189

Dynamically allocated memory at amaxgroup_restr [B,KiB,MiB]:      7548733    7371.810     7.199

Dynamically allocated memory at amaxgroup_restr [B,KiB,MiB]:      7587493    7409.661     7.236

Dynamically allocated memory at amaxgroup_restr [B,KiB,MiB]:      7981277    7794.216     7.612

Dynamically allocated memory at amaxgroup_restr [B,KiB,MiB]:      8004245    7816.646     7.633

Dynamically allocated memory at amaxgroup_restr [B,KiB,MiB]:      8019609    7831.649     7.648

Dynamically allocated memory at amaxgroup_restr [B,KiB,MiB]:      8077749    7888.427     7.704

Dynamically allocated memory at amaxgroup_restr [B,KiB,MiB]:      8668425    8465.259     8.267

Dynamically allocated memory at amaxgroup_restr [B,KiB,MiB]:      8702877    8498.903     8.300

Dynamically allocated memory at amaxgroup_restr [B,KiB,MiB]:      8725925    8521.411     8.322

Dynamically allocated memory at amaxgroup_restr [B,KiB,MiB]:      8813137    8606.579     8.405

Dynamically allocated memory at amaxgroup_restr [B,KiB,MiB]:      9699153    9471.829     9.250

Dynamically allocated memory at amaxgroup_restr [B,KiB,MiB]:      9750837    9522.302     9.299

Dynamically allocated memory at amaxgroup_restr [B,KiB,MiB]:      9785409    9556.063     9.332

Dynamically allocated memory at amaxgroup_restr [B,KiB,MiB]:      9916225    9683.813     9.457

Dynamically allocated memory at amaxgroup_restr [B,KiB,MiB]:     11245249   10981.688    10.724
read_pa_232_> parameters    BONDS   ANGLS  DIHEDS IMPROPS    MODE
                                0       0       0       0   12561
>> Model assessment by DOPE potential
iatmcls_286W> MODEL atom not classified:  LEU:OXT  LEU

Dynamically allocated memory at  amaxrestraints [B,KiB,MiB]:     11595021   11323.263    11.058

Dynamically allocated memory at  amaxrestraints [B,KiB,MiB]:     11709021   11434.591    11.167

Dynamically allocated memory at  amaxrestraints [B,KiB,MiB]:     11937021   11657.247    11.384

Dynamically allocated memory at  amaxrestraints [B,KiB,MiB]:     12393021   12102.560    11.819

Dynamically allocated memory at  amaxrestraints [B,KiB,MiB]:     13305021   12993.185    12.689

Dynamically allocated memory at  amaxrestraints [B,KiB,MiB]:     15129021   14774.435    14.428


>> ENERGY; Differences between the model's features and restraints:
Number of all residues in MODEL                   :      263
Number of all, selected real atoms                :     2375    2375
Number of all, selected pseudo atoms              :        0       0
Number of all static, selected restraints         :    34756   34756
COVALENT_CYS                                      :        F
NONBONDED_SEL_ATOMS                               :        1
Number of non-bonded pairs (excluding 1-2,1-3,1-4):   327742
Dynamic pairs routine                             : 1, NATM x NATM double loop
Atomic shift for contacts update (UPDATE_DYNAMIC) :    0.390
LENNARD_JONES_SWITCH                              :    6.500   7.500
COULOMB_JONES_SWITCH                              :    6.500   7.500
RESIDUE_SPAN_RANGE                                :        1    9999
NLOGN_USE                                         :       15
CONTACT_SHELL                                     :   15.000
DYNAMIC_PAIRS,_SPHERE,_COULOMB,_LENNARD,_MODELLER :        T       F       F       F       T
SPHERE_STDV                                       :    0.050
RADII_FACTOR                                      :    0.820
Current energy                                    :      -20090.9336




<< end of ENERGY.
DOPE score               : -20090.933594
>> Model assessment by GA341 potential

Surface library          : /soft/system/software/Modeller/10.3/modlib/surf5.de
Pair library             : /soft/system/software/Modeller/10.3/modlib/pair9.de
Chain identifier         : _
% sequence identity      :   100.000000
Sequence length          :          239
Compactness              :     0.037562
Native energy (pair)     :  -126.210748
Native energy (surface)  :    -4.873775
Native energy (combined) :    -4.626067
Z score (pair)           :    -6.141328
Z score (surface)        :    -5.984291
Z score (combined)       :    -8.297623
GA341 score              :     1.000000

openf___224_> Open           ${LIB}/atmcls-mf.lib

Dynamically allocated memory at amaxgroup_restr [B,KiB,MiB]:     14836677   14488.942    14.149

Dynamically allocated memory at amaxgroup_restr [B,KiB,MiB]:     14836741   14489.005    14.149

Dynamically allocated memory at amaxgroup_restr [B,KiB,MiB]:     14836799   14489.062    14.149

Dynamically allocated memory at amaxgroup_restr [B,KiB,MiB]:     14836863   14489.124    14.150

Dynamically allocated memory at amaxgroup_restr [B,KiB,MiB]:     14836929   14489.188    14.150

Dynamically allocated memory at amaxgroup_restr [B,KiB,MiB]:     14836993   14489.251    14.150

Dynamically allocated memory at amaxgroup_restr [B,KiB,MiB]:     14837149   14489.403    14.150

Dynamically allocated memory at amaxgroup_restr [B,KiB,MiB]:     14837277   14489.528    14.150

Dynamically allocated memory at amaxgroup_restr [B,KiB,MiB]:     14837571   14489.815    14.150

Dynamically allocated memory at amaxgroup_restr [B,KiB,MiB]:     14837763   14490.003    14.150

Dynamically allocated memory at amaxgroup_restr [B,KiB,MiB]:     14838267   14490.495    14.151

Dynamically allocated memory at amaxgroup_restr [B,KiB,MiB]:     14838523   14490.745    14.151

Dynamically allocated memory at amaxgroup_restr [B,KiB,MiB]:     14839519   14491.718    14.152

Dynamically allocated memory at amaxgroup_restr [B,KiB,MiB]:     14839903   14492.093    14.152

Dynamically allocated memory at amaxgroup_restr [B,KiB,MiB]:     14840479   14492.655    14.153

Dynamically allocated memory at amaxgroup_restr [B,KiB,MiB]:     14842513   14494.642    14.155

Dynamically allocated memory at amaxgroup_restr [B,KiB,MiB]:     14843409   14495.517    14.156

Dynamically allocated memory at amaxgroup_restr [B,KiB,MiB]:     14847861   14499.864    14.160

Dynamically allocated memory at amaxgroup_restr [B,KiB,MiB]:     14849205   14501.177    14.161

Dynamically allocated memory at amaxgroup_restr [B,KiB,MiB]:     14858823   14510.569    14.170

Dynamically allocated memory at amaxgroup_restr [B,KiB,MiB]:     14860807   14512.507    14.172

Dynamically allocated memory at amaxgroup_restr [B,KiB,MiB]:     14881453   14532.669    14.192

Dynamically allocated memory at amaxgroup_restr [B,KiB,MiB]:     14884461   14535.606    14.195

Dynamically allocated memory at amaxgroup_restr [B,KiB,MiB]:     14930427   14580.495    14.239

Dynamically allocated memory at amaxgroup_restr [B,KiB,MiB]:     14934907   14584.870    14.243

Dynamically allocated memory at amaxgroup_restr [B,KiB,MiB]:     15036127   14683.718    14.340
openf___224_> Open           ${LIB}/dist-mfhr.lib

Dynamically allocated memory at amaxgroup_restr [B,KiB,MiB]:     15036523   14684.104    14.340

Dynamically allocated memory at amaxgroup_restr [B,KiB,MiB]:     15037319   14684.882    14.341

Dynamically allocated memory at amaxgroup_restr [B,KiB,MiB]:     15038115   14685.659    14.341

Dynamically allocated memory at amaxgroup_restr [B,KiB,MiB]:     15038515   14686.050    14.342

Dynamically allocated memory at amaxgroup_restr [B,KiB,MiB]:     15039703   14687.210    14.343

Dynamically allocated memory at amaxgroup_restr [B,KiB,MiB]:     15040303   14687.796    14.344

Dynamically allocated memory at amaxgroup_restr [B,KiB,MiB]:     15041203   14688.675    14.344

Dynamically allocated memory at amaxgroup_restr [B,KiB,MiB]:     15042551   14689.991    14.346

Dynamically allocated memory at amaxgroup_restr [B,KiB,MiB]:     15044575   14691.968    14.348

Dynamically allocated memory at amaxgroup_restr [B,KiB,MiB]:     15047611   14694.933    14.351

Dynamically allocated memory at amaxgroup_restr [B,KiB,MiB]:     15052163   14699.378    14.355

Dynamically allocated memory at amaxgroup_restr [B,KiB,MiB]:     15058991   14706.046    14.361

Dynamically allocated memory at amaxgroup_restr [B,KiB,MiB]:     15059191   14706.241    14.362

Dynamically allocated memory at amaxgroup_restr [B,KiB,MiB]:     15069435   14716.245    14.371

Dynamically allocated memory at amaxgroup_restr [B,KiB,MiB]:     15069735   14716.538    14.372

Dynamically allocated memory at amaxgroup_restr [B,KiB,MiB]:     15085099   14731.542    14.386

Dynamically allocated memory at amaxgroup_restr [B,KiB,MiB]:     15085547   14731.979    14.387

Dynamically allocated memory at amaxgroup_restr [B,KiB,MiB]:     15108595   14754.487    14.409

Dynamically allocated memory at amaxgroup_restr [B,KiB,MiB]:     15109267   14755.144    14.409

Dynamically allocated memory at amaxgroup_restr [B,KiB,MiB]:     15143839   14788.905    14.442

Dynamically allocated memory at amaxgroup_restr [B,KiB,MiB]:     15144847   14789.890    14.443

Dynamically allocated memory at amaxgroup_restr [B,KiB,MiB]:     15145447   14790.476    14.444

Dynamically allocated memory at amaxgroup_restr [B,KiB,MiB]:     15145847   14790.866    14.444

Dynamically allocated memory at amaxgroup_restr [B,KiB,MiB]:     15197703   14841.507    14.494

Dynamically allocated memory at amaxgroup_restr [B,KiB,MiB]:     15199215   14842.983    14.495

Dynamically allocated memory at amaxgroup_restr [B,KiB,MiB]:     15200115   14843.862    14.496

Dynamically allocated memory at amaxgroup_restr [B,KiB,MiB]:     15200715   14844.448    14.497

Dynamically allocated memory at amaxgroup_restr [B,KiB,MiB]:     15278499   14920.409    14.571

Dynamically allocated memory at amaxgroup_restr [B,KiB,MiB]:     15280767   14922.624    14.573

Dynamically allocated memory at amaxgroup_restr [B,KiB,MiB]:     15282111   14923.937    14.574

Dynamically allocated memory at amaxgroup_restr [B,KiB,MiB]:     15283011   14924.815    14.575

Dynamically allocated memory at amaxgroup_restr [B,KiB,MiB]:     15399687   15038.757    14.686

Dynamically allocated memory at amaxgroup_restr [B,KiB,MiB]:     15403091   15042.081    14.690

Dynamically allocated memory at amaxgroup_restr [B,KiB,MiB]:     15405107   15044.050    14.691

Dynamically allocated memory at amaxgroup_restr [B,KiB,MiB]:     15406455   15045.366    14.693

Dynamically allocated memory at amaxgroup_restr [B,KiB,MiB]:     15581471   15216.280    14.860

Dynamically allocated memory at amaxgroup_restr [B,KiB,MiB]:     15586575   15221.265    14.865

Dynamically allocated memory at amaxgroup_restr [B,KiB,MiB]:     15589599   15224.218    14.867

Dynamically allocated memory at amaxgroup_restr [B,KiB,MiB]:     15591623   15226.194    14.869

Dynamically allocated memory at amaxgroup_restr [B,KiB,MiB]:     15854147   15482.565    15.120

Dynamically allocated memory at amaxgroup_restr [B,KiB,MiB]:     15861803   15490.042    15.127

Dynamically allocated memory at amaxgroup_restr [B,KiB,MiB]:     15866339   15494.472    15.131

Dynamically allocated memory at amaxgroup_restr [B,KiB,MiB]:     15869375   15497.437    15.134

Dynamically allocated memory at amaxgroup_restr [B,KiB,MiB]:     16263159   15881.991    15.510

Dynamically allocated memory at amaxgroup_restr [B,KiB,MiB]:     16274643   15893.206    15.521

Dynamically allocated memory at amaxgroup_restr [B,KiB,MiB]:     16281447   15899.851    15.527

Dynamically allocated memory at amaxgroup_restr [B,KiB,MiB]:     16285999   15904.296    15.532

Dynamically allocated memory at amaxgroup_restr [B,KiB,MiB]:     16876675   16481.129    16.095

Dynamically allocated memory at amaxgroup_restr [B,KiB,MiB]:     16893903   16497.953    16.111

Dynamically allocated memory at amaxgroup_restr [B,KiB,MiB]:     16904115   16507.926    16.121

Dynamically allocated memory at amaxgroup_restr [B,KiB,MiB]:     16910943   16514.594    16.128

Dynamically allocated memory at amaxgroup_restr [B,KiB,MiB]:     17796959   17379.844    16.973

Dynamically allocated memory at amaxgroup_restr [B,KiB,MiB]:     17822799   17405.078    16.997

Dynamically allocated memory at amaxgroup_restr [B,KiB,MiB]:     17838111   17420.031    17.012

Dynamically allocated memory at amaxgroup_restr [B,KiB,MiB]:     17848355   17430.035    17.022

Dynamically allocated memory at amaxgroup_restr [B,KiB,MiB]:     19177379   18727.910    18.289

Dynamically allocated memory at amaxgroup_restr [B,KiB,MiB]:     19216139   18765.762    18.326

Dynamically allocated memory at amaxgroup_restr [B,KiB,MiB]:     19239107   18788.191    18.348

Dynamically allocated memory at amaxgroup_restr [B,KiB,MiB]:     19254471   18803.195    18.362

Dynamically allocated memory at amaxgroup_restr [B,KiB,MiB]:     21248007   20750.008    20.264

Dynamically allocated memory at amaxgroup_restr [B,KiB,MiB]:     21306147   20806.785    20.319

Dynamically allocated memory at amaxgroup_restr [B,KiB,MiB]:     21340599   20840.430    20.352

Dynamically allocated memory at amaxgroup_restr [B,KiB,MiB]:     21363647   20862.938    20.374

Dynamically allocated memory at amaxgroup_restr [B,KiB,MiB]:     24353951   23783.156    23.226

Dynamically allocated memory at amaxgroup_restr [B,KiB,MiB]:     24441163   23868.324    23.309

Dynamically allocated memory at amaxgroup_restr [B,KiB,MiB]:     24492847   23918.797    23.358

Dynamically allocated memory at amaxgroup_restr [B,KiB,MiB]:     24527419   23952.559    23.391

Dynamically allocated memory at amaxgroup_restr [B,KiB,MiB]:     29012875   28332.887    27.669

Dynamically allocated memory at amaxgroup_restr [B,KiB,MiB]:     29143691   28460.637    27.794
read_pa_232_> parameters    BONDS   ANGLS  DIHEDS IMPROPS    MODE
                                0       0       0       0   12561
>> Model assessment by DOPE-HR potential
iatmcls_286W> MODEL atom not classified:  LEU:OXT  LEU


>> ENERGY; Differences between the model's features and restraints:
Number of all residues in MODEL                   :      263
Number of all, selected real atoms                :     2375    2375
Number of all, selected pseudo atoms              :        0       0
Number of all static, selected restraints         :    34756   34756
COVALENT_CYS                                      :        F
NONBONDED_SEL_ATOMS                               :        1
Number of non-bonded pairs (excluding 1-2,1-3,1-4):   327742
Dynamic pairs routine                             : 1, NATM x NATM double loop
Atomic shift for contacts update (UPDATE_DYNAMIC) :    0.390
LENNARD_JONES_SWITCH                              :    6.500   7.500
COULOMB_JONES_SWITCH                              :    6.500   7.500
RESIDUE_SPAN_RANGE                                :        1    9999
NLOGN_USE                                         :       15
CONTACT_SHELL                                     :   15.000
DYNAMIC_PAIRS,_SPHERE,_COULOMB,_LENNARD,_MODELLER :        T       F       F       F       T
SPHERE_STDV                                       :    0.050
RADII_FACTOR                                      :    0.820
Current energy                                    :      -16420.6270




<< end of ENERGY.
DOPE-HR score               : -16420.626953


>> ENERGY; Differences between the model's features and restraints:
Number of all residues in MODEL                   :      263
Number of all, selected real atoms                :     2375    2375
Number of all, selected pseudo atoms              :        0       0
Number of all static, selected restraints         :    34756   34756
COVALENT_CYS                                      :        F
NONBONDED_SEL_ATOMS                               :        1
Number of non-bonded pairs (excluding 1-2,1-3,1-4):     4826
Dynamic pairs routine                             : 2, NATM x NATM cell sorting
Atomic shift for contacts update (UPDATE_DYNAMIC) :    0.390
LENNARD_JONES_SWITCH                              :    6.500   7.500
COULOMB_JONES_SWITCH                              :    6.500   7.500
RESIDUE_SPAN_RANGE                                :        0   99999
NLOGN_USE                                         :       15
CONTACT_SHELL                                     :    4.000
DYNAMIC_PAIRS,_SPHERE,_COULOMB,_LENNARD,_MODELLER :        T       T       F       F       F
SPHERE_STDV                                       :    0.050
RADII_FACTOR                                      :    0.820
Current energy                                    :        2097.5630





Summary of the restraint violations: 

   NUM     ... number of restraints.
   NUMVI   ... number of restraints with RVIOL > VIOL_REPORT_CUT[i].
   RVIOL   ... relative difference from the best value.
   NUMVP   ... number of restraints with -Ln(pdf) > VIOL_REPORT_CUT2[i].
   RMS_1   ... RMS(feature, minimally_violated_basis_restraint, NUMB).
   RMS_2   ... RMS(feature, best_value, NUMB).
   MOL.PDF ... scaled contribution to -Ln(Molecular pdf).

 #                     RESTRAINT_GROUP      NUM   NUMVI  NUMVP   RMS_1   RMS_2         MOL.PDF     S_i
------------------------------------------------------------------------------------------------------
 1 Bond length potential              :    1929       0      0   0.005   0.005      14.569       1.000
 2 Bond angle potential               :    2612       0      2   1.940   1.940      189.23       1.000
 3 Stereochemical cosine torsion poten:    1188       0     32  49.051  49.051      459.34       1.000
 4 Stereochemical improper torsion pot:     792       0      0   1.308   1.308      27.433       1.000
 5 Soft-sphere overlap restraints     :    4826       1     22   0.017   0.017      160.49       1.000
 6 Lennard-Jones 6-12 potential       :       0       0      0   0.000   0.000      0.0000       1.000
 7 Coulomb point-point electrostatic p:       0       0      0   0.000   0.000      0.0000       1.000
 8 H-bonding potential                :       0       0      0   0.000   0.000      0.0000       1.000
 9 Distance restraints 1 (CA-CA)      :    2789       0     12   0.381   0.381      162.37       1.000
10 Distance restraints 2 (N-O)        :    3002       0     10   0.372   0.372      180.70       1.000
11 Mainchain Phi dihedral restraints  :       0       0      0   0.000   0.000      0.0000       1.000
12 Mainchain Psi dihedral restraints  :       0       0      0   0.000   0.000      0.0000       1.000
13 Mainchain Omega dihedral restraints:     238       1      3   4.318   4.318      51.732       1.000
14 Sidechain Chi_1 dihedral restraints:     210       0      5  76.650  76.650      76.913       1.000
15 Sidechain Chi_2 dihedral restraints:     164       0      2  76.331  76.331      72.079       1.000
16 Sidechain Chi_3 dihedral restraints:      70       0      0  88.213  88.213      42.481       1.000
17 Sidechain Chi_4 dihedral restraints:      25       0      0 100.726 100.726      17.016       1.000
18 Disulfide distance restraints      :       0       0      0   0.000   0.000      0.0000       1.000
19 Disulfide angle restraints         :       0       0      0   0.000   0.000      0.0000       1.000
20 Disulfide dihedral angle restraints:       0       0      0   0.000   0.000      0.0000       1.000
21 Lower bound distance restraints    :       0       0      0   0.000   0.000      0.0000       1.000
22 Upper bound distance restraints    :       0       0      0   0.000   0.000      0.0000       1.000
23 Distance restraints 3 (SDCH-MNCH)  :    2931       0      2   0.596   0.596      146.86       1.000
24 Sidechain Chi_5 dihedral restraints:       0       0      0   0.000   0.000      0.0000       1.000
25 Phi/Psi pair of dihedral restraints:     237      56     20  33.223  88.289      102.72       1.000
26 Distance restraints 4 (SDCH-SDCH)  :    1268       0      4   1.219   1.219      189.08       1.000
27 Distance restraints 5 (X-Y)        :   17301       0     16   0.030   0.030      204.55       1.000
28 NMR distance restraints 6 (X-Y)    :       0       0      0   0.000   0.000      0.0000       1.000
29 NMR distance restraints 7 (X-Y)    :       0       0      0   0.000   0.000      0.0000       1.000
30 Minimal distance restraints        :       0       0      0   0.000   0.000      0.0000       1.000
31 Non-bonded restraints              :       0       0      0   0.000   0.000      0.0000       1.000
32 Atomic accessibility restraints    :       0       0      0   0.000   0.000      0.0000       1.000
33 Atomic density restraints          :       0       0      0   0.000   0.000      0.0000       1.000
34 Absolute position restraints       :       0       0      0   0.000   0.000      0.0000       1.000
35 Dihedral angle difference restraint:       0       0      0   0.000   0.000      0.0000       1.000
36 GBSA implicit solvent potential    :       0       0      0   0.000   0.000      0.0000       1.000
37 EM density fitting potential       :       0       0      0   0.000   0.000      0.0000       1.000
38 SAXS restraints                    :       0       0      0   0.000   0.000      0.0000       1.000
39 Symmetry restraints                :       0       0      0   0.000   0.000      0.0000       1.000



openf___224_> Open           query.V99990001
# Heavy relative violation of each residue is written to: query.V99990001
# The profile is NOT normalized by the number of restraints.
# The profiles are smoothed over a window of residues:    1
# The sum of all numbers in the file:   35875.9648



List of the violated restraints:
   A restraint is violated when the relative difference
   from the best value (RVIOL) is larger than CUTOFF.

   ICSR   ... index of a restraint in the current set.
   RESNO  ... residue numbers of the first two atoms.
   ATM    ... IUPAC atom names of the first two atoms.
   FEAT   ... the value of the feature in the model.
   restr  ... the mean of the basis restraint with the smallest
              difference from the model (local minimum).
   viol   ... difference from the local minimum.
   rviol  ... relative difference from the local minimum.
   RESTR  ... the best value (global minimum).
   VIOL   ... difference from the best value.
   RVIOL  ... relative difference from the best value.


-------------------------------------------------------------------------------------------------

Feature 25                           : Phi/Psi pair of dihedral restraints     
List of the RVIOL violations larger than   :       6.5000

    #   ICSR  RESNO1/2 ATM1/2   INDATM1/2    FEAT   restr    viol   rviol   RESTR    VIOL   RVIOL
    1   6542  21L  22P C   N     174  176  -77.06  -64.50   63.19    5.40  -58.70  117.22    8.29
    1         22P  22P N   CA    176  177   85.27  147.20                  -30.50
    2   6576  55K  56S C   N     450  452 -147.61 -136.60   11.02    0.45  -64.10 -166.90   19.96
    2         56S  56S N   CA    452  453  150.89  151.20                  -35.00
    3   6577  56S  57S C   N     456  458 -117.24 -136.60   31.75    1.10  -64.10  169.57   10.45
    3         57S  57S N   CA    458  459  126.03  151.20                  -35.00
    4   6579  58P  59T C   N     469  471 -132.63 -124.80    8.41    0.36  -63.20 -175.15   28.28
    4         59T  59T N   CA    471  472  146.58  143.50                  -42.10
    5   6580  59T  60E C   N     476  478 -106.16 -117.80   11.99    0.38  -63.60  179.34   21.86
    5         60E  60E N   CA    478  479  133.92  136.80                  -40.30
    6   6581  60E  61R C   N     485  487 -113.83 -125.20   11.42    0.43  -63.00 -173.66   28.69
    6         61R  61R N   CA    487  488  139.62  140.60                  -41.10
    7   6582  61R  62N C   N     496  498 -110.15 -119.90   13.88    0.75  -63.20  178.32   24.97
    7         62N  62N N   CA    498  499  146.88  137.00                  -41.10
    8   6583  62N  63G C   N     504  506   69.18   78.70   20.86    0.31   82.20  156.58    8.25
    8         63G  63G N   CA    506  507 -147.53 -166.10                    8.50
    9   6584  63G  64G C   N     508  510  178.47 -167.20   15.46    0.23   82.20 -162.98   13.87
    9         64G  64G N   CA    510  511 -179.60  174.60                    8.50
   10   6585  64G  65Q C   N     512  514  -73.00  -73.00   22.15    1.45  -63.80  157.12   23.59
   10         65Q  65Q N   CA    514  515  162.85  140.70                  -40.30
   11   6587  66D  67N C   N     529  531  -62.66  -71.20   12.99    0.69  -63.20  174.11   21.80
   11         67N  67N N   CA    531  532  133.01  142.80                  -41.10
   12   6590  69R  70A C   N     554  556   64.64  -68.20  133.97   11.92  -62.50 -158.39   30.60
   12         70A  70A N   CA    556  557  162.64  145.30                  -40.90
   13   6591  70A  71A C   N     559  561 -131.54 -134.00    2.64    0.12  -62.50 -175.45   33.94
   13         71A  71A N   CA    561  562  147.95  147.00                  -40.90
   14   6592  71A  72N C   N     564  566 -142.88 -119.90   29.11    0.85  -63.20 -177.63   27.29
   14         72N  72N N   CA    566  567  154.87  137.00                  -41.10
   15   6593  72N  73F C   N     572  574 -147.32 -124.20   29.01    0.75  -63.20  176.25   29.83
   15         73F  73F N   CA    574  575  160.82  143.30                  -44.30
   16   6594  73F  74R C   N     583  585 -140.29 -125.20   22.85    0.72  -63.00  178.71   29.41
   16         74R  74R N   CA    585  586  157.76  140.60                  -41.10
   17   6595  74R  75E C   N     594  596 -150.41 -117.80   39.82    1.18  -63.60 -177.93   29.09
   17         75E  75E N   CA    596  597  159.65  136.80                  -40.30
   18   6598  77L  78N C   N     615  617   66.80 -119.90  174.29    7.69  -63.20 -154.18   32.69
   18         78N  78N N   CA    617  618  118.47  137.00                  -41.10
   19   6610  89L  90N C   N     711  713  -85.85  -63.20   69.10    7.63  -63.20   69.10    7.63
   19         90N  90N N   CA    713  714   24.19  -41.10                  -41.10
   20   6664 143W 144A C   N    1159 1161   81.85 -134.00  144.99    4.24  -62.50 -147.05   32.66
   20        144A 144A N   CA   1161 1162  162.54  147.00                  -40.90
   21   6665 144A 145L C   N    1164 1166 -131.80 -108.50   24.34    1.09  -63.50 -168.17   30.86
   21        145L 145L N   CA   1166 1167  139.54  132.50                  -41.20
   22   6666 145L 146N C   N    1172 1174 -139.60 -119.90   22.97    0.69  -63.20 -173.52   27.63
   22        146N 146N N   CA   1174 1175  148.80  137.00                  -41.10
   23   6667 146N 147P C   N    1180 1182  -54.19  -58.70   13.58    0.83  -64.50  169.80   13.22
   23        147P 147P N   CA   1182 1183  -43.31  -30.50                  147.20
   24   6668 147P 148S C   N    1187 1189   65.51  -72.40  138.09    9.66  -64.10 -138.51   15.68
   24        148S 148S N   CA   1189 1190  145.39  152.40                  -35.00
   25   6669 148S 149Q C   N    1193 1195 -175.28 -121.10   55.78    1.85  -63.80 -159.44   35.10
   25        149Q 149Q N   CA   1195 1196  152.98  139.70                  -40.30
   26   6671 150C 151T C   N    1208 1210 -142.26 -124.80   20.82    0.76  -63.20 -178.79   28.39
   26        151T 151T N   CA   1210 1211  154.85  143.50                  -42.10
   27   6672 151T 152E C   N    1215 1217 -143.72 -117.80   28.47    0.84  -63.60 -171.06   29.68
   27        152E 152E N   CA   1217 1218  148.59  136.80                  -40.30
   28   6673 152E 153S C   N    1224 1226 -151.46 -136.60   19.75    0.62  -64.10 -177.01   19.54
   28        153S 153S N   CA   1226 1227  164.21  151.20                  -35.00
   29   6674 153S 154G C   N    1230 1232  178.36 -167.20   27.71    1.12   82.20  171.86   12.51
   29        154G 154G N   CA   1232 1233  150.94  174.60                    8.50
   30   6675 154G 155Q C   N    1234 1236 -150.13 -121.10   38.08    1.20  -63.80  177.73   30.58
   30        155Q 155Q N   CA   1236 1237  164.35  139.70                  -40.30
   31   6676 155Q 156G C   N    1243 1245 -160.64 -167.20   26.32    0.93   82.20 -176.98   13.75
   31        156G 156G N   CA   1245 1246  149.11  174.60                    8.50
   32   6678 157I 158E C   N    1255 1257  -95.77 -117.80   22.51    0.72  -63.60  175.44   21.78
   32        158E 158E N   CA   1257 1258  132.16  136.80                  -40.30
   33   6679 158E 159E C   N    1264 1266 -145.94 -117.80   65.70    2.64  -63.60  148.46   24.28
   33        159E 159E N   CA   1266 1267 -163.83  136.80                  -40.30
   34   6680 159E 160A C   N    1273 1275  -58.96  -68.20   15.49    1.51  -62.50  161.41   26.28
   34        160A 160A N   CA   1275 1276  157.74  145.30                  -40.90
   35   6681 160A 161T C   N    1278 1280  -56.84  -78.10   22.08    1.17  -63.20  174.19   21.93
   35        161T 161T N   CA   1280 1281  143.83  149.80                  -42.10
   36   6682 161T 162G C   N    1285 1287 -164.93 -167.20    3.61    0.14   82.20 -156.86   14.77
   36        162G 162G N   CA   1287 1288  177.40  174.60                    8.50
   37   6683 162G 163L C   N    1289 1291  -73.24  -70.70    4.48    0.43  -63.50  179.38   24.37
   37        163L 163L N   CA   1291 1292  137.92  141.60                  -41.20
   38   6685 164P 165Q C   N    1304 1306 -134.07 -121.10   14.04    0.44  -63.80 -171.77   31.39
   38        165Q 165Q N   CA   1306 1307  145.08  139.70                  -40.30
   39   6686 165Q 166T C   N    1313 1315 -133.28 -124.80   13.40    0.42  -63.20  178.37   27.48
   39        166T 166T N   CA   1315 1316  153.88  143.50                  -42.10
   40   6690 169C 170Y C   N    1340 1342 -137.04 -124.30   22.44    0.90  -63.50  178.56   31.97
   40        170Y 170Y N   CA   1342 1343  153.88  135.40                  -43.40
   41   6691 170Y 171N C   N    1352 1354 -130.41 -119.90   13.11    0.70  -63.20 -176.96   20.02
   41        171N 171N N   CA   1354 1355  129.16  137.00                  -41.10
   42   6693 172P 173D C   N    1367 1369  -90.78  -70.90   39.91    1.34  -63.30  137.87   18.77
   42        173D 173D N   CA   1369 1370 -175.10  150.30                  -40.00
   43   6694 173D 174Q C   N    1375 1377 -150.47 -121.10   80.15    3.23  -63.80  136.48   24.28
   43        174Q 174Q N   CA   1377 1378 -145.73  139.70                  -40.30
   44   6699 178E 179N C   N    1415 1417  104.43 -119.90  144.20    4.78  -63.20 -145.98   24.85
   44        179N 179N N   CA   1417 1418 -174.16  137.00                  -41.10
   45   6700 179N 180S C   N    1423 1425  165.55  -64.10  133.11   17.70  -72.40 -169.99    8.78
   45        180S 180S N   CA   1425 1426  -61.97  -35.00                  152.40
   46   6702 181P 182L C   N    1436 1438  128.92 -108.50  123.85    6.12  -70.70  162.60   15.55
   46        182L 182L N   CA   1438 1439  114.84  132.50                  141.60
   47   6703 182L 183M C   N    1444 1446  -99.16 -125.60   79.41    3.16   56.30  158.48   26.05
   47        183M 183M N   CA   1446 1447   65.62  140.50                   34.80
   48   6717 196D 197N C   N    1563 1565   67.51   55.90   37.76    1.92  -63.20  138.13   22.43
   48        197N 197N N   CA   1565 1566    3.57   39.50                  -41.10
   49   6718 197N 198S C   N    1571 1573  -75.31  -64.10   15.26    1.28   56.90  145.63   18.55
   49        198S 198S N   CA   1573 1574  -24.64  -35.00                   36.40
   50   6721 200G 201F C   N    1587 1589  -31.54  -71.40   53.35    3.05   58.10  115.19    8.97
   50        201F 201F N   CA   1589 1590  105.24  140.70                   32.90
   51   6738 217K 218K C   N    1729 1731  -94.63 -118.00   30.12    1.03  -62.90  164.00   19.78
   51        218K 218K N   CA   1731 1732  120.10  139.10                  -40.80
   52   6739 218K 219K C   N    1738 1740 -104.21 -118.00   25.96    1.34  -62.90  163.42   23.66
   52        219K 219K N   CA   1740 1741  161.09  139.10                  -40.80
   53   6740 219K 220G C   N    1747 1749   95.04   78.70   35.61    0.53   82.20  154.29    8.13
   53        220G 220G N   CA   1749 1750  162.26 -166.10                    8.50
   54   6743 222D 223G C   N    1768 1770  -74.39  -80.20   12.70    0.30   82.20 -140.16    6.93
   54        223G 223G N   CA   1770 1771  162.80  174.10                    8.50
   55   6744 223G 224S C   N    1772 1774 -123.22 -136.60   18.74    1.04  -64.10  171.21   16.57
   55        224S 224S N   CA   1774 1775  164.31  151.20                  -35.00
   56   6746 225I 226L C   N    1786 1788 -119.39 -108.50   29.28    1.45  -63.50  168.65   26.87
   56        226L 226L N   CA   1788 1789  159.68  132.50                  -41.20


report______> Distribution of short non-bonded contacts:


DISTANCE1:  0.00 2.10 2.20 2.30 2.40 2.50 2.60 2.70 2.80 2.90 3.00 3.10 3.20 3.30 3.40
DISTANCE2:  2.10 2.20 2.30 2.40 2.50 2.60 2.70 2.80 2.90 3.00 3.10 3.20 3.30 3.40 3.50
FREQUENCY:     0    0    0    0    1   19  109  140  161  216  213  250  273  293  334


<< end of ENERGY.
openf___224_> Open           query.B99990001.pdb
wrpdb___568_> Residues, atoms, selected atoms:      263     2375     2375
openf___224_> Open           query.ini

Dynamically allocated memory at       amaxmodel [B,KiB,MiB]:     29143723   28460.668    27.794
read_mo_297_> Segments, residues, atoms:        3      263     2375
read_mo_298_> Segment:        1  1:A  239:A     1891
read_mo_298_> Segment:        2  240:B  251:B      240
read_mo_298_> Segment:        3  252:C  263:C      244
randomi_498_> Atoms,selected atoms,random_seed,amplitude:     2375     1891        1        4.0000
randomi_496_> Amplitude is > 0; randomization is done.
pick_re_612_> Number of MODEL atoms, selected restraints;     2375    25997
pick_re_612_> Number of MODEL atoms, selected restraints;     2375    27258
pick_re_612_> Number of MODEL atoms, selected restraints;     2375    27954
pick_re_612_> Number of MODEL atoms, selected restraints;     2375    28896
pick_re_612_> Number of MODEL atoms, selected restraints;     2375    30703
pick_re_612_> Number of MODEL atoms, selected restraints;     2375    31677
pick_re_612_> Number of MODEL atoms, selected restraints;     2375    32227
pick_re_612_> Number of MODEL atoms, selected restraints;     2375    33002
pick_re_612_> Number of MODEL atoms, selected restraints;     2375    33654
pick_re_612_> Number of MODEL atoms, selected restraints;     2375    34265
pick_re_612_> Number of MODEL atoms, selected restraints;     2375    34756
iupac_m_487_> NH1/2 swapped:     -178.7562        5  5
iupac_m_485_> OD1/2 will be swapped:      143.3412        8  8
iupac_m_485_> OD1/2 will be swapped:      144.4987       26  26
iupac_m_487_> NH1/2 swapped:     -177.7483       38  38
iupac_m_487_> NH1/2 swapped:      176.7551       45  45
iupac_m_483_> CD1/2 CE1/2 swapped:      -94.4007       49  49
iupac_m_397W> Atoms were not swapped because of the uncertainty of how to handle the H atom.
iupac_m_487_> NH1/2 swapped:     -179.7744       61  61
iupac_m_485_> OD1/2 will be swapped:      176.8413       66  66
iupac_m_485_> OD1/2 will be swapped:     -177.6331       99  99
iupac_m_485_> OD1/2 will be swapped:      133.4115      119  119
iupac_m_486_> OE1/2 will be swapped:      172.4306      132  132
iupac_m_485_> OD1/2 will be swapped:      120.9399      133  133
iupac_m_487_> NH1/2 swapped:     -175.3763      134  134
iupac_m_483_> CD1/2 CE1/2 swapped:      -90.4427      137  137
iupac_m_397W> Atoms were not swapped because of the uncertainty of how to handle the H atom.
iupac_m_487_> NH1/2 swapped:      179.5260      139  139
iupac_m_486_> OE1/2 will be swapped:      168.1852      158  158
iupac_m_486_> OE1/2 will be swapped:      169.9629      159  159
iupac_m_485_> OD1/2 will be swapped:      169.7057      173  173
iupac_m_486_> OE1/2 will be swapped:     -172.7403      178  178
iupac_m_487_> NH1/2 swapped:      175.2327      185  185
iupac_m_485_> OD1/2 will be swapped:      174.3404      196  196
iupac_m_483_> CD1/2 CE1/2 swapped:      -93.3234      201  201
iupac_m_397W> Atoms were not swapped because of the uncertainty of how to handle the H atom.
>> Model assessment by DOPE potential
iatmcls_286W> MODEL atom not classified:  LEU:OXT  LEU


>> ENERGY; Differences between the model's features and restraints:
Number of all residues in MODEL                   :      263
Number of all, selected real atoms                :     2375    2375
Number of all, selected pseudo atoms              :        0       0
Number of all static, selected restraints         :    34756   34756
COVALENT_CYS                                      :        F
NONBONDED_SEL_ATOMS                               :        1
Number of non-bonded pairs (excluding 1-2,1-3,1-4):   327516
Dynamic pairs routine                             : 1, NATM x NATM double loop
Atomic shift for contacts update (UPDATE_DYNAMIC) :    0.390
LENNARD_JONES_SWITCH                              :    6.500   7.500
COULOMB_JONES_SWITCH                              :    6.500   7.500
RESIDUE_SPAN_RANGE                                :        1    9999
NLOGN_USE                                         :       15
CONTACT_SHELL                                     :   15.000
DYNAMIC_PAIRS,_SPHERE,_COULOMB,_LENNARD,_MODELLER :        T       F       F       F       T
SPHERE_STDV                                       :    0.050
RADII_FACTOR                                      :    0.820
Current energy                                    :      -19911.9590




<< end of ENERGY.
DOPE score               : -19911.958984
>> Model assessment by GA341 potential

Surface library          : /soft/system/software/Modeller/10.3/modlib/surf5.de
Pair library             : /soft/system/software/Modeller/10.3/modlib/pair9.de
Chain identifier         : _
% sequence identity      :   100.000000
Sequence length          :          239
Compactness              :     0.039171
Native energy (pair)     :  -124.446108
Native energy (surface)  :    -1.646511
Native energy (combined) :    -4.044773
Z score (pair)           :    -6.303806
Z score (surface)        :    -5.418682
Z score (combined)       :    -8.090785
GA341 score              :     1.000000

>> Model assessment by DOPE-HR potential
iatmcls_286W> MODEL atom not classified:  LEU:OXT  LEU


>> ENERGY; Differences between the model's features and restraints:
Number of all residues in MODEL                   :      263
Number of all, selected real atoms                :     2375    2375
Number of all, selected pseudo atoms              :        0       0
Number of all static, selected restraints         :    34756   34756
COVALENT_CYS                                      :        F
NONBONDED_SEL_ATOMS                               :        1
Number of non-bonded pairs (excluding 1-2,1-3,1-4):   327516
Dynamic pairs routine                             : 1, NATM x NATM double loop
Atomic shift for contacts update (UPDATE_DYNAMIC) :    0.390
LENNARD_JONES_SWITCH                              :    6.500   7.500
COULOMB_JONES_SWITCH                              :    6.500   7.500
RESIDUE_SPAN_RANGE                                :        1    9999
NLOGN_USE                                         :       15
CONTACT_SHELL                                     :   15.000
DYNAMIC_PAIRS,_SPHERE,_COULOMB,_LENNARD,_MODELLER :        T       F       F       F       T
SPHERE_STDV                                       :    0.050
RADII_FACTOR                                      :    0.820
Current energy                                    :      -16353.9561




<< end of ENERGY.
DOPE-HR score               : -16353.956055


>> ENERGY; Differences between the model's features and restraints:
Number of all residues in MODEL                   :      263
Number of all, selected real atoms                :     2375    2375
Number of all, selected pseudo atoms              :        0       0
Number of all static, selected restraints         :    34756   34756
COVALENT_CYS                                      :        F
NONBONDED_SEL_ATOMS                               :        1
Number of non-bonded pairs (excluding 1-2,1-3,1-4):     4922
Dynamic pairs routine                             : 2, NATM x NATM cell sorting
Atomic shift for contacts update (UPDATE_DYNAMIC) :    0.390
LENNARD_JONES_SWITCH                              :    6.500   7.500
COULOMB_JONES_SWITCH                              :    6.500   7.500
RESIDUE_SPAN_RANGE                                :        0   99999
NLOGN_USE                                         :       15
CONTACT_SHELL                                     :    4.000
DYNAMIC_PAIRS,_SPHERE,_COULOMB,_LENNARD,_MODELLER :        T       T       F       F       F
SPHERE_STDV                                       :    0.050
RADII_FACTOR                                      :    0.820
Current energy                                    :        1957.1366





Summary of the restraint violations: 

   NUM     ... number of restraints.
   NUMVI   ... number of restraints with RVIOL > VIOL_REPORT_CUT[i].
   RVIOL   ... relative difference from the best value.
   NUMVP   ... number of restraints with -Ln(pdf) > VIOL_REPORT_CUT2[i].
   RMS_1   ... RMS(feature, minimally_violated_basis_restraint, NUMB).
   RMS_2   ... RMS(feature, best_value, NUMB).
   MOL.PDF ... scaled contribution to -Ln(Molecular pdf).

 #                     RESTRAINT_GROUP      NUM   NUMVI  NUMVP   RMS_1   RMS_2         MOL.PDF     S_i
------------------------------------------------------------------------------------------------------
 1 Bond length potential              :    1929       0      0   0.005   0.005      11.501       1.000
 2 Bond angle potential               :    2612       0      4   1.902   1.902      181.11       1.000
 3 Stereochemical cosine torsion poten:    1188       0     29  49.523  49.523      463.72       1.000
 4 Stereochemical improper torsion pot:     792       0      0   1.237   1.237      24.322       1.000
 5 Soft-sphere overlap restraints     :    4922       1     19   0.017   0.017      160.95       1.000
 6 Lennard-Jones 6-12 potential       :       0       0      0   0.000   0.000      0.0000       1.000
 7 Coulomb point-point electrostatic p:       0       0      0   0.000   0.000      0.0000       1.000
 8 H-bonding potential                :       0       0      0   0.000   0.000      0.0000       1.000
 9 Distance restraints 1 (CA-CA)      :    2789       0      3   0.333   0.333      128.82       1.000
10 Distance restraints 2 (N-O)        :    3002       0     11   0.354   0.354      177.52       1.000
11 Mainchain Phi dihedral restraints  :       0       0      0   0.000   0.000      0.0000       1.000
12 Mainchain Psi dihedral restraints  :       0       0      0   0.000   0.000      0.0000       1.000
13 Mainchain Omega dihedral restraints:     238       0      0   3.897   3.897      41.912       1.000
14 Sidechain Chi_1 dihedral restraints:     210       0      5  71.519  71.519      59.639       1.000
15 Sidechain Chi_2 dihedral restraints:     164       0      1  72.041  72.041      68.936       1.000
16 Sidechain Chi_3 dihedral restraints:      70       0      0  88.304  88.304      49.029       1.000
17 Sidechain Chi_4 dihedral restraints:      25       0      0  94.345  94.345      18.493       1.000
18 Disulfide distance restraints      :       0       0      0   0.000   0.000      0.0000       1.000
19 Disulfide angle restraints         :       0       0      0   0.000   0.000      0.0000       1.000
20 Disulfide dihedral angle restraints:       0       0      0   0.000   0.000      0.0000       1.000
21 Lower bound distance restraints    :       0       0      0   0.000   0.000      0.0000       1.000
22 Upper bound distance restraints    :       0       0      0   0.000   0.000      0.0000       1.000
23 Distance restraints 3 (SDCH-MNCH)  :    2931       0      0   0.542   0.542      106.01       1.000
24 Sidechain Chi_5 dihedral restraints:       0       0      0   0.000   0.000      0.0000       1.000
25 Phi/Psi pair of dihedral restraints:     237      54     20  29.630  88.270      71.976       1.000
26 Distance restraints 4 (SDCH-SDCH)  :    1268       0      9   1.193   1.193      194.75       1.000
27 Distance restraints 5 (X-Y)        :   17301       0     16   0.030   0.030      198.45       1.000
28 NMR distance restraints 6 (X-Y)    :       0       0      0   0.000   0.000      0.0000       1.000
29 NMR distance restraints 7 (X-Y)    :       0       0      0   0.000   0.000      0.0000       1.000
30 Minimal distance restraints        :       0       0      0   0.000   0.000      0.0000       1.000
31 Non-bonded restraints              :       0       0      0   0.000   0.000      0.0000       1.000
32 Atomic accessibility restraints    :       0       0      0   0.000   0.000      0.0000       1.000
33 Atomic density restraints          :       0       0      0   0.000   0.000      0.0000       1.000
34 Absolute position restraints       :       0       0      0   0.000   0.000      0.0000       1.000
35 Dihedral angle difference restraint:       0       0      0   0.000   0.000      0.0000       1.000
36 GBSA implicit solvent potential    :       0       0      0   0.000   0.000      0.0000       1.000
37 EM density fitting potential       :       0       0      0   0.000   0.000      0.0000       1.000
38 SAXS restraints                    :       0       0      0   0.000   0.000      0.0000       1.000
39 Symmetry restraints                :       0       0      0   0.000   0.000      0.0000       1.000



openf___224_> Open           query.V99990002
# Heavy relative violation of each residue is written to: query.V99990002
# The profile is NOT normalized by the number of restraints.
# The profiles are smoothed over a window of residues:    1
# The sum of all numbers in the file:   34733.2734



List of the violated restraints:
   A restraint is violated when the relative difference
   from the best value (RVIOL) is larger than CUTOFF.

   ICSR   ... index of a restraint in the current set.
   RESNO  ... residue numbers of the first two atoms.
   ATM    ... IUPAC atom names of the first two atoms.
   FEAT   ... the value of the feature in the model.
   restr  ... the mean of the basis restraint with the smallest
              difference from the model (local minimum).
   viol   ... difference from the local minimum.
   rviol  ... relative difference from the local minimum.
   RESTR  ... the best value (global minimum).
   VIOL   ... difference from the best value.
   RVIOL  ... relative difference from the best value.


-------------------------------------------------------------------------------------------------

Feature 25                           : Phi/Psi pair of dihedral restraints     
List of the RVIOL violations larger than   :       6.5000

    #   ICSR  RESNO1/2 ATM1/2   INDATM1/2    FEAT   restr    viol   rviol   RESTR    VIOL   RVIOL
    1   6576  55K  56S C   N     450  452 -159.63 -136.60   23.82    0.80  -64.10 -166.98   20.86
    1         56S  56S N   CA    452  453  157.27  151.20                  -35.00
    2   6577  56S  57S C   N     456  458 -132.22 -136.60    9.86    0.39  -64.10 -170.00   11.74
    2         57S  57S N   CA    458  459  142.37  151.20                  -35.00
    3   6579  58P  59T C   N     469  471 -130.87 -124.80   10.07    0.31  -63.20  179.60   27.49
    3         59T  59T N   CA    471  472  151.54  143.50                  -42.10
    4   6580  59T  60E C   N     476  478 -111.61 -117.80    6.78    0.32  -63.60 -173.83   22.54
    4         60E  60E N   CA    478  479  139.57  136.80                  -40.30
    5   6581  60E  61R C   N     485  487 -110.56 -125.20   15.11    0.51  -63.00 -175.77   22.09
    5         61R  61R N   CA    487  488  136.88  140.60                  -41.10
    6   6582  61R  62N C   N     496  498 -134.39 -119.90   19.48    0.57  -63.20 -176.72   26.95
    6         62N  62N N   CA    498  499  150.02  137.00                  -41.10
    7   6583  62N  63G C   N     504  506   72.89   78.70    6.49    0.23   82.20  171.97    8.82
    7         63G  63G N   CA    506  507 -163.22 -166.10                    8.50
    8   6584  63G  64G C   N     508  510  140.21 -167.20   54.07    0.81   82.20 -172.15   11.88
    8         64G  64G N   CA    510  511 -172.83  174.60                    8.50
    9   6585  64G  65Q C   N     512  514  -74.00  -73.00   22.66    1.46  -63.80  156.69   23.58
    9         65Q  65Q N   CA    514  515  163.34  140.70                  -40.30
   10   6586  65Q  66D C   N     521  523  -79.14  -96.50   54.79    2.31  -63.30  103.45   11.89
   10         66D  66D N   CA    523  524   62.24  114.20                  -40.00
   11   6587  66D  67N C   N     529  531 -140.94 -119.90   27.37    0.79  -63.20 -178.14   27.12
   11         67N  67N N   CA    531  532  154.49  137.00                  -41.10
   12   6589  68C  69R C   N     543  545 -143.40 -125.20   18.30    0.69  -63.00 -166.16   31.68
   12         69R  69R N   CA    545  546  142.52  140.60                  -41.10
   13   6590  69R  70A C   N     554  556 -155.08 -134.00   21.87    0.54  -62.50 -169.67   36.14
   13         70A  70A N   CA    556  557  152.81  147.00                  -40.90
   14   6591  70A  71A C   N     559  561 -142.31 -134.00    8.38    0.32  -62.50 -169.32   35.53
   14         71A  71A N   CA    561  562  145.93  147.00                  -40.90
   15   6592  71A  72N C   N     564  566 -145.31 -119.90   28.64    0.88  -63.20 -172.38   28.08
   15         72N  72N N   CA    566  567  150.20  137.00                  -41.10
   16   6593  72N  73F C   N     572  574 -139.58 -124.20   16.86    0.47  -63.20 -177.71   30.26
   16         73F  73F N   CA    574  575  150.19  143.30                  -44.30
   17   6594  73F  74R C   N     583  585 -154.50 -125.20   49.59    1.64  -63.00  165.83   28.47
   17         74R  74R N   CA    585  586 -179.40  140.60                  -41.10
   18   6595  74R  75E C   N     594  596  106.49 -117.80  136.09    4.74  -63.60 -117.62   28.86
   18         75E  75E N   CA    596  597  147.03  136.80                  -40.30
   19   6598  77L  78N C   N     615  617   86.02 -119.90  166.05    5.38  -63.20 -168.52   22.18
   19         78N  78N N   CA    617  618 -161.09  137.00                  -41.10
   20   6610  89L  90N C   N     711  713  -87.81  -63.20   83.42    9.30  -63.20   83.42    9.30
   20         90N  90N N   CA    713  714   38.61  -41.10                  -41.10
   21   6664 143W 144A C   N    1159 1161  105.03 -134.00  125.36    3.09  -62.50 -142.15   34.41
   21        144A 144A N   CA   1161 1162  179.84  147.00                  -40.90
   22   6665 144A 145L C   N    1164 1166 -145.65 -108.50   38.04    1.91  -63.50 -175.21   22.65
   22        145L 145L N   CA   1166 1167  124.33  132.50                  -41.20
   23   6666 145L 146N C   N    1172 1174 -154.75 -119.90   34.87    1.41  -63.20 -158.58   21.71
   23        146N 146N N   CA   1174 1175  138.31  137.00                  -41.10
   24   6668 147P 148S C   N    1187 1189 -146.80 -136.60   13.33    0.73  -64.10 -164.08   12.33
   24        148S 148S N   CA   1189 1190  142.61  151.20                  -35.00
   25   6669 148S 149Q C   N    1193 1195 -146.50 -121.10   25.54    0.91  -63.80 -164.29   33.10
   25        149Q 149Q N   CA   1195 1196  142.32  139.70                  -40.30
   26   6671 150C 151T C   N    1208 1210 -136.14 -124.80   11.84    0.53  -63.20 -174.08   28.63
   26        151T 151T N   CA   1210 1211  146.89  143.50                  -42.10
   27   6672 151T 152E C   N    1215 1217 -129.23 -117.80   11.50    0.39  -63.60 -169.89   22.46
   27        152E 152E N   CA   1217 1218  138.12  136.80                  -40.30
   28   6673 152E 153S C   N    1224 1226 -150.22 -136.60   16.84    0.52  -64.10 -174.85   19.60
   28        153S 153S N   CA   1226 1227  161.09  151.20                  -35.00
   29   6674 153S 154G C   N    1230 1232 -177.54 -167.20   33.18    1.36   82.20  167.81   12.41
   29        154G 154G N   CA   1232 1233  143.07  174.60                    8.50
   30   6675 154G 155Q C   N    1234 1236 -150.32 -121.10   37.46    1.17  -63.80  178.88   30.76
   30        155Q 155Q N   CA   1236 1237  163.14  139.70                  -40.30
   31   6676 155Q 156G C   N    1243 1245  164.55 -167.20   30.04    0.84   82.20  176.31   12.28
   31        156G 156G N   CA   1245 1246  164.40  174.60                    8.50
   32   6678 157I 158E C   N    1255 1257 -110.47 -117.80    7.58    0.24  -63.60 -178.67   21.95
   32        158E 158E N   CA   1257 1258  134.87  136.80                  -40.30
   33   6679 158E 159E C   N    1264 1266 -117.60 -117.80   15.46    0.78  -63.60  175.93   26.51
   33        159E 159E N   CA   1266 1267  152.26  136.80                  -40.30
   34   6680 159E 160A C   N    1273 1275  -72.21  -68.20   47.36    3.96  -62.50  139.35   22.38
   34        160A 160A N   CA   1275 1276   98.11  145.30                  -40.90
   35   6681 160A 161T C   N    1278 1280 -166.44 -124.80   44.01    1.93  -63.20 -169.46   30.97
   35        161T 161T N   CA   1280 1281  157.76  143.50                  -42.10
   36   6682 161T 162G C   N    1285 1287   62.50   78.70   16.77    0.72   82.20  171.43    9.30
   36        162G 162G N   CA   1287 1288 -161.79 -166.10                    8.50
   37   6683 162G 163L C   N    1289 1291 -124.93 -108.50   18.42    0.81  -63.50 -171.74   29.94
   37        163L 163L N   CA   1291 1292  140.84  132.50                  -41.20
   38   6685 164P 165Q C   N    1304 1306 -126.68 -121.10   17.81    0.74  -63.80  174.79   29.03
   38        165Q 165Q N   CA   1306 1307  156.61  139.70                  -40.30
   39   6686 165Q 166T C   N    1313 1315 -130.03 -124.80   16.67    0.57  -63.20  172.08   26.46
   39        166T 166T N   CA   1315 1316  159.33  143.50                  -42.10
   40   6690 169C 170Y C   N    1340 1342 -135.77 -124.30   28.40    1.13  -63.50  171.21   30.73
   40        170Y 170Y N   CA   1342 1343  161.38  135.40                  -43.40
   41   6691 170Y 171N C   N    1352 1354 -126.16 -119.90   12.22    0.40  -63.20 -177.39   26.41
   41        171N 171N N   CA   1354 1355  147.49  137.00                  -41.10
   42   6693 172P 173D C   N    1367 1369  -92.25  -70.90   41.49    1.40  -63.30  137.22   18.79
   42        173D 173D N   CA   1369 1370 -174.13  150.30                  -40.00
   43   6694 173D 174Q C   N    1375 1377 -133.97 -121.10   39.62    1.63  -63.80  158.87   27.02
   43        174Q 174Q N   CA   1377 1378  177.17  139.70                  -40.30
   44   6699 178E 179N C   N    1415 1417 -139.94 -119.90   29.89    1.62  -63.20  173.78   18.76
   44        179N 179N N   CA   1417 1418  114.82  137.00                  -41.10
   45   6702 181P 182L C   N    1436 1438  -86.44 -108.50  143.54    7.51  -70.70  151.75   12.11
   45        182L 182L N   CA   1438 1439   -9.33  132.50                  141.60
   46   6703 182L 183M C   N    1444 1446  -91.73  -73.00   50.73    3.76   56.30  160.12   23.07
   46        183M 183M N   CA   1446 1447   95.85  143.00                   34.80
   47   6717 196D 197N C   N    1563 1565  153.64 -119.90   96.46    2.99  -63.20 -160.36   32.32
   47        197N 197N N   CA   1565 1566  179.76  137.00                  -41.10
   48   6721 200G 201F C   N    1587 1589  -33.45  -71.40   50.35    2.87   58.10  118.16    9.14
   48        201F 201F N   CA   1589 1590  107.61  140.70                   32.90
   49   6738 217K 218K C   N    1729 1731  -72.77  -70.20    9.71    0.76  -62.90  172.12   21.83
   49        218K 218K N   CA   1731 1732  131.03  140.40                  -40.80
   50   6739 218K 219K C   N    1738 1740 -125.67 -118.00   17.96    0.74  -62.90  175.47   26.54
   50        219K 219K N   CA   1740 1741  155.35  139.10                  -40.80
   51   6741 220G 221K C   N    1751 1753  -64.14  -70.20   23.08    1.81  -62.90  156.54   20.40
   51        221K 221K N   CA   1753 1754  162.67  140.40                  -40.80
   52   6742 221K 222D C   N    1760 1762  -59.13  -70.90   12.30    0.79  -63.30  173.35   21.15
   52        222D 222D N   CA   1762 1763  146.70  150.30                  -40.00
   53   6744 223G 224S C   N    1772 1774  -70.61  -72.40    5.45    0.38  -64.10  167.58   12.54
   53        224S 224S N   CA   1774 1775  157.54  152.40                  -35.00
   54   6746 225I 226L C   N    1786 1788  -73.72  -70.70    6.32    0.39  -63.50  171.96   24.47
   54        226L 226L N   CA   1788 1789  147.14  141.60                  -41.20


report______> Distribution of short non-bonded contacts:


DISTANCE1:  0.00 2.10 2.20 2.30 2.40 2.50 2.60 2.70 2.80 2.90 3.00 3.10 3.20 3.30 3.40
DISTANCE2:  2.10 2.20 2.30 2.40 2.50 2.60 2.70 2.80 2.90 3.00 3.10 3.20 3.30 3.40 3.50
FREQUENCY:     0    0    0    0    1   23  114  136  171  230  216  244  275  304  331


<< end of ENERGY.
openf___224_> Open           query.B99990002.pdb
wrpdb___568_> Residues, atoms, selected atoms:      263     2375     2375

>> Summary of successfully produced models:
Filename                          molpdf     DOPE score  DOPE-HR score    GA341 score
-------------------------------------------------------------------------------------
query.B99990001.pdb           2097.56299   -20090.93359   -16420.62695        1.00000
query.B99990002.pdb           1957.13660   -19911.95898   -16353.95605        1.00000

